tweet_id,text,language,type,bookmark_count,favorite_count,retweet_count,reply_count,view_count,created_at,client,hashtags,urls,media_type,media_urls,screen_name,engagement,text_clean,has_trump,pca_x,pca_y,tsne_x,tsne_y,umap_x,umap_y
1756029443653415315,The media have spent years gaslighting the public about Joe Biden's mental acuity. It's becoming more ridiculous every day. https://t.co/zBZNx8V2dc,en,Retweet,517,7133,1458,686,84971.0,2024-02-09 13:56:59,"<a href=""https://studio.twitter.com"" rel=""nofollow"">Twitter Media Studio</a>",,,video,https://video.twimg.com/amplify_video/1756028915695411200/vid/avc1/1280x720/gNffx6aB_-yfUFee.mp4?tag=14,joebiden,0.0839462875569311,the media have spent years gaslighting the public about joe bidens mental acuity its becoming more ridiculous every day,False,-0.0154141009374323,0.0029331506473504,29.770107,-62.543762,6.822202,2.9172688
1752006003099349308,"My friend and brother, Congressman @ClyburnSC06, has been in my corner since day one—and I am so grateful for his support. South Carolina, let’s do it again on February 3! https://t.co/P1VlgHXzT2",en,Tweet,95,17897,3941,3378,603992.0,2024-01-29 11:29:16,"<a href=""https://sproutsocial.com"" rel=""nofollow"">Sprout Social</a>",,,video,https://video.twimg.com/amplify_video/1752005938700005379/vid/avc1/1080x1920/u31tmMdi-9Tux5tJ.mp4?tag=16,joebiden,0.0296311871680419,my friend and brother congressman clyburnsc06 has been in my corner since day oneand i am so grateful for his support south carolina lets do it again on february 3,False,-0.1554830654548934,-0.049487448292819,19.880325,-76.62579,5.3126345,4.365068
1754974674369294629,"@BillClinton @BarackObama You guys know you can just call me next time, right?",en,Reply,66,5377,779,658,185582.0,2024-02-06 16:05:42,"<a href=""https://mobile.twitter.com"" rel=""nofollow"">Twitter Web App</a>",,,,,joebiden,0.0289737151232339,billclinton barackobama you guys know you can just call me next time right,False,-0.1831520643897074,-0.0793088960574713,8.152862,-20.297503,4.883859,5.070179
1687464771367366656,"Wishing my brother and friend, @BarackObama, a very happy birthday. https://t.co/BXAm9ybpLD",en,Tweet,501,259435,20257,9086,9047717.0,2023-08-04 10:05:27,"<a href=""https://sproutsocial.com"" rel=""nofollow"">Sprout Social</a>",,,photo,https://pbs.twimg.com/media/F2sUQ36XEAAfxc6.jpg,joebiden,0.0286740843021504,wishing my brother and friend barackobama a very happy birthday,False,-0.1571692975402812,-0.1989711176424264,8.661332,-18.850546,4.6791253,5.238588
1753070917188530403,"The UAW was the first outfit to endorse me when I ran for U.S. Senate in 1972. 

Here's the call last week when they told me I'd once again won the support of their hardworking union members. I won't forget it. https://t.co/J0NbVDtUVK",en,Tweet,207,23227,5301,3792,816738.0,2024-02-01 10:00:51,"<a href=""https://sproutsocial.com"" rel=""nofollow"">Sprout Social</a>",,,video,https://video.twimg.com/amplify_video/1753070789824225280/vid/avc1/1080x1920/_VflZAv2hOWr49gj.mp4?tag=16,joebiden,0.0284387404528747,the uaw was the first outfit to endorse me when i ran for us senate in 1972 heres the call last week when they told me id once again won the support of their hardworking union members i wont forget it,False,-0.0325636755477111,-0.0577736027500481,28.023323,-18.15624,7.5569263,7.572962
1750300020123771167,"I’m proud to have the UAW’s back, and I’m honored they have mine.

Thank you for choosing to stand with me. https://t.co/YKsevpcfQW",en,Tweet,203,44915,8596,6247,1608598.0,2024-01-24 18:30:18,"<a href=""https://sproutsocial.com"" rel=""nofollow"">Sprout Social</a>",,,video,https://video.twimg.com/amplify_video/1750299955883814912/vid/avc1/1080x1920/t13Y2VK_Yz2hSAD5.mp4?tag=16,joebiden,0.0279218300656845,im proud to have the uaws back and im honored they have minethank you for choosing to stand with me,False,-0.0723528788016948,-0.1226472882630961,27.509935,-17.547827,7.4881625,7.516925
1739307560962838642,"From our family to yours, we wish you a very merry Christmas. https://t.co/4KCvwTwCKh",en,Tweet,101,35249,3868,6013,1327546.0,2023-12-25 10:30:11,"<a href=""https://sproutsocial.com"" rel=""nofollow"">Sprout Social</a>",,,photo,https://pbs.twimg.com/media/GCNC_f0WYAAxJcj.jpg,joebiden,0.0265519989514487,from our family to yours we wish you a very merry christmas,False,-0.1842660010672639,-0.1412284889175636,-8.953203,-17.099682,4.3094563,6.1156607
1700506934577893530,"Ready for a productive day two in India, Mr. Prime Minister. https://t.co/9Ll9WPNeMs",en,Retweet,89,69700,7876,2263,2687110.0,2023-09-09 09:50:21,"<a href=""https://www.sprinklr.com"" rel=""nofollow"">The White House</a>",,,photo,https://pbs.twimg.com/media/F5lqCosWcAAHLt8.jpg,joebiden,0.025938647840989,ready for a productive day two in india mr prime minister,False,-0.0728368227420853,-0.2414421671495261,9.643908,-0.3016286,4.2150874,4.382845
1750321860456145321,"I stood in solidarity with UAW workers on the picket line as your president.

Donald Trump went to a non-union shop and attacked them.

We have a big fight ahead of us. https://t.co/CGiHMYb1xN",en,Tweet,90,25176,4691,5460,1010064.0,2024-01-24 19:57:05,"<a href=""https://sproutsocial.com"" rel=""nofollow"">Sprout Social</a>",,,photo,https://pbs.twimg.com/media/GEpkcHXXMAAcmLK.jpg,joebiden,0.0249251532576153,i stood in solidarity with uaw workers on the picket line as your presidentdonald trump went to a nonunion shop and attacked themwe have a big fight ahead of us,True,-0.0497924489059025,-0.0325016598676456,29.238293,-14.360388,7.5692973,7.4612255
1753163427135029699,"With the United Auto Workers behind me, I’m confident we’ll win this election. https://t.co/cSctygrGLs",en,Tweet,116,23268,4328,6001,938980.0,2024-02-01 16:08:27,"<a href=""https://sproutsocial.com"" rel=""nofollow"">Sprout Social</a>",,,video,https://video.twimg.com/amplify_video/1753163320608120832/vid/avc1/1080x1920/vEZR0GyekjmIwaZk.mp4?tag=16,joebiden,0.0247800805128969,with the united auto workers behind me im confident well win this election,False,0.0069292282434712,-0.109614171407284,27.590883,-17.195719,7.678276,7.527108
1754595799751680313,"Wall Street didn’t build the middle class.

Labor built the middle class.

And the middle class built America. https://t.co/MgyWEcFnE9",en,Tweet,167,39315,7461,10051,1659991.0,2024-02-05 15:00:12,"<a href=""https://sproutsocial.com"" rel=""nofollow"">Sprout Social</a>",,,photo,https://pbs.twimg.com/media/GFmTkHGXIAACOPW.jpg,joebiden,0.023683863346247,wall street didnt build the middle classlabor built the middle classand the middle class built america,False,0.1688867597679257,-0.1216247605025895,23.678629,-7.9402637,7.896269,7.0584116
1753514986691785195,We have the strongest economy in the whole damn world because of the UAW and organized labor. https://t.co/e8Ga4mugCZ,en,Tweet,151,26343,5322,6231,1122940.0,2024-02-02 15:25:26,"<a href=""https://sproutsocial.com"" rel=""nofollow"">Sprout Social</a>",,,video,https://video.twimg.com/amplify_video/1753514880634687488/vid/avc1/1080x1920/0KJUx4qceD6akpsV.mp4?tag=16,joebiden,0.023458955954904,we have the strongest economy in the whole damn world because of the uaw and organized labor,False,0.2214753022395399,-0.1725247214809166,29.196604,-4.8634686,8.164988,7.084325
1726386119665709170,"First Lady Rosalynn Carter walked her own path, inspiring a nation and the world along the way.

On behalf a grateful nation, we send our love to the entire Carter family and the countless people whose lives are better, fuller, and brighter because of Rosalynn Carter.",en,Retweet,140,46362,8599,2827,1982554.0,2023-11-19 18:45:00,"<a href=""https://www.sprinklr.com"" rel=""nofollow"">The White House</a>",,,,,joebiden,0.023384987243727,first lady rosalynn carter walked her own path inspiring a nation and the world along the wayon behalf a grateful nation we send our love to the entire carter family and the countless people whose lives are better fuller and brighter because of rosalynn carter,False,-0.1834944411036259,-0.1181419029033476,-15.5021925,-3.9575505,3.5874848,5.4353886
1754927946190454817,"Nevada, you’re the reason we will make Donald Trump a loser again. https://t.co/7QAXTy9ToF",en,Tweet,169,29971,5233,7665,1297939.0,2024-02-06 13:00:02,"<a href=""https://studio.twitter.com"" rel=""nofollow"">Twitter Media Studio</a>",,,video,https://video.twimg.com/amplify_video/1754653127326728192/vid/avc1/720x1280/66I4GMlybsGyuJyw.mp4?tag=14,joebiden,0.0230912238556665,nevada youre the reason we will make donald trump a loser again,True,-0.1118552480483843,0.0006948874300712,11.219544,-68.56278,5.8865438,3.3322792
1757789341588357559,"Jilly, you’re the love of my life and the life of my love.

Happy Valentine’s Day. https://t.co/5DLxpc0FVR",en,Tweet,495,95986,6689,6306,4276302.0,2024-02-14 10:30:11,"<a href=""https://sproutsocial.com"" rel=""nofollow"">Sprout Social</a>",,,photo,https://pbs.twimg.com/media/GGTsEt4X0AAJdI8.jpg,joebiden,0.0224460293028883,jilly youre the love of my life and the life of my lovehappy valentines day,False,-0.1694671657275419,-0.1243686315109428,-13.772796,-21.776665,4.3328676,6.012912
1750184533520007670,"Donald Trump is betting you won’t hold him responsible for taking away women’s freedoms to make their own health care decisions.

Let’s prove him wrong. https://t.co/hFtx26w0Y2",en,Tweet,154,28616,6778,11019,1277635.0,2024-01-24 10:51:24,"<a href=""https://sproutsocial.com"" rel=""nofollow"">Sprout Social</a>",,,video,https://video.twimg.com/amplify_video/1750184447972921344/vid/avc1/1080x1920/E3kUf7nn1DAhmDF6.mp4?tag=16,joebiden,0.022397633126832,donald trump is betting you wont hold him responsible for taking away womens freedoms to make their own health care decisionslets prove him wrong,True,-0.1219584833651196,0.2107402154828243,-11.593042,-79.560684,6.1895313,1.0519592
1749894086377513431,"My message to extreme MAGA Republicans: Stop playing politics with women’s lives.

This fight is not over. https://t.co/Ds9qFbwOBx",en,Tweet,210,34281,7730,15897,1535150.0,2024-01-23 15:37:16,"<a href=""https://sproutsocial.com"" rel=""nofollow"">Sprout Social</a>",,,video,https://video.twimg.com/amplify_video/1749894021516804096/vid/avc1/1080x1920/uAu-Alkn4bEnKuEE.mp4?tag=16,joebiden,0.0223307168680584,my message to extreme maga republicans stop playing politics with womens livesthis fight is not over,False,-0.2693614363022385,0.2530287594064053,-19.814302,-74.632164,6.011248,0.56296605
1744104456436711697,"Donald Trump's campaign is about him.

Our campaign is about America. https://t.co/63siwGOhQ7",en,Tweet,208,35163,7327,15413,1591706.0,2024-01-07 16:11:20,"<a href=""https://sproutsocial.com"" rel=""nofollow"">Sprout Social</a>",,,video,https://video.twimg.com/amplify_video/1744104371430768640/vid/avc1/1080x1080/8c06lmdysAfw_8w_.mp4?tag=16,joebiden,0.022091391249389,donald trumps caign is about himour caign is about america,True,-0.0695353601271393,-0.095601380564648,8.586644,-46.208794,5.8745327,3.5943902
1665018147261300736,"Happy Birthday, Jilly. https://t.co/zKcxbZBXE0",en,Retweet,146,102718,7275,6086,4771903.0,2023-06-03 11:30:35,"<a href=""https://www.sprinklr.com"" rel=""nofollow"">The White House</a>",,,photo,https://pbs.twimg.com/media/FxtVLciWcAAbZWx.jpg,joebiden,0.0215255842375672,happy birthday jilly,False,-0.1609930234827823,-0.139899043095737,-13.753352,-21.769745,4.5164657,5.937074
1743795836377858207,"We all know who Donald Trump is.

The question we have to answer is: Who are we? https://t.co/8H3FQcSD1a",en,Tweet,220,24546,6253,8640,1158896.0,2024-01-06 19:45:00,"<a href=""https://studio.twitter.com"" rel=""nofollow"">Twitter Media Studio</a>",,,video,https://video.twimg.com/amplify_video/1743791289374568448/vid/avc1/720x1280/639zycEAayl-qim4.mp4?tag=14,joebiden,0.0211805028233767,we all know who donald trump isthe question we have to answer is who are we,True,-0.1934330518449032,-0.0962915113536449,3.6272361,-47.706993,5.49321,3.068432
1741806481714876914,"Folks, Happy New Year! https://t.co/QUzdzULgPw",en,Retweet,224,60044,6754,11078,2855914.0,2024-01-01 08:00:01,"<a href=""https://www.sprinklr.com"" rel=""nofollow"">The White House</a>",,,photo,https://pbs.twimg.com/media/GCut6bDXsAApC2h.jpg,joebiden,0.0210244426127677,folks happy new year,False,-0.1304822356342863,-0.1348681131119627,-2.9739327,-22.038023,5.157366,5.7875643
1743675614152761436,"On the anniversary of January 6, I will say what Donald Trump won’t.

Political violence is never EVER acceptable in the United States. https://t.co/ouQ131tRUg",en,Tweet,208,29944,6346,10993,1446874.0,2024-01-06 11:47:16,"<a href=""https://sproutsocial.com"" rel=""nofollow"">Sprout Social</a>",,,video,https://video.twimg.com/amplify_video/1743675547417202688/vid/avc1/1080x1080/-L4H2VpBl8VgM4sh.mp4?tag=16,joebiden,0.020695651452718,on the anniversary of january 6 i will say what donald trump wontpolitical violence is never ever acceptable in the united states,True,-0.2946820468231236,0.0117454395897797,-5.0506983,-59.442158,4.8303614,2.2671998
1753572594471624907,"The folks at Regal Lounge in Columbia, South Carolina, are proving what my dad always said to be true: A job is about a lot more than a paycheck, it’s about your dignity.

Thanks for letting me stop by to meet the team. My only regret is I didn’t get a cut myself! https://t.co/jUvYbFJWGD",en,Tweet,113,15965,3341,3191,771662.0,2024-02-02 19:14:20,"<a href=""https://sproutsocial.com"" rel=""nofollow"">Sprout Social</a>",,,video,https://video.twimg.com/amplify_video/1753572509134307328/vid/avc1/1080x1920/pSFMXMckbyOWTxJ7.mp4?tag=16,joebiden,0.0206891099989373,the folks at regal lounge in columbia south carolina are proving what my dad always said to be true a job is about a lot more than a paycheck its about your dignitythanks for letting me stop by to meet the team my only regret is i didnt get a cut myself,False,0.0056371592708941,-0.1457177786227622,10.596479,-10.941733,5.2195735,4.9355335
1746917703510573428,"When people think about Dr. King, they think of his ministry and the movement, or most about the epic struggle for civil rights and voting rights. 

On this day of remembrance, we recognize that his mission was even deeper. It was moral.

We must commit ourselves to his path. https://t.co/9MOubgI1Kv",en,Tweet,133,30340,5767,7981,1474536.0,2024-01-15 10:30:11,"<a href=""https://sproutsocial.com"" rel=""nofollow"">Sprout Social</a>",,,photo,https://pbs.twimg.com/media/GD5MYF7WcAAgAqp.jpg,joebiden,0.020575964235529,when people think about dr king they think of his ministry and the movement or most about the epic struggle for civil rights and voting rights on this day of remembrance we recognize that his mission was even deeper it was moralwe must commit ourselves to his path,False,-0.2274944738408151,-0.0763290250839605,-35.513176,-24.376507,3.768782,2.785696
1745214205676949814,"Trump exhausted every legal avenue available to him to overturn the election, but the legal path just took him back to the truth: that I won the election—and he lost. https://t.co/2ORqAZq3K6",en,Tweet,391,57334,11004,26041,2805682.0,2024-01-10 17:41:05,"<a href=""https://sproutsocial.com"" rel=""nofollow"">Sprout Social</a>",,,photo,https://pbs.twimg.com/media/GDg_DeiW8AA5kNe.jpg,joebiden,0.0204349601986255,trump exhausted every legal avenue available to him to overturn the election but the legal path just took him back to the truth that i won the electionand he lost,True,-0.089162116712789,-0.0217896299714423,5.8963757,-61.42399,5.9610066,2.5823376
1727697920059646173,"From mine to yours – Happy Thanksgiving, America. https://t.co/7o2NhEvBUn",en,Retweet,157,55681,6561,7577,2745240.0,2023-11-23 09:37:37,"<a href=""https://www.sprinklr.com"" rel=""nofollow"">The White House</a>",,,photo,https://pbs.twimg.com/media/F_oEGQnWgAA5Ay6.jpg,joebiden,0.0202827439495271,from mine to yours  happy thanksgiving america,False,-0.1300640975752957,-0.201451363894945,-6.744522,-16.82311,4.3613753,5.9760146
1753880854571500012,"Supporting the UAW is the easiest thing I've ever done. 

I was raised on General Motors, and my dad managed a dealership. 

Plus, they built my ‘67 Corvette—my pride. https://t.co/LCKXjqOeN1",en,Tweet,103,17261,3146,2851,851168.0,2024-02-03 15:39:15,"<a href=""https://sproutsocial.com"" rel=""nofollow"">Sprout Social</a>",,,video,https://video.twimg.com/amplify_video/1753880790541180928/vid/avc1/1080x1080/gvdbFeEN-yGrCGPH.mp4?tag=16,joebiden,0.020279192826798,supporting the uaw is the easiest thing ive ever done i was raised on general motors and my dad managed a dealership plus they built my 67 corvettemy pride,False,0.0143027011084996,-0.0766363845683529,29.25979,-17.669611,7.5987673,7.760948
1755309231706628163,"Every single Republican in Congress voted against giving Medicare the power to negotiate lower prescription drug prices.

Thanks to my Inflation Reduction Act, we’re doing it anyway. https://t.co/ueG5Rbfgef",en,Tweet,383,41584,11748,8825,2079628.0,2024-02-07 14:15:07,"<a href=""https://sproutsocial.com"" rel=""nofollow"">Sprout Social</a>",,,photo,https://pbs.twimg.com/media/GFwcbT5W4AA8ZgP.jpg,joebiden,0.0199958838792322,every single republican in congress voted against giving medicare the power to negotiate lower prescription drug pricesthanks to my inflation reduction act were doing it anyway,False,0.1350017051308066,0.4278825760987799,-7.5103765,69.57272,10.245943,1.875833
1757445813276459507,"Ohio.
Kansas.
Kentucky.
Michigan.

Voters are showing up to protect reproductive rights. https://t.co/RqwZ26EyBm",en,Tweet,118,26533,5636,4882,1333987.0,2024-02-13 11:45:08,"<a href=""https://sproutsocial.com"" rel=""nofollow"">Sprout Social</a>",,,photo,https://pbs.twimg.com/media/GGOzov8WcAEJKTN.jpg,joebiden,0.0198899989280255,ohiokansaskentuckymichiganvoters are showing up to protect reproductive rights,False,-0.1203962809810109,0.1412286397282467,-18.28924,-65.073586,5.7814913,0.88776815
1751756815463764208,"It was great to be back with friends in South Carolina at the First in the Nation dinner this weekend. From the bottom of my heart, thank you for having me.

Let’s organize, mobilize, and get out the vote in the South Carolina primary on or before February 3. https://t.co/9xMYo6gKrg",en,Tweet,47,17573,3147,4353,888694.0,2024-01-28 18:59:05,"<a href=""https://sproutsocial.com"" rel=""nofollow"">Sprout Social</a>",,,photo,https://pbs.twimg.com/media/GE99hfTXUAAsRsO.jpg,joebiden,0.0197739604408266,it was great to be back with friends in south carolina at the first in the nation dinner this weekend from the bottom of my heart thank you for having melets organize mobilize and get out the vote in the south carolina primary on or before february 3,False,-0.1716376648105498,-0.1499301794461736,19.136494,-76.53868,5.3156886,4.370331
1724786965785034990,"Under my predecessor, “Infrastructure Week” became a punchline.

On my watch, we got it done. https://t.co/321tJ20wll",en,Tweet,230,36093,8967,8323,1835217.0,2023-11-15 08:50:32,"<a href=""https://sproutsocial.com"" rel=""nofollow"">Sprout Social</a>",,,video,https://video.twimg.com/amplify_video/1724786835115872256/vid/avc1/1080x1350/8LLNPN2RxE2ztvm8.mp4?tag=16,joebiden,0.0196668840796483,under my predecessor infrastructure week became a punchlineon my watch we got it done,False,0.1467726537786789,-0.1221268718573906,27.878016,14.555287,7.8643737,5.0258017
1704563590114562095,"While Donald Trump takes credit for killing Roe v. Wade and would sign a national abortion ban, we will always fight to protect a woman’s freedom to choose.",en,Tweet,116,61067,10008,5416,3113519.0,2023-09-20 14:30:03,"<a href=""https://sproutsocial.com"" rel=""nofollow"">Sprout Social</a>",,,,,joebiden,0.0196134984241303,while donald trump takes credit for killing roe v wade and would sign a national abortion ban we will always fight to protect a womans freedom to choose,True,-0.1527502076491608,0.2050091209314744,-16.761816,-76.08792,6.0358806,0.53800625
1749462029511876901,"On the 51st anniversary of the Supreme Court’s decision in Roe v. Wade, Trump and MAGA Republicans continue to push for a national abortion ban.

It’s dangerous, extreme, and out of touch.

I’ll continue to fight to protect a woman’s freedom to choose. https://t.co/5R5aqgig2y",en,Tweet,136,23324,5711,6182,1208571.0,2024-01-22 11:00:25,"<a href=""https://sproutsocial.com"" rel=""nofollow"">Sprout Social</a>",,,photo,https://pbs.twimg.com/media/GEdWbWxXwAEkPOX.png,joebiden,0.0192988248104579,on the 51st anniversary of the supreme courts decision in roe v wade trump and maga republicans continue to push for a national abortion banits dangerous extreme and out of touchill continue to fight to protect a womans freedom to choose,True,-0.2261349753570568,0.2942507202944837,-17.508678,-75.98426,5.9499393,0.52814096
1743416861851521041,"Whether democracy is still America’s sacred cause is the most urgent question of our time.

Today, on the eve of the January 6 insurrection, I addressed supporters about what's at stake for our democracy in this election. https://t.co/kfRd5d68CX",en,Tweet,88,19880,3665,6104,1040892.0,2024-01-05 18:39:05,"<a href=""https://sproutsocial.com"" rel=""nofollow"">Sprout Social</a>",,,photo,https://pbs.twimg.com/media/GDHcYTAWoAARhqz.jpg,joebiden,0.0190990035469578,whether democracy is still americas sacred cause is the most urgent question of our timetoday on the eve of the january 6 insurrection i addressed supporters about whats at stake for our democracy in this election,False,-0.2172474309212428,-0.025793804982589,2.463073,-55.313614,5.466526,2.8599305
1739030962170745259,"Jill and I hope you are able to spend time with your loved ones this holiday season. During this time, we’re also thinking of the brave women and men in uniform who defend our nation, many of them away from their families.

We wish you joy and happiness this Christmas Eve. https://t.co/Pqlf2ZfeTs",en,Tweet,92,26045,3645,6179,1367456.0,2023-12-24 16:11:05,"<a href=""https://sproutsocial.com"" rel=""nofollow"">Sprout Social</a>",,,photo,https://pbs.twimg.com/media/GCJHbVkXEAAESRO.jpg,joebiden,0.0190463166639365,jill and i hope you are able to spend time with your loved ones this holiday season during this time were also thinking of the brave women and men in uniform who defend our nation many of them away from their familieswe wish you joy and happiness this christmas eve,False,-0.2430315474723807,-0.16830680767946,-10.756916,-15.262317,3.9631994,5.9730244
1754663729608679613,"Nevada, your primary is tomorrow. We have to mobilize, organize, and vote to save our democracy.

Head to https://t.co/aAPd5ooUvJ to confirm your polling place. https://t.co/GP22saP5ZT",en,Tweet,64,16466,4138,3893,887465.0,2024-02-05 19:30:07,"<a href=""https://sproutsocial.com"" rel=""nofollow"">Sprout Social</a>",,http://IWillVote.com/NV,photo,https://pbs.twimg.com/media/GFnRWJwWQAAKFWY.jpg,joebiden,0.0185539711425239,nevada your primary is tomorrow we have to mobilize organize and vote to save our democracyhead to  to confirm your polling place,False,-0.1980403964520402,0.0037986279136771,11.442668,-72.03987,5.586734,3.6718974
1755093804195959189,"Thank you, Nevada! We're building a campaign that leaves no one behind. 

Let's keep up this momentum. https://t.co/GrXEqrKwhd",en,Tweet,90,22227,3582,4838,1201119.0,2024-02-06 23:59:05,"<a href=""https://sproutsocial.com"" rel=""nofollow"">Sprout Social</a>",,,photo,https://pbs.twimg.com/media/GFtYfzQWEAAg8O3.jpg,joebiden,0.0185052438601004,thank you nevada were building a caign that leaves no one behind lets keep up this momentum,False,-0.0448271725872231,-0.117512876902379,11.342155,-68.87272,5.7687526,3.628047
1758597239927103903,"Aleksey Navalny's courage will never be forgotten.
 
This tragedy – further proof of Putin's brutality – reminds us of the stakes of this moment.
 
Failure to support Ukraine against his vicious onslaught will never be forgotten. https://t.co/h1AM76BV8K",en,Retweet,519,56405,12014,8215,3048821.0,2024-02-16 16:00:29,"<a href=""https://www.sprinklr.com"" rel=""nofollow"">The White House</a>",,,video,https://video.twimg.com/amplify_video/1758597154879205377/vid/avc1/1080x1920/k87g4H05oBYqbYYe.mp4?tag=16,joebiden,0.0185005941641047,aleksey navalnys courage will never be forgotten this tragedy  further proof of putins brutality  reminds us of the stakes of this moment failure to support ukraine against his vicious onslaught will never be forgotten,False,-0.2832547006950284,-0.0252584606824864,-52.80203,19.416544,2.1797802,3.899079
1755261637567852888,"Eric, thank you for inviting me into your home and sharing with me the impact student loan forgiveness has had on you and your two sons.

Watch our full conversation: https://t.co/dNmaTyIo5j https://t.co/9wWsdEExYI",en,Tweet,199,19514,4176,3858,1066504.0,2024-02-07 11:06:00,"<a href=""https://studio.twitter.com"" rel=""nofollow"">Twitter Media Studio</a>",,http://joe.link/NCFamily,video,https://video.twimg.com/amplify_video/1755257802291847169/vid/avc1/720x1280/2MLpSJW2X0diWHLY.mp4?tag=14,joebiden,0.0182971653177109,eric thank you for inviting me into your home and sharing with me the impact student loan forgiveness has had on you and your two sonswatch our full conversation,False,-0.0375569966612127,-0.0795686474653265,9.606973,-12.760368,7.184289,-1.9910849
1715367377523626090,"Wishing Vice President @KamalaHarris a very happy birthday.

She’s bright and tough and has done a remarkable job leading on critical fights like protecting women’s freedoms and combating gun violence—and I’m so proud to have her by my side. https://t.co/kP0Dv9eqya",en,Tweet,58,29143,3487,4630,1594606.0,2023-10-20 10:00:27,"<a href=""https://sproutsocial.com"" rel=""nofollow"">Sprout Social</a>",,,photo,https://pbs.twimg.com/media/F841ha2XYAAmXrE.jpg,joebiden,0.0182759879242897,wishing vice president kamalaharris a very happy birthdayshes bright and tough and has done a remarkable job leading on critical fights like protecting womens freedoms and combating gun violenceand im so proud to have her by my side,False,-0.1743529807480261,-0.0992569876888363,-38.127075,-45.432625,4.7936654,1.4651351
1759988822513709212,"We’re here to deliver results for families, for communities, for the country.
 
That’s why I’ve kept my commitment to leave no one behind, to rebuild an economy from the middle out and the bottom up. https://t.co/gwf5SVCsgn",en,Tweet,26,7513,1621,2703,412529.0,2024-02-20 12:10:08,"<a href=""https://sproutsocial.com"" rel=""nofollow"">Sprout Social</a>",,,photo,https://pbs.twimg.com/media/GGy8fWPXIAECKc8.jpg,joebiden,0.0182120529708214,were here to deliver results for families for communities for the country thats why ive kept my commitment to leave no one behind to rebuild an economy from the middle out and the bottom up,False,0.2137911203607782,-0.1355277421450343,60.865574,9.5710125,9.409569,4.746311
1743431181704851767,"Donald Trump’s campaign is about him. 
Not America. 
Not you. 

@KamalaHarris’ and my campaign is about the future we’re going to build together. Join us: https://t.co/V9Mzpw8Sqy.",en,Tweet,138,34145,5422,11305,1901306.0,2024-01-05 19:35:59,"<a href=""https://mobile.twitter.com"" rel=""nofollow"">Twitter Web App</a>",,http://JoeBiden.com,,,joebiden,0.0179587083825538,donald trumps caign is about him not america not you kamalaharris and my caign is about the future were going to build together join us,True,-0.0902060922126981,-0.1202743484178032,8.687518,-46.233757,5.8921304,3.6434915
1752453887859061001,"The Democratic voters of South Carolina are the reason I’m president, Kamala Harris is a historic vice president, and Donald Trump is a defeated former president. 

Let’s do it again.",en,Tweet,114,34048,5390,9921,1904396.0,2024-01-30 17:09:00,"<a href=""https://sproutsocial.com"" rel=""nofollow"">Sprout Social</a>",,,,,joebiden,0.0178786344856847,the democratic voters of south carolina are the reason im president kamala harris is a historic vice president and donald trump is a defeated former president lets do it again,True,-0.0397750145377657,-0.0642181441365857,17.011591,-53.75569,5.6737137,3.7874796
1754611545558974857,"Navigating a cancer diagnosis, treatment, and survivorship takes hope and absolute courage.

Jill and I join the people of the United Kingdom in praying that His Majesty experiences a swift and full recovery.",en,Retweet,288,48272,4788,3447,2702211.0,2024-02-05 16:02:46,"<a href=""https://www.sprinklr.com"" rel=""nofollow"">The White House</a>",,,,,joebiden,0.0178638899775036,navigating a cancer diagnosis treatment and survivorship takes hope and absolute couragejill and i join the people of the united kingdom in praying that his majesty experiences a swift and full recovery,False,-0.2553389526280714,-0.1494672353262499,-12.454446,6.26627,3.2922566,5.8325677
1752051805632991520,"Fifteen years ago today, in a landmark victory in the fight for equal pay, the Lilly Ledbetter Fair Pay Act became the law of the land.

The first bill signed during the Obama-Biden administration, the law expanded important protections against pay discrimination and was named after Lilly in recognition of her long fight for equal pay.

Despite this progress, the fight for equal pay continues. Today, we are taking new actions to advance pay equity for the federal workforce and employees of federal contractors. These policies are good for workers, our economy, and for families.",en,Tweet,79,14032,2627,2628,797431.0,2024-01-29 14:31:16,"<a href=""https://mobile.twitter.com"" rel=""nofollow"">Twitter Web App</a>",,,photo,https://pbs.twimg.com/media/GFCFZYkXQAA0nVN.jpg,joebiden,0.017596506782405,fifteen years ago today in a landmark victory in the fight for equal pay the lilly ledbetter fair pay act became the law of the landthe first bill signed during the obamabiden administration the law expanded important protections against pay discrimination and was named after lilly in recognition of her long fight for equal paydespite this progress the fight for equal pay continues today we are taking new actions to advance pay equity for the federal workforce and employees of federal contractors these policies are good for workers our economy and for families,False,0.1236697206527413,0.0128178344429308,-41.576195,-57.835033,5.1025324,1.3380592
1745508403844157619,"This week, we hit a major milestone in lowering costs and ensuring all Americans have access to quality, affordable health care: a record-breaking 20 million Americans have enrolled in health care coverage through the Affordable Care Act marketplaces. https://t.co/5aUu8UQKah",en,Tweet,51,11370,2597,3374,646498.0,2024-01-11 13:10:08,"<a href=""https://sproutsocial.com"" rel=""nofollow"">Sprout Social</a>",,,photo,https://pbs.twimg.com/media/GDlKoDcWwAESeig.jpg,joebiden,0.0175870613675525,this week we hit a major milestone in lowering costs and ensuring all americans have access to quality affordable health care a recordbreaking 20 million americans have enrolled in health care coverage through the affordable care act marketplaces,False,0.158961719539532,0.0762014569206498,-26.37308,72.2757,10.630264,0.47220534
1746577967948415215,"I said we’d invest in all of America—and we are. 

We have more to do, but the results are clear: 

Over 14 million jobs, record economic growth, and the lowest inflation rate of any major economy in the world. https://t.co/csf8yMuCQF",en,Tweet,76,17378,3903,7595,989112.0,2024-01-14 12:00:12,"<a href=""https://sproutsocial.com"" rel=""nofollow"">Sprout Social</a>",,,photo,https://pbs.twimg.com/media/GD0XY4aWgAAaoEQ.jpg,joebiden,0.0175692944782795,i said wed invest in all of americaand we are we have more to do but the results are clear over 14 million jobs record economic growth and the lowest inflation rate of any major economy in the world,False,0.4139586963152202,-0.1745049627197717,66.694534,16.470852,9.861708,5.8039913
1708451695066235149,"President Jimmy Carter, you remain the spirit and the heart of the American people. It’s a great honor to know you and to have worked with you. 
 
Jill and I wish you a happy birthday. https://t.co/ZUVHjgOYvy",en,Retweet,293,60403,10403,3388,3443695.0,2023-10-01 08:00:00,"<a href=""https://www.sprinklr.com"" rel=""nofollow"">The White House</a>",,,video,https://video.twimg.com/amplify_video/1708327778683166720/vid/avc1/1080x1920/i2OxDVy6eKYjHN13.mp4?tag=16,joebiden,0.0175401712404844,president jimmy carter you remain the spirit and the heart of the american people its a great honor to know you and to have worked with you  jill and i wish you a happy birthday,False,-0.1375575224296475,-0.2164014247255363,-15.486256,-3.639724,3.833672,5.7283173
1743781241202069952,"In trying to rewrite the facts of January 6, Trump is trying to steal history in the same way he tried to steal the election. 

But we know the truth, because we saw it with our own eyes.

Trump’s mob wasn’t a peaceful protest. It was a violent assault.",en,Tweet,237,40370,8533,15380,2312697.0,2024-01-06 18:47:00,"<a href=""https://sproutsocial.com"" rel=""nofollow"">Sprout Social</a>",,,,,joebiden,0.0174558102509753,in trying to rewrite the facts of january 6 trump is trying to steal history in the same way he tried to steal the election but we know the truth because we saw it with our own eyestrumps mob wasnt a peaceful protest it was a violent assault,True,-0.160750563305886,0.0551457369249172,-4.6575212,-60.781147,5.157486,2.328634
1754163172850713052,"We’ve helped create millions of new jobs.

Passed historic legislation to rebuild our infrastructure, with 40,000 projects announced already.

Canceled over $130 billion in student loans for millions of borrowers.

We’re ready to keep it going. https://t.co/rn2dw3bPzJ",en,Tweet,129,30037,5852,12413,1721382.0,2024-02-04 10:21:05,"<a href=""https://sproutsocial.com"" rel=""nofollow"">Sprout Social</a>",,,photo,https://pbs.twimg.com/media/GFgKF7YXIAALU80.jpg,joebiden,0.0174493517417981,weve helped create millions of new jobspassed historic legislation to rebuild our infrastructure with 40000 projects announced alreadycanceled over 130 billion in student loans for millions of borrowerswere ready to keep it going,False,0.3294365996059697,-0.0797937521056009,67.213844,22.936827,8.74572,5.5107136
1748711093818520013,"Today marks three years since @KamalaHarris and I were sworn in, and we have spent every single day since fighting for hardworking Americans. 

From capping prescription drug costs and historic infrastructure investments to making health care more affordable and canceling over $130 billion in student debt, we're making enormous progress—and we’re ready to finish the job.",en,Tweet,197,38357,6750,14536,2201929.0,2024-01-20 09:16:28,"<a href=""https://mobile.twitter.com"" rel=""nofollow"">Twitter Web App</a>",,,photo,https://pbs.twimg.com/media/GESrJSvXAAAsbQS.jpg,joebiden,0.0174197260674617,today marks three years since kamalaharris and i were sworn in and we have spent every single day since fighting for hardworking americans from capping prescription drug costs and historic infrastructure investments to making health care more affordable and canceling over 130 billion in student debt were making enormous progressand were ready to finish the job,False,0.1418080005430152,-0.0212443852621992,21.015892,-49.991158,6.885763,3.4709973
1752079924024709347,"MAGA Republicans are trying to stop women in America from getting safe and effective medication that has been approved by the FDA for over 20 years, even in states where women's health care choices are still protected.

I won't let them.",en,Tweet,113,29527,5954,10325,1711297.0,2024-01-29 16:23:00,"<a href=""https://sproutsocial.com"" rel=""nofollow"">Sprout Social</a>",,,,,joebiden,0.0172541645313466,maga republicans are trying to stop women in america from getting safe and effective medication that has been approved by the fda for over 20 years even in states where womens health care choices are still protectedi wont let them,False,-0.1228829891243103,0.418967005455747,-18.86008,-72.643616,6.1015344,0.32781193
1754288245976838533,"We’ve made progress, but there is much more work to do to lower costs for American families. 

That’s why I’m taking action to bring down the price of insulin, prescription drugs, and energy and eliminating hidden junk fees companies use to rip you off. https://t.co/STzrJet6Qc",en,Tweet,47,14370,2716,4317,832902.0,2024-02-04 18:38:05,"<a href=""https://sproutsocial.com"" rel=""nofollow"">Sprout Social</a>",,,photo,https://pbs.twimg.com/media/GFh72IyWMAElKOI.jpg,joebiden,0.0172529301166283,weve made progress but there is much more work to do to lower costs for american families thats why im taking action to bring down the price of insulin prescription drugs and energy and eliminating hidden junk fees companies use to rip you off,False,0.1990669619001007,0.1678086690933267,-1.9992971,57.92853,10.843586,2.434644
1754945848771756226,You got it.,en,Tweet,1266,98875,21596,12649,5757457.0,2024-02-06 14:11:10,"<a href=""https://mobile.twitter.com"" rel=""nofollow"">Twitter Web App</a>",,,,,joebiden,0.0171733805393596,you got it,False,-0.081557516755846,-0.0680029260306236,51.645126,-45.005733,6.193772,5.9705935
1707526856004485551,"The former president called those who served our country “suckers” and “losers.”

Was John McCain a “sucker”? Was my son Beau?

His words are not only wrong, they’re un-American.",en,Tweet,246,75007,12109,8081,4398871.0,2023-09-28 18:45:01,"<a href=""https://sproutsocial.com"" rel=""nofollow"">Sprout Social</a>",,,,,joebiden,0.0170514206940826,the former president called those who served our country suckers and loserswas john mccain a sucker was my son beauhis words are not only wrong theyre unamerican,False,-0.1944960415028331,0.0362643556610958,-28.813728,17.997704,6.767744,2.066187
1753837047188517121,"South Carolina: Head out to the polls by 7pm today to make history again. 

https://t.co/NqNhRD4y7D https://t.co/GtDR72VSGp",en,Tweet,80,20224,4516,5584,1187551.0,2024-02-03 12:45:11,"<a href=""https://sproutsocial.com"" rel=""nofollow"">Sprout Social</a>",,http://IWillVote.com/SC,video,https://video.twimg.com/amplify_video/1753837003337043969/vid/avc1/720x1280/c_cI5kWYsXhwxTVp.mp4?tag=16,joebiden,0.017030005448187,south carolina head out to the polls by 7pm today to make history again,False,-0.1557839241995343,-0.038830447366749,14.575142,-76.33789,5.4168444,4.039463
1709293242389344534,"Thanks to the Inflation Reduction Act, instead of paying $400 a month for insulin, seniors on Medicare will only pay $35 a month.",en,Tweet,51,28607,5769,7097,1687846.0,2023-10-03 15:44:00,"<a href=""https://sproutsocial.com"" rel=""nofollow"">Sprout Social</a>",,,,,joebiden,0.0169488211602243,thanks to the inflation reduction act instead of paying 400 a month for insulin seniors on medicare will only pay 35 a month,False,0.1951915184858869,0.3463907122620892,-14.496729,81.62109,10.978715,1.402693
1725486559741272335,Last night I signed a bill preventing a government shutdown. It’s an important step but we have more to do. I urge Congress to address our national security and domestic needs — and House Republicans to stop wasting time on extreme bills and honor our bipartisan budget agreement. https://t.co/6Ja5jW4YPR,en,Retweet,151,37357,7165,9265,2219146.0,2023-11-17 07:10:28,"<a href=""https://www.sprinklr.com"" rel=""nofollow"">The White House</a>",,,photo,https://pbs.twimg.com/media/F_Io4aGXIAE54sQ.jpg,joebiden,0.0168339532414721,last night i signed a bill preventing a government shutdown its an important step but we have more to do i urge congress to address our national security and domestic needs  and house republicans to stop wasting time on extreme bills and honor our bipartisan budget agreement,False,-0.0415995886547403,0.1784066360591528,-46.027344,38.315845,8.040611,0.514575
1743716816847884615,"Trump said there was “a lot of love” on January 6th. 

But the rest of the nation—including law enforcement—saw a lot of hate and violence.",en,Tweet,101,29062,4665,6551,1728365.0,2024-01-06 14:31:00,"<a href=""https://sproutsocial.com"" rel=""nofollow"">Sprout Social</a>",,,,,joebiden,0.016814735313432,trump said there was a lot of love on january 6th but the rest of the nationincluding law enforcementsaw a lot of hate and violence,True,-0.1561517461999574,-0.0620545447780769,-4.7860723,-61.565792,5.150493,2.3317814
1758242868907454726,"I had the chance to meet with Amanda, a woman who nearly lost her life due to Texas' abortion ban.

What she went through was barbaric—and it's Donald Trump's fault. https://t.co/MI0jujimrN",en,Tweet,369,36314,9567,6074,2163752.0,2024-02-15 16:32:21,"<a href=""https://sproutsocial.com"" rel=""nofollow"">Sprout Social</a>",,,video,https://video.twimg.com/amplify_video/1758242783385530368/vid/avc1/1080x1920/5mxLkDb8ZRdwoLBP.mp4?tag=16,joebiden,0.016782884544994,i had the chance to meet with amanda a woman who nearly lost her life due to texas abortion banwhat she went through was barbaricand its donald trumps fault,True,-0.2295310953328466,0.1708322843089605,-15.58828,-83.20213,6.522193,0.56929857
1739958754219631031,"What happened in 1970? 

Nixon signed the 1970 LRA, opening Congress to lobbyists.

https://t.co/8Hgzzo1mSL https://t.co/7eCprhjBUU",en,Tweet,714,13576,4007,432,813255.0,2023-12-27 05:37:48,"<a href=""https://help.twitter.com/en/using-twitter/how-to-tweet#source-labels"" rel=""nofollow"">simpleads-ui</a>",,https://congressionalresearch.org/LRA.html,photo,https://pbs.twimg.com/media/GCWOpm1WAAAePQq.jpg,joebiden,0.0166934110457359,what happened in 1970 nixon signed the 1970 lra opening congress to lobbyists,False,-0.0520629281516591,0.1642679292192207,-44.663986,41.023,7.438082,1.122248
1753434626209525821,"Tomorrow is the South Carolina primary. 

South Carolina launched our campaign to victory in 2020, and they’ll do it again this year.

Find your polling location at https://t.co/NqNhRD4y7D. https://t.co/YM0eg9d7OS",en,Tweet,28,8189,2324,2194,494637.0,2024-02-02 10:06:06,"<a href=""https://sproutsocial.com"" rel=""nofollow"">Sprout Social</a>",,http://IWillVote.com/SC,photo,https://pbs.twimg.com/media/GFVze7fXAAAThZk.jpg,joebiden,0.0165555750985065,tomorrow is the south carolina primary south carolina launched our caign to victory in 2020 and theyll do it again this yearfind your polling location at,False,-0.1282660895153118,-0.1005655264036864,17.1963,-75.73799,5.471239,4.025852
1738007445937524792,"When Trump spoke at his Inauguration, he talked about “American carnage.”  
When I spoke at my Inauguration, I spoke about possibilities. 

I believe we are a hopeful and optimistic nation driven by a simple proposition: Everybody deserves a fair shot.",en,Tweet,115,27568,5281,12317,1668831.0,2023-12-21 20:24:00,"<a href=""https://sproutsocial.com"" rel=""nofollow"">Sprout Social</a>",,,,,joebiden,0.01651934797472,when trump spoke at his inauguration he talked about american carnage  when i spoke at my inauguration i spoke about possibilities i believe we are a hopeful and optimistic nation driven by a simple proposition everybody deserves a fair shot,True,-0.003817020388345,-0.1235422889254966,-8.235961,-33.953938,4.8691998,4.0164313
1689313592032600077,"Ohio voters rejected an effort by Republican lawmakers and special interests to change the state’s constitutional amendment process. 

This measure was a blatant attempt to weaken voters’ voices. Ohioans spoke loud and clear, and democracy won.",en,Tweet,29,20502,3058,2150,1254708.0,2023-08-09 12:32:00,"<a href=""https://sproutsocial.com"" rel=""nofollow"">Sprout Social</a>",,,,,joebiden,0.0163400568100307,ohio voters rejected an effort by republican lawmakers and special interests to change the states constitutional amendment process this measure was a blatant attempt to weaken voters voices ohioans spoke loud and clear and democracy won,False,-0.0594453270358006,0.2284404923364546,-17.074379,-64.46648,5.939244,2.0010433
1749576449571324189,"In his own words: Donald Trump is responsible for ending Roe v. Wade.

And if you vote for him, he’ll go even further. https://t.co/zeyCrZ0yGb",en,Tweet,477,49796,12991,17893,3050578.0,2024-01-22 18:35:05,"<a href=""https://sproutsocial.com"" rel=""nofollow"">Sprout Social</a>",,,photo,https://pbs.twimg.com/media/GEe-ffaWwAAegRy.jpg,joebiden,0.0163234639468323,in his own words donald trump is responsible for ending roe v wadeand if you vote for him hell go even further,True,-0.1268969357234455,0.1559126447184556,-11.849863,-82.84178,6.264879,0.9150559
1735112369863299463,"No woman should be forced to go to court or flee her home state just to receive the health care she needs. But that is exactly what happened in Texas thanks to Republican elected officials, and it is simply outrageous. 

This should never happen in America. Period.",en,Tweet,104,21798,4724,5938,1342297.0,2023-12-13 20:40:00,"<a href=""https://sproutsocial.com"" rel=""nofollow"">Sprout Social</a>",,,,,joebiden,0.0162393270639806,no woman should be forced to go to court or flee her home state just to receive the health care she needs but that is exactly what happened in texas thanks to republican elected officials and it is simply outrageous this should never happen in america period,False,-0.2332884012537836,0.3066279120238924,-18.116468,-81.95329,6.423512,0.35523024
1745604093953941970,"When it comes to gun violence, we don’t have to “get over it.” 

We have to stop it. https://t.co/5buZhSMqe7",en,Tweet,243,33823,6936,11659,2116276.0,2024-01-11 19:30:22,"<a href=""https://sproutsocial.com"" rel=""nofollow"">Sprout Social</a>",,,video,https://video.twimg.com/amplify_video/1745604008264290304/vid/avc1/1080x1080/RghOBtoF3hmxiOJ5.mp4?tag=16,joebiden,0.015982319886442,when it comes to gun violence we dont have to get over it we have to stop it,False,-0.2682897433845094,0.0619464377933283,-60.499077,-45.58785,3.2868338,0.85194117
1750610854037356762,The UAW makes sure the auto future of the world will be made in America. https://t.co/JSSnPpxX0V,en,Tweet,84,12608,2667,5155,797234.0,2024-01-25 15:05:27,"<a href=""https://sproutsocial.com"" rel=""nofollow"">Sprout Social</a>",,,video,https://video.twimg.com/amplify_video/1750610747741151232/vid/avc1/1080x1920/opOnK5ukKlIMbnQ0.mp4?tag=16,joebiden,0.015814679253519,the uaw makes sure the auto future of the world will be made in america,False,0.0892346398628334,-0.1170023921470123,31.20439,-4.5026417,8.336074,7.307007
1726274909519712352,"For too long, women have been underrepresented when it comes to health research and the money spent on that research. We’re changing that.

We announced the first-ever White House Initiative on Women’s Health Research, changing how we approach and fund women’s health research. https://t.co/0Js8KBupt9",en,Tweet,77,18564,4707,5100,1181317.0,2023-11-19 11:23:05,"<a href=""https://sproutsocial.com"" rel=""nofollow"">Sprout Social</a>",,,photo,https://pbs.twimg.com/media/F_T13WXXsAAlWql.jpg,joebiden,0.0157146642264523,for too long women have been underrepresented when it comes to health research and the money spent on that research were changing thatwe announced the firstever white house initiative on womens health research changing how we approach and fund womens health research,False,-0.0016363966478195,0.0569294880149771,-34.79079,-57.03952,4.8626895,0.82714814
1704987891745575339,"Glad to have you back, Mr. President and Mrs. Zelenska. https://t.co/TaRaLkiL8w",en,Retweet,114,39564,3641,3590,2535779.0,2023-09-21 18:36:05,"<a href=""https://www.sprinklr.com"" rel=""nofollow"">The White House</a>",,,photo,https://pbs.twimg.com/media/F6lVcxrW0AAnElZ.jpg,joebiden,0.0156023060369219,glad to have you back mr president and mrs zelenska,False,-0.1351725919282427,-0.2645816191435928,9.523569,-3.4933605,3.7148619,4.8147206
1737923685397254394,It's time! https://t.co/8TOSAx2aAw,en,Retweet,1096,57000,10558,7006,3672621.0,2023-12-21 14:51:10,"<a href=""https://www.sprinklr.com"" rel=""nofollow"">The White House</a>",,,video,https://video.twimg.com/amplify_video/1737923616614830080/vid/avc1/1080x1920/MAM3g99HGBbFFZbA.mp4?tag=16,joebiden,0.0155202510686509,its time,False,-0.1492059253602147,-0.1252750892659089,39.086803,-49.21506,6.078788,5.3579764
1705190336182562844,"Because thoughts and prayers are not enough.
 
@VP and I just created the first White House Office of Gun Violence Prevention.",en,Retweet,181,59373,9407,8200,3829779.0,2023-09-22 08:00:31,"<a href=""https://www.sprinklr.com"" rel=""nofollow"">The White House</a>",,,,,joebiden,0.0155029833314141,because thoughts and prayers are not enough vp and i just created the first white house office of gun violence prevention,False,-0.1800621579247109,0.0113961194545415,-48.620697,-40.84004,4.1095166,0.60167384
1745470711148261673,"They showed me the clip of Trump saying he wanted the economy to crash so he could gain politically. Says he doesn’t want to be Hoover. 

Here's the thing: He already is. He’s the first president since Hoover to lose jobs while in office. Some record. https://t.co/eP7RrVtgMQ",en,Tweet,1026,62941,17410,14664,4082896.0,2024-01-11 10:40:21,"<a href=""https://sproutsocial.com"" rel=""nofollow"">Sprout Social</a>",,,video,https://video.twimg.com/amplify_video/1745470625915793408/vid/avc1/1080x1920/4wyGvo3fy1jrUhvR.mp4?tag=16,joebiden,0.0154157735097832,they showed me the clip of trump saying he wanted the economy to crash so he could gain politically says he doesnt want to be hoover heres the thing he already is hes the first president since hoover to lose jobs while in office some record,True,0.1615124277021759,-0.045298429666601,89.27515,-3.9795222,10.578586,6.3465114
1753954442808836550,"South Carolina, thank you for everything. https://t.co/AaPEHljet9",en,Tweet,215,36807,6132,5500,2395014.0,2024-02-03 20:31:40,"<a href=""https://studio.twitter.com"" rel=""nofollow"">Twitter Media Studio</a>",,,video,https://video.twimg.com/amplify_video/1753954204207415296/vid/avc1/720x720/k3iZvq6ONr_pEGM2.mp4?tag=14,joebiden,0.0153681773885246,south carolina thank you for everything,False,-0.1741870038211305,-0.1140211960648158,17.831224,-77.734566,5.360778,4.2810507
1743444776312000749,"Trump lost:
—The popular vote by 7 million
—60 court cases
—In GOP-controlled states
—Before judges he appointed
—At the Supreme Court
—Recount after recount, in state after state

Yet he still doesn’t understand the basic truth: you can’t love your country ONLY when you win.",en,Tweet,1043,90658,15983,19703,5901785.0,2024-01-05 20:30:00,"<a href=""https://sproutsocial.com"" rel=""nofollow"">Sprout Social</a>",,,,,joebiden,0.0153611153235843,trump lostthe popular vote by 7 million60 court casesin gopcontrolled statesbefore judges he appointedat the supreme courtrecount after recount in state after stateyet he still doesnt understand the basic truth you cant love your country only when you win,True,-0.1197298880796313,0.0133185571295025,5.8429465,-61.285305,5.7767563,2.5559168
1744140357229486344,"Trump proudly posts on social media that the words that best describe his 2024 campaign are “revenge,” “power,” “dictatorship.”

There is no confusion about who Trump is and what he intends to do.",en,Tweet,352,49218,11237,12080,3216314.0,2024-01-07 18:34:00,"<a href=""https://sproutsocial.com"" rel=""nofollow"">Sprout Social</a>",,,,,joebiden,0.0153026103794592,trump proudly posts on social media that the words that best describe his 2024 caign are revenge power dictatorshipthere is no confusion about who trump is and what he intends to do,True,-0.1108863791724203,-0.0285142462674726,4.0165596,-42.357285,6.1395736,2.442083
1707570892622954558,"These are actual quotes from the MAGA movement:

“I am your retribution.” “Slitting throats"" of civil servants. “We must destroy the FBI.”

Did you ever think you’d hear leaders of a political party in the United States of America speak like that?",en,Tweet,257,45376,11177,8415,2969854.0,2023-09-28 21:40:00,"<a href=""https://sproutsocial.com"" rel=""nofollow"">Sprout Social</a>",,,,,joebiden,0.0152788655603945,these are actual quotes from the maga movementi am your retribution slitting throats of civil servants we must destroy the fbidid you ever think youd hear leaders of a political party in the united states of america speak like that,False,-0.160288750196137,0.0696114627759569,-12.783991,33.035873,6.6039414,1.8308471
1723081999315779719,"Folks, it’s official: We’re on the ballot in South Carolina. 

South Carolina launched our campaign to victory in 2020, and I know they’ll do it again. https://t.co/kmc98Qr3Ha",en,Tweet,51,17673,3741,5729,1166571.0,2023-11-10 15:55:36,"<a href=""https://sproutsocial.com"" rel=""nofollow"">Sprout Social</a>",,,video,https://video.twimg.com/amplify_video/1723081850736820225/vid/avc1/1080x1920/EB-bzMvaKYN9cGK6.mp4?tag=16,joebiden,0.0151495279755797,folks its official were on the ballot in south carolina south carolina launched our caign to victory in 2020 and i know theyll do it again,False,-0.0778640954908421,-0.0989883531116859,17.942379,-75.753845,5.477024,4.150338
1753083321859395768,"Black History matters.

This month, we celebrate the vast contributions of Black Americans to our country and recognize that Black history is American history and that Black culture, stories, and triumphs are at the core of who we are as a nation. https://t.co/uEnO0I38Ug",en,Tweet,107,14002,3288,7053,924980.0,2024-02-01 10:50:09,"<a href=""https://sproutsocial.com"" rel=""nofollow"">Sprout Social</a>",,,photo,https://pbs.twimg.com/media/GFQz-UAWQAAc5iU.jpg,joebiden,0.0151376245972885,black history mattersthis month we celebrate the vast contributions of black americans to our country and recognize that black history is american history and that black culture stories and triumphs are at the core of who we are as a nation,False,-0.0992529828272742,-0.1881056044528422,-29.17553,-25.022678,4.001002,3.0942538
1745915576717832615,"Yesterday’s report shows that we ended 2023 with inflation down nearly two-thirds from its peak and core inflation at its lowest level since May 2021. 

Despite what many forecasters predicted a year ago, inflation is down while growth and the job market have remained strong. https://t.co/wmxV21g04m",en,Tweet,42,13504,2918,5220,892117.0,2024-01-12 16:08:05,"<a href=""https://sproutsocial.com"" rel=""nofollow"">Sprout Social</a>",,,photo,https://pbs.twimg.com/media/GDq88pdXgAAEFI-.jpg,joebiden,0.0151370279907231,yesterdays report shows that we ended 2023 with inflation down nearly twothirds from its peak and core inflation at its lowest level since may 2021 despite what many forecasters predicted a year ago inflation is down while growth and the job market have remained strong,False,0.3612460762052034,-0.1140266695049492,86.46031,23.009895,12.109506,5.621599
1741861365785006532,"Happy New Year, everyone.

In 2024, we’re ready to keep delivering for the American people and fight back against MAGA extremism.

Let’s finish the job. https://t.co/NnSW2pYzOL",en,Tweet,164,38417,5207,14422,2542487.0,2024-01-01 11:38:06,"<a href=""https://sproutsocial.com"" rel=""nofollow"">Sprout Social</a>",,,photo,https://pbs.twimg.com/media/GCxVqgcW8AELzov.jpg,joebiden,0.0151100084287549,happy new year everyonein 2024 were ready to keep delivering for the american people and fight back against maga extremismlets finish the job,False,-0.0743440656891047,-0.0675110779496194,25.305515,-49.525112,6.2126846,3.7060797
1749161319519912355,"Because of Donald Trump, Dr. Austin Dennard was forced to flee Texas to get the heath care she needed to save her life. It’s simply outrageous. https://t.co/CcNc6wgN5p",en,Tweet,386,32079,10063,8562,2126333.0,2024-01-21 15:05:31,"<a href=""https://sproutsocial.com"" rel=""nofollow"">Sprout Social</a>",,,video,https://video.twimg.com/amplify_video/1749161192424120320/vid/avc1/1080x1080/VCdoXlcNjudItbC8.mp4?tag=16,joebiden,0.0150865363045205,because of donald trump dr austin dennard was forced to flee texas to get the heath care she needed to save her life its simply outrageous,True,-0.2065857511440079,0.2294594569820212,-17.313095,-82.68967,6.7218537,0.3753876
1693261822902542534,"Three years ago, I accepted the Democratic nomination for president. Since then, we’ve worked to grow our economy, rebuild our infrastructure, and passed some of the most significant legislation of our time.

We've gotten so much done, but we still have more work to do. https://t.co/xV9eztK47u",en,Tweet,171,30440,7561,10495,2020906.0,2023-08-20 10:00:52,"<a href=""https://sproutsocial.com"" rel=""nofollow"">Sprout Social</a>",,,video,https://video.twimg.com/amplify_video/1693261643793186816/vid/1080x1350/6724kCZXPWuyCfsm.mp4?tag=16,joebiden,0.0150625511527997,three years ago i accepted the democratic nomination for president since then weve worked to grow our economy rebuild our infrastructure and passed some of the most significant legislation of our timeweve gotten so much done but we still have more work to do,False,0.1674374791923676,-0.1199177905761577,21.761028,-50.56716,6.7684107,3.5860023
1692543124080369848,"Today, on the anniversary of the 19th Amendment, we celebrate the women who fought for the right to vote and continue to fight for that sacred right to vote and have that vote counted.
https://t.co/p86C5VMr0f",en,Tweet,69,18350,5005,3306,1219822.0,2023-08-18 10:25:01,"<a href=""https://sproutsocial.com"" rel=""nofollow"">Sprout Social</a>",,,video,https://video.twimg.com/amplify_video/1692533066068086784/vid/1080x1920/pJu6vGQXbGNEY50g.mp4?tag=16,joebiden,0.0150431784309514,today on the anniversary of the 19th amendment we celebrate the women who fought for the right to vote and continue to fight for that sacred right to vote and have that vote counted,False,-0.2292065963927546,-0.0005470413801227,8.666005,-75.5808,5.4901567,1.7738729
1749106868897640484,"When the leaders of Mother Emanuel AME asked to pray for me earlier this month, I was reminded of the kindness they have shown me, my family, and others for years. Nearly nine years ago, the congregation of Mother Emanuel AME invited a stranger into their church to pray with them. The word of God was pierced by bullets in hate and rage, propelled by not just gunpowder but by a poison that has, for too long, haunted this nation.

Two days after the service of Reverend Pinckney, my family worshiped with them to show our solidarity.

But my family also needed to be healed. We didn’t even realize how badly.

We had just buried my son, Beau, a veteran who was exposed and died because of the burn pits in Iraq for a year. We were in more pain than we knew.

We came to offer comfort, but my family received comfort from the congregation of Mother Emanuel.

As I listened in the pews, spent time with the families, visited Reverend Pinckney’s office, and visited the memorial for the victims outside, my family and I grew stronger.

We prayed together. We grieved together. We found hope together.

And now, it reminds me that, through our pain, each of us must find purpose.",en,Tweet,203,15474,3640,3154,1029038.0,2024-01-21 11:29:09,"<a href=""https://mobile.twitter.com"" rel=""nofollow"">Twitter Web App</a>",,,video,https://video.twimg.com/ext_tw_video/1749106285327335424/pu/vid/avc1/720x1280/7YrmWt4d98FbC1TP.mp4?tag=12,joebiden,0.0150373455596391,when the leaders of mother emanuel ame asked to pray for me earlier this month i was reminded of the kindness they have shown me my family and others for years nearly nine years ago the congregation of mother emanuel ame invited a stranger into their church to pray with them the word of god was pierced by bullets in hate and rage propelled by not just gunpowder but by a poison that has for too long haunted this nationtwo days after the service of reverend pinckney my family worshiped with them to show our solidaritybut my family also needed to be healed we didnt even realize how badlywe had just buried my son beau a veteran who was exposed and died because of the burn pits in iraq for a year we were in more pain than we knewwe came to offer comfort but my family received comfort from the congregation of mother emanuelas i listened in the pews spent time with the families visited reverend pinckneys office and visited the memorial for the victims outside my family and i grew strongerwe prayed together we grieved together we found hope togetherand now it reminds me that through our pain each of us must find purpose,False,-0.2997488968089267,-0.1138442412844594,-41.883793,-8.35963,3.0335803,2.19784
1753462579890884920,"Today, we learned the economy added over 350,000 jobs in January, continuing the strong growth from last year. 

This is great news for working families.

I won’t stop fighting to lower costs and build an economy from the middle out and bottom up. https://t.co/KJSR1qsxJj",en,Tweet,224,22156,5141,11245,1477080.0,2024-02-02 11:57:11,"<a href=""https://sproutsocial.com"" rel=""nofollow"">Sprout Social</a>",,,video,https://video.twimg.com/amplify_video/1753462535506800640/vid/avc1/1080x1920/BF_Fz2Lf0lUuVrpH.mp4?tag=16,joebiden,0.0149998645977198,today we learned the economy added over 350000 jobs in january continuing the strong growth from last year this is great news for working familiesi wont stop fighting to lower costs and build an economy from the middle out and bottom up,False,0.3695538731209898,-0.0949762038154655,75.27523,21.415272,11.085028,5.9306192
1722083054938652901,"Across the country tonight, democracy won and MAGA lost.

Voters vote. Polls don't. Now let's go win next year. Donate to join us:
https://t.co/MTqe9XyGm6",en,Tweet,221,57791,12171,10704,3872746.0,2023-11-07 21:46:09,"<a href=""https://sproutsocial.com"" rel=""nofollow"">Sprout Social</a>",,https://secure.actblue.com/donate/social-bfp-en-november-2023?refcode=social_20231107_jb_tw,,,joebiden,0.0149224865250651,across the country tonight democracy won and maga lostvoters vote polls dont now lets go win next year donate to join us,False,-0.0802177921940988,0.0156615024937182,12.28982,-59.39981,6.0849404,3.0202248
1749543462733525304,"Vice President @KamalaHarris is right. Reproductive freedom is on the ballot this year, and we have to continue showing up to protect it. 
https://t.co/aK40yaYiGG",en,Tweet,70,11827,2956,6541,801851.0,2024-01-22 16:24:01,"<a href=""https://sproutsocial.com"" rel=""nofollow"">Sprout Social</a>",,,video,https://video.twimg.com/amplify_video/1748071548399849472/vid/avc1/720x1280/03qaHNwPueU1C8jG.mp4?tag=14,joebiden,0.0147496230596457,vice president kamalaharris is right reproductive freedom is on the ballot this year and we have to continue showing up to protect it,False,-0.1842446718887259,0.0905180596006725,-25.991302,-69.1908,5.5341816,1.0998272
1655588473208811524,"As the proud husband of an educator, I've seen the selflessness and dedication of our teachers firsthand.

Teaching isn't just what @DrBiden does; it's who she is. During Teacher Appreciation Week, I'm honoring Jill and all teachers who work to inspire the next generation. https://t.co/eX0qXcMaYy",en,Tweet,32,17370,2610,2416,1177932.0,2023-05-08 11:00:26,"<a href=""https://sproutsocial.com"" rel=""nofollow"">Sprout Social</a>",,,photo,https://pbs.twimg.com/media/FvnU7O6XgAEOQ-w.jpg,joebiden,0.0147461822923564,as the proud husband of an educator ive seen the selflessness and dedication of our teachers firsthandteaching isnt just what drbiden does its who she is during teacher appreciation week im honoring jill and all teachers who work to inspire the next generation,False,-0.1173235256251564,-0.1747955226098318,-3.7502306,-5.695181,4.009572,5.222242
1753607007578247255,"The small business boom hasn’t been an accident—it’s a result of our strategy to support entrepreneurs, help small businesses access the resources they need to thrive, and promote competition to level the playing field. https://t.co/Y1UYJpeTjE",en,Tweet,67,11022,2434,3350,749734.0,2024-02-02 21:31:05,"<a href=""https://sproutsocial.com"" rel=""nofollow"">Sprout Social</a>",,,photo,https://pbs.twimg.com/media/GFYQQ2QWEAAg3lg.jpg,joebiden,0.0147012140305761,the small business boom hasnt been an accidentits a result of our strategy to support entrepreneurs help small businesses access the resources they need to thrive and promote competition to level the playing field,False,0.2578517862462043,-0.1283629741187027,69.05895,31.489046,10.42363,7.4657297
1733961809898492264,"May this holiday season bring you magic, wonder, and joy. https://t.co/cNTTzLVr0d",en,Tweet,112,24689,4418,7499,1687568.0,2023-12-10 16:28:05,"<a href=""https://sproutsocial.com"" rel=""nofollow"">Sprout Social</a>",,,photo,https://pbs.twimg.com/media/GBBFD2PXgAEoAWL.jpg,joebiden,0.0146299289865652,may this holiday season bring you magic wonder and joy,False,-0.1673057289656328,-0.1914361229976966,-9.861272,-18.275736,4.399654,6.2859907
1699511561868451870,"The last guy didn’t build a damn thing. 

We are. https://t.co/bQTS96YLuW",en,Tweet,373,80219,14923,20110,5484908.0,2023-09-06 15:55:06,"<a href=""https://sproutsocial.com"" rel=""nofollow"">Sprout Social</a>",,,photo,https://pbs.twimg.com/media/F5XgvfQWYAAQEGd.jpg,joebiden,0.0146254048381486,the last guy didnt build a damn thing we are,False,0.0713553182997733,-0.1497563837224239,53.857937,-22.2144,7.314758,5.141345
1695111316069916825,"Republicans, including the Speaker of the House, have repeatedly tried to repeal key parts of the Inflation Reduction Act. Now, they're taking credit for the billions of dollars in private investments and thousands of jobs coming into their states.

See you at the groundbreaking.",en,Tweet,106,33399,8241,5990,2289672.0,2023-08-25 12:30:06,"<a href=""https://sproutsocial.com"" rel=""nofollow"">Sprout Social</a>",,,,,joebiden,0.0145868054463696,republicans including the speaker of the house have repeatedly tried to repeal key parts of the inflation reduction act now theyre taking credit for the billions of dollars in private investments and thousands of jobs coming into their statessee you at the groundbreaking,False,0.2085288913825997,0.2133682484115405,3.2683802,45.809048,9.396048,2.2846518
1739043272280990035,"This Christmas Eve, my wish for you and your family is that you take a few moments of quiet reflection and find that stillness that's at the center of the Christmas story.

May you find peace in this silent night. And warmth from those surrounding you.",en,Retweet,184,35275,5124,7243,2428136.0,2023-12-24 17:00:00,"<a href=""https://www.sprinklr.com"" rel=""nofollow"">The White House</a>",,,,,joebiden,0.0145276047140687,this christmas eve my wish for you and your family is that you take a few moments of quiet reflection and find that stillness thats at the center of the christmas storymay you find peace in this silent night and warmth from those surrounding you,False,-0.2027540959450734,-0.1219732314152057,-10.046576,-17.483995,4.2035127,6.2326336
1750957277228470431,"Yesterday, we learned that the U.S. economy grew 3.1% over the past year while adding another 2.7 million jobs.

Core inflation has moved back down towards the pre-pandemic benchmark.

That’s good news for American families and workers, but our work is not done yet.",en,Tweet,96,21396,4230,7994,1481944.0,2024-01-26 14:02:00,"<a href=""https://sproutsocial.com"" rel=""nofollow"">Sprout Social</a>",,,,,joebiden,0.0144377925211748,yesterday we learned that the us economy grew 31 over the past year while adding another 27 million jobscore inflation has moved back down towards the prepandemic benchmarkthats good news for american families and workers but our work is not done yet,False,0.3758924162437818,-0.1695828247221606,76.25993,21.55764,11.548062,5.8718624
1651032618694000641,In this together. https://t.co/VJ65GZRnuP,en,Tweet,96,53643,5346,8399,3723456.0,2023-04-25 21:17:05,"<a href=""https://sproutsocial.com"" rel=""nofollow"">Sprout Social</a>",,,photo,https://pbs.twimg.com/media/FumlZmUX0AAhapW.jpg,joebiden,0.01440677692982,in this together,False,-0.097596651334376,-0.1829974417161513,-3.9016337,-34.646957,5.104599,4.4157286
1710438538439692718,"Some of the same Republicans in Congress who strongly opposed giving relief to students got hundreds of thousands of dollars of relief for themselves to keep their businesses open. 

I find this hypocrisy stunning.",en,Tweet,145,46596,11053,11732,3237389.0,2023-10-06 19:35:00,"<a href=""https://sproutsocial.com"" rel=""nofollow"">Sprout Social</a>",,,,,joebiden,0.0143930803496274,some of the same republicans in congress who strongly opposed giving relief to students got hundreds of thousands of dollars of relief for themselves to keep their businesses open i find this hypocrisy stunning,False,0.0071231445724418,0.2807137204572908,55.068962,59.965645,7.647142,-1.2360424
1744765499395694709,You can’t be pro-insurrectionist and pro-American. https://t.co/coyxkVCKfS,en,Tweet,158,26221,5224,13774,1823116.0,2024-01-09 11:58:05,"<a href=""https://sproutsocial.com"" rel=""nofollow"">Sprout Social</a>",,,photo,https://pbs.twimg.com/media/GDam9VZWoAAgzn_.jpg,joebiden,0.0143825187206957,you cant be proinsurrectionist and proamerican,False,-0.1737111197470404,0.0221199448092485,-6.9551673,-58.57709,5.1096044,2.2509606
1728839798515712431,"Today, 13 more hostages – including a fellow American – were released by Hamas under a deal brokered and sustained through intensive U.S. diplomacy. 

We continue to press that additional Americans be released. 

And we will not stop working until every hostage is returned. https://t.co/stRApNxMEE",en,Retweet,112,29866,5451,6255,2083965.0,2023-11-26 13:15:02,"<a href=""https://www.sprinklr.com"" rel=""nofollow"">The White House</a>",,,photo,https://pbs.twimg.com/media/F_4SoSyXoAADbJh.jpg,joebiden,0.014331334739307,today 13 more hostages  including a fellow american  were released by hamas under a deal brokered and sustained through intensive us diplomacy we continue to press that additional americans be released and we will not stop working until every hostage is returned,False,-0.1495287327569312,-0.1763351938661365,-88.83574,2.7351487,1.039112,5.44342
1707919461473202580,"Democracy means rule of the people. Not rule of monarchs, the monied, or the mighty. 

Regardless of party, that means respecting free and fair elections and accepting the outcome—win or lose.

You can't love your country only when you win. https://t.co/ga9LMbEVDf",en,Tweet,171,35538,6628,8141,2483347.0,2023-09-29 20:45:05,"<a href=""https://sproutsocial.com"" rel=""nofollow"">Sprout Social</a>",,,photo,https://pbs.twimg.com/media/F7O_rqNWMAA-Dzo.jpg,joebiden,0.0143105252709347,democracy means rule of the people not rule of monarchs the monied or the mighty regardless of party that means respecting free and fair elections and accepting the outcomewin or loseyou cant love your country only when you win,False,-0.1531339874862085,-0.015438966766674,5.1602936,-56.600903,5.466817,2.6008413
1729250243399622671,"Yesterday, 13 more hostages were released, including an American girl named Abigail, who just turned four years old. 

She spent that birthday—and at least 50 days—held hostage by Hamas.

We will not stop working until every hostage is returned to their loved ones.",en,Tweet,39,15556,2649,3158,1089893.0,2023-11-27 16:26:00,"<a href=""https://sproutsocial.com"" rel=""nofollow"">Sprout Social</a>",,,,,joebiden,0.0142729607401827,yesterday 13 more hostages were released including an american girl named abigail who just turned four years old she spent that birthdayand at least 50 daysheld hostage by hamaswe will not stop working until every hostage is returned to their loved ones,False,-0.2251951364487366,-0.1085395369354373,-89.232285,2.6809254,1.1160092,5.3416696
1690060579388489728,"It's been three years since I announced @KamalaHarris as my running mate. Since we've been in office, she has led on the fight for reproductive rights, voting rights, gun safety reform nationwide, and so much more. 

I couldn't have chosen a better friend and partner. https://t.co/fJCFuFW2sp",en,Tweet,48,30557,4283,5835,2146144.0,2023-08-11 14:00:16,"<a href=""https://sproutsocial.com"" rel=""nofollow"">Sprout Social</a>",,,photo,https://pbs.twimg.com/media/F3RNH4mWMAEUons.jpg,joebiden,0.0142380939955566,its been three years since i announced kamalaharris as my running mate since weve been in office she has led on the fight for reproductive rights voting rights gun safety reform nationwide and so much more i couldnt have chosen a better friend and partner,False,-0.1084658920579448,-0.0568586865046069,-37.071148,-45.775764,4.921321,1.627218
1752119456984072604,"I am calling on Congress to pass the Paycheck Fairness Act, increase pay transparency, and strengthen tools to fight sex-based pay discrimination. 

Women across the country deserve economic security.",en,Tweet,141,23689,4795,7963,1665670.0,2024-01-29 19:00:06,"<a href=""https://sproutsocial.com"" rel=""nofollow"">Sprout Social</a>",,,,,joebiden,0.01422190469901,i am calling on congress to pass the paycheck fairness act increase pay transparency and strengthen tools to fight sexbased pay discrimination women across the country deserve economic security,False,0.0596665996174407,0.1483187792583603,-41.55959,-57.870235,5.281615,0.7639998
1750286859618455823,"My predecessor says he wants to see the stock market crash. 

You know why? He doesn’t want to be the next Herbert Hoover.

But he already is. He’s the only other president who lost jobs during his term.",en,Tweet,160,26917,4570,10084,1900488.0,2024-01-24 17:38:00,"<a href=""https://sproutsocial.com"" rel=""nofollow"">Sprout Social</a>",,,,,joebiden,0.0141632043980282,my predecessor says he wants to see the stock market crash you know why he doesnt want to be the next herbert hooverbut he already is hes the only other president who lost jobs during his term,False,0.1282438995899286,0.0011969311651,89.13958,-3.7780743,10.536139,6.4408445
1704178599304007976,"As the late Representative John Lewis would say, “Democracy is not a state; it is an act.”

I will do everything in my power to protect the right to vote and ensure that every American has a free and fair opportunity to exercise this fundamental liberty.",en,Tweet,48,19584,3676,3580,1383335.0,2023-09-19 13:00:14,"<a href=""https://sproutsocial.com"" rel=""nofollow"">Sprout Social</a>",,,,,joebiden,0.0141570913769983,as the late representative john lewis would say democracy is not a state it is an acti will do everything in my power to protect the right to vote and ensure that every american has a free and fair opportunity to exercise this fundamental liberty,False,-0.2157445849773956,0.1135519300012397,-2.4696956,-51.49395,5.2379317,2.603505
1671869402575192065,"Welcome to the White House, Mr. Prime Minister. https://t.co/s21bVNqcGp",en,Retweet,401,166724,15356,6231,11803779.0,2023-06-22 09:15:02,"<a href=""https://www.sprinklr.com"" rel=""nofollow"">The White House</a>",,,photo,https://pbs.twimg.com/media/FzOsW8iXoAU8evr.jpg,joebiden,0.014124629070063,welcome to the white house mr prime minister,False,-0.1223115767460368,-0.2766405228292505,8.925349,-2.091786,4.037335,4.8114433
1740785659734860251,"Together, we've shown the world the power of American possibilities.

And we're not finished yet. https://t.co/3ewMa8GQAl",en,Retweet,186,22277,4878,13889,1578653.0,2023-12-29 12:23:38,"<a href=""https://www.sprinklr.com"" rel=""nofollow"">The White House</a>",,,video,https://video.twimg.com/amplify_video/1740785557569978368/vid/avc1/1080x1920/xFL7OarAnYmLpPFx.mp4?tag=16,joebiden,0.0141113975015408,together weve shown the world the power of american possibilitiesand were not finished yet,False,-0.0210565187808348,-0.2634124442524578,-9.948865,-38.482216,4.6847973,3.8271196
1709218754570154153,"I strongly urge my Republican friends in Congress not to wait and pass a yearlong budget agreement.

Don't waste time like you did all summer. 

We have the strongest economy in the world today. Let's act like it.",en,Tweet,71,28358,5576,12386,2016253.0,2023-10-03 10:48:01,"<a href=""https://sproutsocial.com"" rel=""nofollow"">Sprout Social</a>",,,,,joebiden,0.0140647031895302,i strongly urge my republican friends in congress not to wait and pass a yearlong budget agreementdont waste time like you did all summer we have the strongest economy in the world today lets act like it,False,0.0638520321568615,0.1126755626955805,-46.13284,35.74415,8.200293,0.48021555
1708957554951463029,"Today, we celebrated the Americans with Disabilities Act and our commitment to building an America for all. For more than 61 million Americans with disabilities, this law is a source of opportunity, inclusion, respect, and dignity. https://t.co/MtKGTGhc9F",en,Tweet,37,11456,2165,1402,816800.0,2023-10-02 17:30:06,"<a href=""https://sproutsocial.com"" rel=""nofollow"">Sprout Social</a>",,,photo,https://pbs.twimg.com/media/F7dv0pSWgAEJKTw.jpg,joebiden,0.0140254652301665,today we celebrated the americans with disabilities act and our commitment to building an america for all for more than 61 million americans with disabilities this law is a source of opportunity inclusion respect and dignity,False,-0.0332323426880432,-0.1196392075180308,-32.38308,-33.813824,4.1052046,2.9429653
1698082860467445775,"Today, Jill and I spent time with first responders and with families whose lives have been upended by Hurricane Idalia.

But through it all, we saw neighbors helping neighbors with determination and optimism.

That's America. https://t.co/vpmzewTpOg",en,Retweet,44,20405,3438,2000,1456887.0,2023-09-02 17:17:57,"<a href=""https://www.sprinklr.com"" rel=""nofollow"">The White House</a>",,,photo,"https://pbs.twimg.com/media/F5DNWVkXoAAmBpg.jpg,https://pbs.twimg.com/media/F5DNWtPXYAArpXA.jpg,https://pbs.twimg.com/media/F5DNXDEXMAAuRCH.jpg",joebiden,0.0140058906421706,today jill and i spent time with first responders and with families whose lives have been upended by hurricane idaliabut through it all we saw neighbors helping neighbors with determination and optimismthats america,False,-0.1392199956217748,-0.2064181234164195,-10.266012,12.981933,3.28125,6.1231337
1735344302723666019,"Legal and medical chaos, as we are witnessing in states like Texas, Kentucky, and Arizona, is a direct result of Roe v. Wade being overturned. 

As we predicted would happen, women’s health and lives now hang in the balance. 

The Vice President and I will continue to fight to protect access to reproductive health care and to urge Congress to restore the protections of Roe v. Wade.",en,Tweet,35,7769,2240,3335,554853.0,2023-12-14 12:01:37,"<a href=""https://mobile.twitter.com"" rel=""nofollow"">Twitter Web App</a>",,,photo,https://pbs.twimg.com/media/GBUqUQtWoAA9EUf.png,joebiden,0.0140019068113536,legal and medical chaos as we are witnessing in states like texas kentucky and arizona is a direct result of roe v wade being overturned as we predicted would happen womens health and lives now hang in the balance the vice president and i will continue to fight to protect access to reproductive health care and to urge congress to restore the protections of roe v wade,False,-0.1577290403096967,0.2834171272529577,-20.412863,-79.156525,5.761636,0.5367549
1701200460386816145,"September 11 is a day not only to remember, but a day of renewal and resolve for every American — in our devotion to this country, to the principles it embodies, to our democracy.
 
That is what we owe one another. 
 
And what we owe future generations of Americans to come. https://t.co/EeCYvo7Q0Q",en,Retweet,168,32441,7313,4007,2319343.0,2023-09-11 07:46:11,"<a href=""https://www.sprinklr.com"" rel=""nofollow"">The White House</a>",,,video,https://video.twimg.com/amplify_video/1701200346263990272/vid/avc1/720x1280/BL3jRKihrC68ft6s.mp4?tag=16,joebiden,0.0139871506715479,september 11 is a day not only to remember but a day of renewal and resolve for every american  in our devotion to this country to the principles it embodies to our democracy that is what we owe one another  and what we owe future generations of americans to come,False,-0.2161375460448008,-0.1717250542599764,-29.52917,-4.8565726,3.7296853,3.38277
1755000439316046152,We will continue our fight to protect women’s health care from MAGA Republican attacks. https://t.co/84tD3UNawm,en,Tweet,50,9143,1958,3229,654427.0,2024-02-06 17:48:05,"<a href=""https://sproutsocial.com"" rel=""nofollow"">Sprout Social</a>",,,photo,https://pbs.twimg.com/media/GFsDlPnXAAEpnjJ.jpg,joebiden,0.0139710005852448,we will continue our fight to protect womens health care from maga republican attacks,False,-0.2067005306968166,0.2784047108583385,-18.664476,-74.340775,5.8008995,0.65686786
1723332157416821156,"Today, we honor the story of our veterans – the story of our nation at its best.

On Veterans Day, let’s recommit to fulfilling our one sacred obligation as a nation: to prepare those we send into harm’s way and care for them and their families when they come home. https://t.co/tLDS4cbjyD",en,Retweet,125,24983,6353,7898,1796700.0,2023-11-11 08:29:38,"<a href=""http://twitter.com/download/iphone"" rel=""nofollow"">Twitter for iPhone</a>",,,video,https://video.twimg.com/amplify_video/1723331845847212032/vid/avc1/720x1280/6u3doLR3PS2HmtuK.mp4?tag=14,joebiden,0.0139049368286302,today we honor the story of our veterans  the story of our nation at its beston veterans day lets recommit to fulfilling our one sacred obligation as a nation to prepare those we send into harms way and care for them and their families when they come home,False,-0.1986310325325191,-0.1269091798165025,-28.497196,2.4332883,6.7488203,2.3250732
1688213864993763329,"Republicans in Congress have proposed three national abortion bans just this last year.  Make no mistake about it: If Congress were to pass a national ban, I will veto it. https://t.co/uxAKTsErRb",en,Tweet,45,25444,5070,4107,1832200.0,2023-08-06 11:42:05,"<a href=""https://sproutsocial.com"" rel=""nofollow"">Sprout Social</a>",,,photo,https://pbs.twimg.com/media/F229i-PWkAE2wPa.png,joebiden,0.0138871302259578,republicans in congress have proposed three national abortion bans just this last year  make no mistake about it if congress were to pass a national ban i will veto it,False,-0.1458139897036129,0.309595733570939,-38.092976,-74.08142,5.6606674,0.07951459
1694558222294691847,"A bunch of Republicans on stage. One united, MAGA ideology. https://t.co/oqVlZewCQk",en,Tweet,620,50967,14412,8594,3672154.0,2023-08-23 23:52:18,"<a href=""https://sproutsocial.com"" rel=""nofollow"">Sprout Social</a>",,,video,https://video.twimg.com/amplify_video/1694558147958956032/vid/1080x1350/NHrGlBHcKsylC6pb.mp4?tag=16,joebiden,0.0138793198760182,a bunch of republicans on stage one united maga ideology,False,-0.1169356225277544,0.0571762365916721,-11.352759,36.11263,6.729896,2.778249
1725286877991714904,"I’m fighting every day to continue lowering costs for hardworking families so they have more breathing room.

Instead of joining me, Congressional Republicans are fighting to slash taxes for the wealthy and big corporations while standing with Big Pharma.

I won’t let them.",en,Tweet,62,17529,3850,9427,1266073.0,2023-11-16 17:57:00,"<a href=""https://sproutsocial.com"" rel=""nofollow"">Sprout Social</a>",,,,,joebiden,0.0138451732246086,im fighting every day to continue lowering costs for hardworking families so they have more breathing roominstead of joining me congressional republicans are fighting to slash taxes for the wealthy and big corporations while standing with big pharmai wont let them,False,0.1261141283294789,0.3762118265353826,-7.208939,56.53514,9.943766,1.9319042
1743730428421312580,"I said Donald Trump is willing to sacrifice our democracy to put himself in power.

I wasn’t exaggerating. https://t.co/pJTU6uTPXJ",en,Tweet,462,44230,10328,15972,3223381.0,2024-01-06 15:25:05,"<a href=""https://sproutsocial.com"" rel=""nofollow"">Sprout Social</a>",,,photo,https://pbs.twimg.com/media/GDL5kRQWgAA4r_C.jpg,joebiden,0.0137216171467164,i said donald trump is willing to sacrifice our democracy to put himself in poweri wasnt exaggerating,True,-0.152109515191922,0.079899143180921,0.44925553,-57.713238,5.8697214,2.4429765
1694546006606565399,"You know, my Dad used to say: “Don’t compare me to the Almighty. Compare me to the alternative.” 

So, tonight, compare me to the alternative. And then donate: https://t.co/BUtSll0SI5",en,Tweet,105,29331,6156,10979,2148275.0,2023-08-23 23:03:45,"<a href=""https://sproutsocial.com"" rel=""nofollow"">Sprout Social</a>",,https://secure.actblue.com/donate/social-bfp-august-2023?refcode=social_20230823_jb_tw_1,,,joebiden,0.0136532799571749,you know my dad used to say dont compare me to the almighty compare me to the alternative so tonight compare me to the alternative and then donate,False,-0.097048882551313,-0.0259155897369438,14.142987,-36.883617,6.7143774,4.275488
1698473797530046591,"The former guy talked. 

We’re delivering. https://t.co/qoiugDrjQn",en,Tweet,239,34775,7520,7052,2550094.0,2023-09-03 19:11:24,"<a href=""https://sproutsocial.com"" rel=""nofollow"">Sprout Social</a>",,,video,https://video.twimg.com/amplify_video/1698473699236597760/vid/1080x1350/3DCGnEMFkFEYnpjA.mp4?tag=16,joebiden,0.0136367522138399,the former guy talked were delivering,False,0.0669345178536098,-0.1544463203269743,54.65402,-23.13349,7.0875397,5.1821103
1691147764778807317,"You’ve paid into Social Security and Medicare from the first paycheck you ever earned.  

MAGA Republicans want to cut both programs. I will protect them. https://t.co/pMI5QkrStb",en,Tweet,70,22814,6726,10094,1676260.0,2023-08-14 14:00:21,"<a href=""https://sproutsocial.com"" rel=""nofollow"">Sprout Social</a>",,,photo,https://pbs.twimg.com/media/F3gp6avWMAc3JR3.jpg,joebiden,0.0136100604918091,youve paid into social security and medicare from the first paycheck you ever earned  maga republicans want to cut both programs i will protect them,False,0.0522547584829985,0.2881049330798413,-21.721262,57.498222,9.311545,0.9331176
1717926796874711302,"When I exited that 10-hour train ride to meet President Zelenskyy in Ukraine, I didn't feel alone.

I was bringing with me the idea of America—the promise to the people fighting for the same things we fought for 250 years ago: freedom, independence, and self-determination. https://t.co/CPBu76LELI",en,Tweet,164,22336,4946,8537,1642054.0,2023-10-27 11:30:40,"<a href=""https://sproutsocial.com"" rel=""nofollow"">Sprout Social</a>",,,video,https://video.twimg.com/amplify_video/1717926648257949696/vid/avc1/1080x1920/5cc3XUMNUnbAxWDb.mp4?tag=16,joebiden,0.013602475923447,when i exited that 10hour train ride to meet president zelenskyy in ukraine i didnt feel alonei was bringing with me the idea of americathe promise to the people fighting for the same things we fought for 250 years ago freedom independence and selfdetermination,False,-0.157398743429775,-0.2181672069382825,-52.746796,15.211797,2.5984275,4.2450004
1744478129354105157,"The defeated former president is wrong: we don’t “have to get over it.”

We have to stop it. There’s no excuse for this carnage.",en,Tweet,516,61521,11286,13681,4538620.0,2024-01-08 16:56:11,"<a href=""https://mobile.twitter.com"" rel=""nofollow"">Twitter Web App</a>",,,,,joebiden,0.0135550012999546,the defeated former president is wrong we dont have to get over itwe have to stop it theres no excuse for this carnage,False,-0.2449632607683144,0.0832531739033365,-60.138157,-45.942505,3.42418,1.0929412
1698022437340819623,"A poet of paradise, Jimmy Buffett was an American music icon who inspired generations to step back and find the joy in life and in one another.

We had the honor to meet and get to know Jimmy over the years, and he was in life as he was performing on stage – full of goodwill and joy, using his gift to bring people together.

Jill and I send our love to his wife of 46 years, Jane; to their children, Savannah, Sarah, and Cameron; to their grandchildren; and to the millions of fans who will continue to love him even as his ship now sails for new shores.",en,Retweet,278,56519,6780,2037,4205415.0,2023-09-02 13:17:51,"<a href=""https://mobile.twitter.com"" rel=""nofollow"">Twitter Web App</a>",,,,,joebiden,0.0134395773068769,a poet of paradise jimmy buffett was an american music icon who inspired generations to step back and find the joy in life and in one anotherwehad the honor to meet and get to know jimmy over the years and he was in life as he was performing on stage  full of goodwill and joy using his gift to bring people togetherjill and i send our love to his wife of 46 years jane to their children savannah sarah and cameron to their grandchildren and to the millions of fans who will continue to love him even as his ship now sails for new shores,False,-0.1725674756249713,-0.1622561094860819,-15.575203,-2.6598964,3.5014048,5.7466702
1670446268215095298,"Every day I feel blessed to be a dad and pop.
 
From the Biden family to yours: Happy Father's Day, America. https://t.co/NgdsAOOD8g",en,Retweet,191,68975,5633,12930,5138627.0,2023-06-18 11:00:00,"<a href=""https://www.sprinklr.com"" rel=""nofollow"">The White House</a>",,,photo,https://pbs.twimg.com/media/Fy6McA7WcAEOLFh.jpg,joebiden,0.0134228462194278,every day i feel blessed to be a dad and pop from the biden family to yours happy fathers day america,False,-0.093774501004298,-0.2241856184057011,1.6250442,-11.477684,4.3676324,5.451832
1757479252037906665,"Extreme MAGA Republicans in Congress have blocked efforts to lower health care costs.

Trump is vowing to repeal the Affordable Care Act, ripping away health care from millions.

We will not go back.",en,Tweet,110,23936,5213,7217,1784777.0,2024-02-13 13:58:00,"<a href=""https://sproutsocial.com"" rel=""nofollow"">Sprout Social</a>",,,,,joebiden,0.0134111992702729,extreme maga republicans in congress have blocked efforts to lower health care coststrump is vowing to repeal the affordable care act ripping away health care from millionswe will not go back,True,-0.0095923994744782,0.4771999695136775,-16.309914,65.71148,9.643602,0.9720547
1699817981151265228,I’m proud to stand for democracy—and I won’t back down to dictators. https://t.co/NyQe6JJxhi,en,Tweet,282,31589,7692,8747,2355532.0,2023-09-07 12:12:42,"<a href=""https://sproutsocial.com"" rel=""nofollow"">Sprout Social</a>",,,video,https://video.twimg.com/amplify_video/1699817832983285760/vid/avc1/1080x1080/idS27YHvuic7119G.mp4?tag=16,joebiden,0.0134105586338882,im proud to stand for democracyand i wont back down to dictators,False,-0.2041067675404882,-0.0321946698341219,4.158156,-53.897514,5.1811695,2.8077276
1744035940794851761,"We will honor the sacred cause of democracy, not walk away from it. https://t.co/YqlFpCabpM",en,Tweet,204,33310,6485,18427,2492311.0,2024-01-07 11:39:05,"<a href=""https://sproutsocial.com"" rel=""nofollow"">Sprout Social</a>",,,photo,https://pbs.twimg.com/media/GDQPbb2XEAAlEWr.jpg,joebiden,0.0133651057191498,we will honor the sacred cause of democracy not walk away from it,False,-0.2022726669921391,-0.0676054370562252,3.3033519,-54.70019,5.0759764,2.7504086
1734718526563262866,"Legal and medical chaos in states like Texas is a direct result of Roe v. Wade being overturned.

Republican elected officials have imposed dangerous bans that jeopardize women’s health, force them to travel, and threaten doctors.

It's out-of-step with the majority of Americans.",en,Retweet,77,14677,4080,3253,1099462.0,2023-12-12 18:35:00,"<a href=""https://www.sprinklr.com"" rel=""nofollow"">The White House</a>",,,,,joebiden,0.0133492562726133,legal and medical chaos in states like texas is a direct result of roe v wade being overturnedrepublican elected officials have imposed dangerous bans that jeopardize womens health force them to travel and threaten doctorsits outofstep with the majority of americans,False,-0.1463121475666098,0.351697977237184,-19.66804,-79.622375,6.290823,0.4275822
1726010984291074169,I’m proud to be the most pro-union president in American history. https://t.co/z8mjhInL0C,en,Tweet,162,24539,4986,11349,1840763.0,2023-11-18 17:54:21,"<a href=""https://sproutsocial.com"" rel=""nofollow"">Sprout Social</a>",,,video,https://video.twimg.com/amplify_video/1726010898853015552/vid/avc1/1080x1920/RpPXrnIfZwF-avnY.mp4?tag=16,joebiden,0.0133308850732006,im proud to be the most prounion president in american history,False,0.1269815289425383,-0.1426290973405047,22.781328,-13.493631,7.510041,7.306229
1679213539905400848,It’s time for Congress to codify Roe v. Wade once and for all.,en,Tweet,65,39374,5744,7824,2954643.0,2023-07-12 15:38:00,"<a href=""https://sproutsocial.com"" rel=""nofollow"">Sprout Social</a>",,,,,joebiden,0.0133261446475936,its time for congress to codify roe v wade once and for all,False,-0.1709867581305355,0.2759148125146121,-31.30705,-74.88778,5.19412,0.3369377
1694433598978318692,"Last summer, I signed the Bipartisan Safer Communities Act—the most significant gun legislation in 30 years. It closes the ""boyfriend loophole,"" supports red flag laws, requires young people ages 18 to 21 to undergo enhanced background checks, and more.

It will save lives. https://t.co/A2nfLeVN8O",en,Tweet,31,15607,3228,3366,1173760.0,2023-08-23 15:37:05,"<a href=""https://sproutsocial.com"" rel=""nofollow"">Sprout Social</a>",,,photo,https://pbs.twimg.com/media/F4PWXITXEAAZ4vj.jpg,joebiden,0.0132965853326063,last summer i signed the bipartisan safer communities actthe most significant gun legislation in 30 years it closes the boyfriend loophole supports red flag laws requires young people ages 18 to 21 to undergo enhanced background checks and moreit will save lives,False,-0.1148167437643892,0.2139957719778689,-52.011524,-31.440014,3.9556983,0.6904837
1685681931348770818,Make no mistake: I will always protect Medicare and Social Security. https://t.co/zVqD8shv79,en,Tweet,64,28168,5824,6024,2136818.0,2023-07-30 12:01:05,"<a href=""https://sproutsocial.com"" rel=""nofollow"">Sprout Social</a>",,,photo,https://pbs.twimg.com/media/F2S-xDAWAAAqJSn.jpg,joebiden,0.0131822176713224,make no mistake i will always protect medicare and social security,False,-0.0319918228218994,0.1506104924591103,-21.381044,58.51927,9.404101,0.9730965
1753750219299127588,"South Carolina, today’s the day! 

Folks, head to the polls to make your voice heard: https://t.co/NqNhRD4y7D. https://t.co/Ej4AeVLjuq",en,Tweet,20,7602,1962,2033,576852.0,2024-02-03 07:00:10,"<a href=""https://sproutsocial.com"" rel=""nofollow"">Sprout Social</a>",,http://IWillVote.com/SC,photo,https://pbs.twimg.com/media/GFaSg26XcAAfhlR.jpg,joebiden,0.0131784235817852,south carolina todays the day folks head to the polls to make your voice heard,False,-0.1878683913623183,-0.0592752729267211,14.93508,-76.07628,5.373254,4.022433
1758275498868658615,"As my late friend John Lewis would say, “Democracy is not a state. It’s an act.” 

Through this Black History Month and each day we feel the grace of God, let’s act to protect our democracy. 

The power is in our hands.",en,Tweet,82,15165,2912,4091,1153265.0,2024-02-15 18:42:00,"<a href=""https://sproutsocial.com"" rel=""nofollow"">Sprout Social</a>",,,,,joebiden,0.0131496230267978,as my late friend john lewis would say democracy is not a state its an act through this black history month and each day we feel the grace of god lets act to protect our democracy the power is in our hands,False,-0.2181052872460977,-0.0433249699708603,-2.5094295,-51.45737,4.742691,2.649818
1753940095353135236,"As I said four years ago, this campaign is for everyone who has been knocked down, counted out and left behind. That is still true today. With more than 14 million new jobs and a record 24 straight months—two years—of the unemployment rate under 4%, including a record low unemployment rate for Black Americans, we are leaving no one behind.

In 2020, it was the voters of South Carolina who proved the pundits wrong, breathed new life into our campaign, and set us on the path to winning the Presidency.

Now in 2024, the people of South Carolina have spoken again and I have no doubt that you have set us on the path to winning the Presidency again—and making Donald Trump a loser—again.

When I was elected President, I said the days of the backbone of the Democratic Party being at the back of the line were over. That was a promise made and a promise kept. Now, you are First In The Nation.

The stakes in this election could not be higher. There are extreme and dangerous voices at work in the country—led by Donald Trump—who are determined to divide our nation and take us backward. We cannot let that happen. We’ve come a long way these past four years—with America now having the strongest economy in the world and among the lowest inflation of any major economy. Let’s keep pushing forward. Let’s finish what we started—together.",en,Tweet,190,25510,5394,6145,1941824.0,2024-02-03 19:34:40,"<a href=""https://mobile.twitter.com"" rel=""nofollow"">Twitter Web App</a>",,,,,joebiden,0.0131371329224481,as i said four years ago this caign is for everyone who has been knocked down counted out and left behind that is still true today with more than 14 million new jobs and a record 24 straight monthstwo yearsof the unemployment rate under 4 including a record low unemployment rate for black americans we are leaving no one behindin 2020 it was the voters of south carolina who proved the pundits wrong breathed new life into our caign and set us on the path to winning the presidencynow in 2024 the people of south carolina have spoken again and i have no doubt that you have set us on the path to winning the presidency againand making donald trump a loseragainwhen i was elected president i said the days of the backbone of the democratic party being at the back of the line were over that was a promise made and a promise kept now you are first in the nationthe stakes in this election could not be higher there are extreme and dangerous voices at work in the countryled by donald trumpwho are determined to divide our nation and take us backward we cannot let that happen weve come a long way these past four yearswith america now having the strongest economy in the world and among the lowest inflation of any major economy lets keep pushing forward lets finish what we startedtogether,True,0.1461730464412877,-0.1332753784112097,16.764235,-53.38022,5.9317455,3.6000915
1708323029745389928,"I just signed a law to keep the government open for 47 days. There’s plenty of time to pass Government funding bills for the next fiscal year, and I strongly urge Congress to get to work right away.

The American people expect their government to work.

Let’s make sure it does. https://t.co/ffjwUIPWIt",en,Retweet,204,52781,8435,6587,4026404.0,2023-09-30 23:28:44,"<a href=""https://www.sprinklr.com"" rel=""nofollow"">The White House</a>",,,photo,https://pbs.twimg.com/media/F7UuvL-XAAA4Q2h.jpg,joebiden,0.0131087193436128,i just signed a law to keep the government open for 47 days theres plenty of time to pass government funding bills for the next fiscal year and i strongly urge congress to get to work right awaythe american people expect their government to worklets make sure it does,False,0.003294981909893,0.0760640400453207,-45.732624,38.791134,7.9621816,0.42854568
1744386536223736248,I won’t stop fighting for American workers and American families. https://t.co/vkgfxQNtfs,en,Tweet,185,16443,3671,11085,1255698.0,2024-01-08 10:52:14,"<a href=""https://sproutsocial.com"" rel=""nofollow"">Sprout Social</a>",,,video,https://video.twimg.com/amplify_video/1744386493110435840/vid/avc1/1080x1080/KJVd-0pcWF9CS8bG.mp4?tag=16,joebiden,0.0130947090781382,i wont stop fighting for american workers and american families,False,0.0392728395440824,0.0184181890266689,-54.996235,-47.080757,4.1458173,1.4044105
1686039540664852480,"We’ve invested $1 billion to help schools hire and train 14,000 new mental health counselors in schools across the country. We’re also taking steps to address the harm social media is doing to young people and hold these platforms accountable. https://t.co/UhqhED4xcP",en,Tweet,59,17117,3956,3236,1308225.0,2023-07-31 11:42:06,"<a href=""https://sproutsocial.com"" rel=""nofollow"">Sprout Social</a>",,,photo,https://pbs.twimg.com/media/F2YEApiWsAAMIoH.jpg,joebiden,0.0130841407250281,weve invested 1 billion to help schools hire and train 14000 new mental health counselors in schools across the country were also taking steps to address the harm social media is doing to young people and hold these platforms accountable,False,0.0271883816687984,0.0035582883588339,-34.623005,2.840882,5.1402445,1.6234078
1707781336918847490,"Senator Dianne Feinstein was a pioneering American. A true trailblazer. And for Jill and me, a cherished friend.

As we mourn with her daughter Katherine and the Feinstein family, her team in the Senate, and the people of California, we take comfort that Dianne is reunited again with her beloved Richard.

May God Bless Dianne Feinstein.",en,Retweet,102,26602,4377,1994,2036299.0,2023-09-29 11:36:14,"<a href=""https://mobile.twitter.com"" rel=""nofollow"">Twitter Web App</a>",,,photo,https://pbs.twimg.com/media/F7NB8ADW0AA3XLu.jpg,joebiden,0.0130638968049387,senator dianne feinstein was a pioneering american a true trailblazer and for jill and me a cherished friendas we mourn with her daughter katherine and the feinstein family her team in the senate and the people of california we take comfort that dianne is reunited again with her beloved richardmay god bless dianne feinstein,False,-0.2394248338074899,-0.018775592753348,-20.052977,-2.7578735,3.5098083,5.419378
1710103098587246751,We are ready to protect democracy. https://t.co/Reyxy7iYHP,en,Tweet,77,24051,5212,9116,1846042.0,2023-10-05 21:22:05,"<a href=""https://sproutsocial.com"" rel=""nofollow"">Sprout Social</a>",,,photo,https://pbs.twimg.com/media/F7uBsDwWAAAiR6N.jpg,joebiden,0.0130284143047666,we are ready to protect democracy,False,-0.1730388801495021,-0.0172448216551553,3.9776661,-50.972897,5.3902836,3.1715016
1737245950236561544,"We're not only working to slow price hikes, we're also working to bring down drug prices.

The Inflation Reduction Act finally gives Medicare the power to negotiate to lower drug prices. With this law, we finally beat Big Pharma.

Not a single Republican voted for it. https://t.co/mPBz6T7bh3",en,Tweet,53,9537,2249,5387,736112.0,2023-12-19 17:58:05,"<a href=""https://sproutsocial.com"" rel=""nofollow"">Sprout Social</a>",,,photo,https://pbs.twimg.com/media/GBvv9-DWQAAEip7.jpg,joebiden,0.0129559088834307,were not only working to slow price hikes were also working to bring down drug pricesthe inflation reduction act finally gives medicare the power to negotiate to lower drug prices with this law we finally beat big pharmanot a single republican voted for it,False,0.2108064536473091,0.3492266598572716,-8.358699,71.17167,10.435666,2.0250123
1744409259599675866,"I’m at Mother Emanuel Church to discuss the critical place it holds in our history and how its example can guide us in this next election.

Tune in as I deliver remarks in Charleston, South Carolina. 
 https://t.co/qmlToOe1pE",en,Tweet,69,10355,2256,3638,802418.0,2024-01-08 12:22:31,"<a href=""https://studio.twitter.com"" rel=""nofollow"">Twitter Media Studio</a>",,https://twitter.com/i/broadcasts/1LyxBnYWwZzxN,,,joebiden,0.0129047454070073,im at mother emanuel church to discuss the critical place it holds in our history and how its exle can guide us in this next electiontune in as i deliver remarks in charleston south carolina,False,-0.2213452434568487,-0.1578339529363034,-40.59491,-8.50906,5.0435486,3.765921
1744500250214039626,"It was great to be back with my friends at Mother Emanuel Church in South Carolina.

Because of this congregation and the Black community of South Carolina, I stand here today as your president. That’s a fact. https://t.co/7HbymTtKVR",en,Tweet,62,15136,2188,3905,1173086.0,2024-01-08 18:24:05,"<a href=""https://sproutsocial.com"" rel=""nofollow"">Sprout Social</a>",,,photo,https://pbs.twimg.com/media/GDW1tzHW4AEajeS.jpg,joebiden,0.0129027198346924,it was great to be back with my friends at mother emanuel church in south carolinabecause of this congregation and the black community of south carolina i stand here today as your president thats a fact,False,-0.1434709911147454,-0.225700210988436,-41.020645,-8.440519,4.8551955,4.5272975
1755622600728858897,"Black history is American history. 

This month, we celebrate Black excellence, culture, resilience, and heroes known and unknown who inspired a nation. https://t.co/q9XldSCQW3",en,Tweet,45,10830,2065,3949,840369.0,2024-02-08 11:00:20,"<a href=""https://sproutsocial.com"" rel=""nofollow"">Sprout Social</a>",,,photo,https://pbs.twimg.com/media/GF05bzHW0AEH49T.jpg,joebiden,0.0128871959817651,black history is american history this month we celebrate black excellence culture resilience and heroes known and unknown who inspired a nation,False,-0.1061733214161146,-0.2349244067184416,-29.140617,-25.048203,3.8844438,3.2651267
1738228022036119683,"It was great teaming up with my friend and brother, @BarackObama, to spend some time with supporters Cynthia and Nick. https://t.co/TeMy0Pm2i8",en,Tweet,111,18440,2111,6673,1430990.0,2023-12-22 11:00:29,"<a href=""https://sproutsocial.com"" rel=""nofollow"">Sprout Social</a>",,,photo,https://pbs.twimg.com/media/GB9tKD0XcAAv3Sq.jpg,joebiden,0.0128861836910111,it was great teaming up with my friend and brother barackobama to spend some time with supporters cynthia and nick,False,-0.1292824929604621,-0.225417382233093,8.629237,-19.14923,4.983555,5.0256834
1751659467618291790,"Our veterans aren’t losers.

The only loser I see is Donald Trump. https://t.co/xP6z3W1FV8",en,Tweet,982,61728,12484,20734,4803942.0,2024-01-28 12:32:15,"<a href=""https://sproutsocial.com"" rel=""nofollow"">Sprout Social</a>",,,video,https://video.twimg.com/amplify_video/1751659403462234112/vid/avc1/1080x1080/QT-B264V7J61ZS_M.mp4?tag=16,joebiden,0.0128494473913298,our veterans arent losersthe only loser i see is donald trump,True,-0.1575461950535858,-0.0151839061515183,-28.525766,16.862541,6.5719094,2.1763012
1752371344824512821,"Donald Trump stripped good-paying jobs and shipped them overseas for cheaper labor rather than pay workers a fair wage. 

Not anymore. On my watch, we're investing in America and American-made products.",en,Tweet,179,29229,6015,21877,2276579.0,2024-01-30 11:41:00,"<a href=""https://sproutsocial.com"" rel=""nofollow"">Sprout Social</a>",,,,,joebiden,0.0128390009747081,donald trump stripped goodpaying jobs and shipped them overseas for cheaper labor rather than pay workers a fair wage not anymore on my watch were investing in america and americanmade products,True,0.2590103537490406,-0.0162869353052946,39.910416,0.37964448,8.946091,5.9977355
1705330774990319623,Promise kept. https://t.co/JZcgFh8DSx,en,Retweet,384,47520,8072,4811,3706872.0,2023-09-22 17:18:34,"<a href=""https://www.sprinklr.com"" rel=""nofollow"">The White House</a>",,,video,https://video.twimg.com/amplify_video/1705330678810767360/vid/avc1/1080x1920/UxfO5dwBEJdX4Llp.mp4?tag=16,joebiden,0.0128194337435983,promise kept,False,-0.0426642075538945,-0.0995452810346945,50.0348,46.48102,6.953854,5.7907724
1691827276256624758,"Thanks to the Inflation Reduction Act, we capped the cost of insulin for seniors at $35 a month. 

MAGA Republicans want to repeal it. https://t.co/LQ4W5SIYKx",en,Tweet,77,25427,4947,5889,1992484.0,2023-08-16 11:00:29,"<a href=""https://sproutsocial.com"" rel=""nofollow"">Sprout Social</a>",,,photo,https://pbs.twimg.com/media/F3qT7MMWMAITJjf.jpg,joebiden,0.012761457557501,thanks to the inflation reduction act we capped the cost of insulin for seniors at 35 a month maga republicans want to repeal it,False,0.1316084616719677,0.4341682508281549,-13.478287,81.74129,10.911499,1.4836982
1686895230291775490,"Every single Republican in Congress voted against capping seniors’ prescription drug costs at $2,000 a year. https://t.co/Mt0D1YYQAv",en,Tweet,200,27804,10685,4311,2178978.0,2023-08-02 20:22:18,"<a href=""https://sproutsocial.com"" rel=""nofollow"">Sprout Social</a>",,,video,https://video.twimg.com/amplify_video/1686895155448553473/vid/1080x1080/owrJM1I1K01URl8X.mp4?tag=16,joebiden,0.0127601104738092,every single republican in congress voted against capping seniors prescription drug costs at 2000 a year,False,-0.0080127268967126,0.4766812629590192,-7.17001,67.026276,9.991694,1.6839559
1750213157761511509,"With your voice, your power, and your vote, we can restore Roe. https://t.co/NUz8KNReh3",en,Tweet,220,30366,6193,19245,2381957.0,2024-01-24 12:45:08,"<a href=""https://sproutsocial.com"" rel=""nofollow"">Sprout Social</a>",,,photo,https://pbs.twimg.com/media/GEoBkxrWYAA5uGC.png,joebiden,0.0127483409650132,with your voice your power and your vote we can restore roe,False,-0.1783121599446371,0.0789357029313265,-29.508566,-74.49645,5.4601507,0.7130102
1676220839526641664,"Happy Fourth, America. https://t.co/dJmLP8oxkt",en,Retweet,156,78070,10179,9465,6136656.0,2023-07-04 09:26:05,"<a href=""https://www.sprinklr.com"" rel=""nofollow"">The White House</a>",,,photo,https://pbs.twimg.com/media/F0Mh9-XXsAAh8qj.png,joebiden,0.0127219123900704,happy fourth america,False,-0.1652981028407554,-0.1918346253270514,-4.451915,-21.13558,4.9524865,5.819827
1746642116657176685,"As too many Americans know: Access to quality, affordable health care can mean the difference between life and death, and hope and fear. 

That’s why I encourage everyone to visit https://t.co/2Ls3d80By6 before January 16 to sign up for health coverage this year. https://t.co/tHcRpZCPem",en,Tweet,67,11351,2526,3951,892653.0,2024-01-14 16:15:06,"<a href=""https://sproutsocial.com"" rel=""nofollow"">Sprout Social</a>",,http://HealthCare.gov,photo,https://pbs.twimg.com/media/GD1Ru1jWoAA9hrB.jpg,joebiden,0.012716027392503,as too many americans know access to quality affordable health care can mean the difference between life and death and hope and fear thats why i encourage everyone to visit  before january 16 to sign up for health coverage this year,False,-0.1198121888307248,0.0825120755424109,-29.428774,69.85047,10.435304,0.48937458
1724828386206343465,"Today marks two years since I signed the Bipartisan Infrastructure Law.

It's a once-in-a-generation investment in our roads, bridges, transportation, clean water systems, high-speed internet access, and it's creating good-paying, union jobs you can raise a family on. https://t.co/rSWK9uDwu9",en,Tweet,47,12202,2545,3507,962348.0,2023-11-15 11:35:07,"<a href=""https://sproutsocial.com"" rel=""nofollow"">Sprout Social</a>",,,photo,https://pbs.twimg.com/media/F-_SQdNW4AIvgjj.jpg,joebiden,0.0126794049553799,today marks two years since i signed the bipartisan infrastructure lawits a onceinageneration investment in our roads bridges transportation clean water systems highspeed internet access and its creating goodpaying union jobs you can raise a family on,False,0.2418712569147518,-0.0669589020481565,30.600895,20.900553,8.1824665,4.721034
1755645182702145872,"I will stand in the way of efforts by MAGA Republicans to enact massive tax giveaways for the wealthy and big corporations; cut Medicare, Medicaid, and Social Security; and raise costs for American families.",en,Tweet,137,25045,5020,13596,1979396.0,2024-02-08 12:30:04,"<a href=""https://sproutsocial.com"" rel=""nofollow"">Sprout Social</a>",,,,,joebiden,0.0126528496571681,i will stand in the way of efforts by maga republicans to enact massive tax giveaways for the wealthy and big corporations cut medicare medicaid and social security and raise costs for american families,False,0.0142139612644738,0.4169907698918195,-17.239796,55.69014,9.474215,1.3508162
1704517317034406322,This is MAGAnomics. https://t.co/ncgGQisUY3,en,Tweet,167,25563,7077,7233,2021257.0,2023-09-20 11:26:11,"<a href=""https://sproutsocial.com"" rel=""nofollow"">Sprout Social</a>",,,photo,https://pbs.twimg.com/media/F6epdyUWoAAbcHY.jpg,joebiden,0.0126470805048541,this is maganomics,False,0.2613103430102105,-0.0527610561249341,65.615654,-16.542265,10.734293,4.7316184
1697371456760320078,The difference between talking and delivering. https://t.co/mb6bp65eKV,en,Tweet,483,84347,17458,9448,6694120.0,2023-08-31 18:11:05,"<a href=""https://sproutsocial.com"" rel=""nofollow"">Sprout Social</a>",,,photo,https://pbs.twimg.com/media/F45GU-CWoAAc29E.jpg,joebiden,0.0126001625306985,the difference between talking and delivering,False,-0.0973422958148474,-0.111100787053376,55.944386,-22.867718,7.053841,5.356384
1708992387664798169,"The former president referred to American service members as “suckers” and “losers.”

MAGA extremists have made it clear where they stand. https://t.co/2Kj5jr4N7Z",en,Tweet,110,19537,5292,7669,1551630.0,2023-10-02 19:48:31,"<a href=""https://sproutsocial.com"" rel=""nofollow"">Sprout Social</a>",,,video,https://video.twimg.com/amplify_video/1708992259608162304/vid/avc1/1080x1920/g9I-ERJmCOZHqRHw.mp4?tag=16,joebiden,0.0125912749817933,the former president referred to american service members as suckers and losersmaga extremists have made it clear where they stand,False,-0.2075424879582195,0.0597527462835401,-28.754406,17.82256,6.810956,1.9220948
1655251905604452353,"Once again, Congress must send me a bill banning assault weapons and high-capacity magazines. Enacting universal background checks. Requiring safe storage. Ending immunity for gun manufacturers.
 
I will sign it immediately. We need nothing less to keep our streets safe.",en,Retweet,63,29379,5861,3411,2337796.0,2023-05-07 12:43:02,"<a href=""https://www.sprinklr.com"" rel=""nofollow"">The White House</a>",,,,,joebiden,0.0125669647822136,once again congress must send me a bill banning assault weapons and highcapacity magazines enacting universal background checks requiring safe storage ending immunity for gun manufacturers i will sign it immediately we need nothing less to keep our streets safe,False,-0.1583126143688431,0.1867224646265173,-54.477688,-35.683815,3.543349,0.22503369
1722301739863248995,"Last night, Ohio voters protected access to reproductive health in their state constitution. 

Ohioans and voters across the country rejected attempts by MAGA Republican elected officials to impose extreme abortion bans that put the health and lives of women in jeopardy. https://t.co/ij71yC8v82",en,Tweet,36,11504,2492,3408,917993.0,2023-11-08 12:15:08,"<a href=""https://sproutsocial.com"" rel=""nofollow"">Sprout Social</a>",,,photo,https://pbs.twimg.com/media/F-bYSbpWUAAfs4M.jpg,joebiden,0.0125316859714616,last night ohio voters protected access to reproductive health in their state constitution ohioans and voters across the country rejected attempts by maga republican elected officials to impose extreme abortion bans that put the health and lives of women in jeopardy,False,-0.097151222096053,0.2439562038488735,-17.47237,-64.69355,5.962749,0.84681946
1700184744246346123,"Under my predecessor, “Infrastructure Week” became a punchline. 

On my watch, we’re investing in America, and we’ve entered an infrastructure decade.",en,Tweet,32,17074,2866,5023,1363583.0,2023-09-08 12:30:05,"<a href=""https://sproutsocial.com"" rel=""nofollow"">Sprout Social</a>",,,,,joebiden,0.0125214233383666,under my predecessor infrastructure week became a punchline on my watch were investing in america and weve entered an infrastructure decade,False,0.1898548715957196,-0.1383456691905716,28.707836,14.754249,7.956886,4.9869847
1756032973390901335,"I signed the most significant gun safety law in decades. 

And I will not stop until we once again ban assault weapons.",en,Tweet,222,39157,5791,14366,3142940.0,2024-02-09 14:11:01,"<a href=""https://sproutsocial.com"" rel=""nofollow"">Sprout Social</a>",,,,,joebiden,0.0124587169974609,i signed the most significant gun safety law in decades and i will not stop until we once again ban assault weapons,False,-0.1562349882193935,0.175683182772945,-53.791286,-34.109776,3.7046733,0.5014036
1715159950643675346,"We must, without equivocation, denounce antisemitism.

We must also, without equivocation, denounce Islamophobia.

To all of you hurting, I want you to know: I see you. You belong.",en,Tweet,113,26723,5497,5895,2147000.0,2023-10-19 20:16:13,"<a href=""https://mobile.twitter.com"" rel=""nofollow"">Twitter Web App</a>",,,,,joebiden,0.0124466697717745,we must without equivocation denounce antisemitismwe must also without equivocation denounce islamophobiato all of you hurting i want you to know i see you you belong,False,-0.3043668191241446,-0.0586432366782134,-52.417446,-4.5754457,2.447692,3.1483014
1722745971589743071,"My predecessor was willing to cede the future of electric vehicles to China. He said if America invests in electric vehicles, it would drive down wages, destroy jobs, and spell the end of the American automobile industry.

Like almost everything else he said, he's wrong. https://t.co/w8BtTD2RCb",en,Tweet,148,23206,5578,11654,1871315.0,2023-11-09 17:40:21,"<a href=""https://sproutsocial.com"" rel=""nofollow"">Sprout Social</a>",,,video,https://video.twimg.com/amplify_video/1722745885682008065/vid/avc1/1080x1080/-uxjduETOSF666qO.mp4?tag=16,joebiden,0.0124009052457763,my predecessor was willing to cede the future of electric vehicles to china he said if america invests in electric vehicles it would drive down wages destroy jobs and spell the end of the american automobile industrylike almost everything else he said hes wrong,False,0.1379047795365944,-0.0902510486714246,32.684834,-1.8711227,9.171321,6.233402
1689416510622617601,"Jill and I send our deepest condolences to the families who lost loved ones in the wildfires in Maui. Our prayers are with those whose homes, businesses, and communities are destroyed.
 
We are grateful to the first responders putting themselves in harm’s way to save lives.",en,Retweet,98,22309,3138,2620,1801721.0,2023-08-09 19:20:58,"<a href=""https://www.sprinklr.com"" rel=""nofollow"">The White House</a>",,,,,joebiden,0.0123820502730444,jill and i send our deepest condolences to the families who lost loved ones in the wildfires in maui our prayers are with those whose homes businesses and communities are destroyed we are grateful to the first responders putting themselves in harms way to save lives,False,-0.2837893897128191,-0.0624958535887021,-13.576506,9.453339,2.8399856,6.057295
1723852425302270316,"MAGA Republicans in Congress are proposing to slash Amtrak’s budget.

We're trying to make train travel easier, faster, safer, and more reliable. They're trying to make it slower, harder, and less safe. 

You can't make this stuff up.",en,Tweet,169,34738,9100,11684,2811001.0,2023-11-12 18:57:00,"<a href=""https://sproutsocial.com"" rel=""nofollow"">Sprout Social</a>",,,,,joebiden,0.0123578753618372,maga republicans in congress are proposing to slash amtraks budgetwere trying to make train travel easier faster safer and more reliable theyre trying to make it slower harder and less safe you cant make this stuff up,False,0.0225284276417595,0.347489638540844,-5.327003,34.202496,8.523137,1.9913803
1690392974662799360,It’s time. https://t.co/MlfCZTeUin,en,Tweet,290,63860,9036,13150,5169332.0,2023-08-12 12:01:05,"<a href=""https://sproutsocial.com"" rel=""nofollow"">Sprout Social</a>",,,photo,https://pbs.twimg.com/media/F3V7b2SWUAEosS0.png,joebiden,0.0123536271224212,its time,False,-0.1537844912735988,-0.1052731701770998,39.27835,-49.254253,6.164134,5.3714266
1707459157115252994,"I wish I could say the threat to our democracy ended with our victory in 2020, but it didn’t. 

Our democracy is still at stake.

The right to choose, the right to vote, be who you are, and love who you love, are all being attacked.",en,Tweet,119,27739,5886,12809,2245617.0,2023-09-28 14:16:00,"<a href=""https://sproutsocial.com"" rel=""nofollow"">Sprout Social</a>",,,,,joebiden,0.0123525071283304,i wish i could say the threat to our democracy ended with our victory in 2020 but it didnt our democracy is still at stakethe right to choose the right to vote be who you are and love who you love are all being attacked,False,-0.1993756519511544,0.0568219354878683,1.7634524,-56.26856,5.609818,2.4767714
1756113257645936671,"Trump and his MAGA friends want to give another massive multibillion-dollar tax handout to the ultra-wealthy while cutting Social Security and Medicare.

I won’t let it happen.",en,Tweet,189,36265,7420,19863,2944755.0,2024-02-09 19:30:02,"<a href=""https://sproutsocial.com"" rel=""nofollow"">Sprout Social</a>",,,,,joebiden,0.0123151161981217,trump and his maga friends want to give another massive multibilliondollar tax handout to the ultrawealthy while cutting social security and medicarei wont let it happen,True,0.0412185603550171,0.3633206667266431,-16.784622,56.839226,9.391773,1.3213712
1684331535237885953,"Silence is complicity, and I will not be silent.

There is critical work ahead to continue the fight for racial justice and equality for all Americans, and we are committed to leading the path forward. https://t.co/rcf4PkInH3",en,Tweet,49,16632,3026,4308,1353793.0,2023-07-26 18:35:06,"<a href=""https://sproutsocial.com"" rel=""nofollow"">Sprout Social</a>",,,photo,https://pbs.twimg.com/media/F1_ylpfX0AAdkXA.jpg,joebiden,0.0122854823447897,silence is complicity and i will not be silentthere is critical work ahead to continue the fight for racial justice and equality for all americans and we are committed to leading the path forward,False,-0.1903126536378254,-0.0818683750543354,-47.723488,-18.948217,3.4234335,2.8405106
1728063218256433430,"Since time immemorial, Native communities have passed down rich cultures, knowledge, and ways of life. 

Today, on Native American Heritage Day, we celebrate their contributions – and recommit to championing a better chapter in the story of our Nation-to-Nation relationships. https://t.co/oVZ4kuAVAI",en,Retweet,103,19483,4184,3584,1589174.0,2023-11-24 09:49:11,"<a href=""https://www.sprinklr.com"" rel=""nofollow"">The White House</a>",,,photo,https://pbs.twimg.com/media/F_tQVaCXQAAmgdX.jpg,joebiden,0.0122598280616219,since time immemorial native communities have passed down rich cultures knowledge and ways of life today on native american heritage day we celebrate their contributions  and recommit to chioning a better chapter in the story of our nationtonation relationships,False,-0.1270246464358299,-0.1580910500211668,-2.1527028,6.0154667,4.4156346,3.0862963
1749431977109770437,"Donald Trump ended Roe v. Wade.

And women across America are living with the consequences. https://t.co/A02vUuuJBv",en,Tweet,504,32578,10709,11718,2657299.0,2024-01-22 09:01:00,"<a href=""https://sproutsocial.com"" rel=""nofollow"">Sprout Social</a>",,,video,https://video.twimg.com/ext_tw_video/1749430468020166656/pu/vid/avc1/720x900/Pw_x7rOvzS_iKv30.mp4?tag=12,joebiden,0.0122598172053652,donald trump ended roe v wadeand women across america are living with the consequences,True,-0.1214861806646814,0.1875780615242234,-11.733865,-84.11044,6.3483634,0.64580965
1697330981047353475,"As the proud husband of an educator, I’m wishing all teachers and students a happy and healthy school year. https://t.co/CNUoF1BAUo",en,Tweet,57,32002,3774,2807,2610629.0,2023-08-31 15:30:15,"<a href=""https://sproutsocial.com"" rel=""nofollow"">Sprout Social</a>",,,photo,"https://pbs.twimg.com/media/F44hfvYWQAAbX0V.jpg,https://pbs.twimg.com/media/F44hg9mXkAAK0Of.jpg",joebiden,0.0122583484669786,as the proud husband of an educator im wishing all teachers and students a happy and healthy school year,False,-0.1191083370208281,-0.1520236597093862,-3.8635895,-5.600617,4.0972433,5.1777906
1732948380974813484,"The story of Hanukkah teaches us that even a little bit of light, wherever it is found, can dispel the darkness and illuminate a path forward.

From our family to yours, Jill and I wish you and your loved ones a Chanukah Sameach, a Happy Hanukkah! https://t.co/QnUBCFS6Id",en,Retweet,80,15048,3239,5094,1228948.0,2023-12-07 21:21:05,"<a href=""https://www.sprinklr.com"" rel=""nofollow"">The White House</a>",,,photo,https://pbs.twimg.com/media/GAyrXjDWEAArkTR.jpg,joebiden,0.0122446189749281,the story of hanukkah teaches us that even a little bit of light wherever it is found can dispel the darkness and illuminate a path forwardfrom our family to yours jill and i wish you and your loved ones a chanukah sameach a happy hanukkah,False,-0.200574217831188,-0.2255832897287383,-16.837866,-12.834297,4.022725,6.3548326
1759010590838706510,"In 2022, the “red wave” crashed up on a rock.
In 2023, we won close races.

When voters have a choice between what we stand for and what Trump and the MAGA Republicans stand for—we win.",en,Tweet,146,25602,4317,6832,2093603.0,2024-02-17 19:23:00,"<a href=""https://sproutsocial.com"" rel=""nofollow"">Sprout Social</a>",,,,,joebiden,0.0122286794583309,in 2022 the red wave crashed up on a rockin 2023 we won close raceswhen voters have a choice between what we stand for and what trump and the maga republicans stand forwe win,True,-0.0582015477655508,0.0746035131220774,11.944664,-59.73911,6.1205,2.9358017
1749835652848406973,".@KamalaHarris and I believe that health care decisions should be made by women and their doctors, not politicians. 

We will continue to defend a woman’s ability to access emergency care under federal law.",en,Tweet,54,15165,2865,5225,1241519.0,2024-01-23 11:45:04,"<a href=""https://sproutsocial.com"" rel=""nofollow"">Sprout Social</a>",,,,,joebiden,0.0122148754872055,kamalaharris and i believe that health care decisions should be made by women and their doctors not politicians we will continue to defend a womans ability to access emergency care under federal law,False,-0.1805508674281194,0.1775943396399081,-28.906523,-69.78304,5.5995255,0.63842267
1746879058283999579,"Today, we reflect on the life and legacy of Reverend Dr. Martin Luther King, Jr. and recommit to honoring his vision.

It's up to us to march forward choosing democracy over autocracy and a ""Beloved Community"" over chaos — to take up Dr. King's mantle and make his dream a reality.",en,Retweet,161,20107,5077,4924,1648845.0,2024-01-15 07:56:37,"<a href=""http://twitter.com/download/iphone"" rel=""nofollow"">Twitter for iPhone</a>",,,video,https://video.twimg.com/amplify_video/1746878703903105024/vid/avc1/720x1280/nVBffbDstPgb_sqF.mp4?tag=14,joebiden,0.0121945968238372,today we reflect on the life and legacy of reverend dr martin luther king jr and recommit to honoring his visionits up to us to march forward choosing democracy over autocracy and a beloved community over chaos  to take up dr kings mantle and make his dream a reality,False,-0.1795950341061995,-0.1060511708137935,-34.90047,-24.48609,3.9276326,2.7458026
1725915542278590656,"There are more people in the U.S. workforce today than any time in American history. Unemployment has been under 4% for 21 straight months.

There’s more to do, but inflation has come down by 65%, and we now have the lowest inflation rate of any advanced economy in the world. https://t.co/Rr9Wa7THNa",en,Tweet,76,14784,3707,7410,1216152.0,2023-11-18 11:35:05,"<a href=""https://sproutsocial.com"" rel=""nofollow"">Sprout Social</a>",,,photo,https://pbs.twimg.com/media/F_OvBbJWMAASKJn.jpg,joebiden,0.0121563751899433,there are more people in the us workforce today than any time in american history unemployment has been under 4 for 21 straight monthstheres more to do but inflation has come down by 65 and we now have the lowest inflation rate of any advanced economy in the world,False,0.4083822360971025,-0.1530485202218061,80.01417,17.683666,11.740653,5.9472284
1745838867507245556,"My predecessor tried to strip millions of people of their health care coverage, end Medicaid coverage for millions more, and return to the days when insurance companies had free reign to deny coverage based on pre-existing conditions and charge women more than men. 

I won’t let it happen on my watch.",en,Tweet,98,20823,4463,7787,1713067.0,2024-01-12 11:03:16,"<a href=""https://mobile.twitter.com"" rel=""nofollow"">Twitter Web App</a>",,,,,joebiden,0.0121553914703861,my predecessor tried to strip millions of people of their health care coverage end medicaid coverage for millions more and return to the days when insurance companies had free reign to deny coverage based on preexisting conditions and charge women more than men i wont let it happen on my watch,False,-0.0047379975320299,0.2716804673066898,-14.8442545,65.81063,10.033802,0.86221814
1751258835732328827,"A week from today, South Carolina voters will make their voices heard. 

Vote early in-person or head to the polls on February 3: https://t.co/NqNhRD4y7D https://t.co/e0Bovsut7F",en,Tweet,44,9284,2395,3192,764031.0,2024-01-27 10:00:17,"<a href=""https://sproutsocial.com"" rel=""nofollow"">Sprout Social</a>",,http://IWillVote.com/SC,photo,https://pbs.twimg.com/media/GE24nPTW4AE4Wc6.jpg,joebiden,0.012151339409003,a week from today south carolina voters will make their voices heard vote early inperson or head to the polls on february 3,False,-0.1544849757058024,-0.0065424405915001,15.5255375,-75.84091,5.479793,3.9001517
1710349203166179469,"The economy created 336,000 jobs in September. Since I took office, we’ve created nearly 14 million jobs—and around 815,000 of them manufacturing jobs.

That’s Bidenomics.",en,Tweet,40,16719,3383,6048,1376952.0,2023-10-06 13:40:01,"<a href=""https://sproutsocial.com"" rel=""nofollow"">Sprout Social</a>",,,,,joebiden,0.0121420354522162,the economy created 336000 jobs in september since i took office weve created nearly 14 million jobsand around 815000 of them manufacturing jobsthats bidenomics,False,0.4933933905060405,-0.2257764153866631,76.14374,5.7509837,11.022132,6.586768
1702088287131770974,"Unlike the last guy, I won’t stop fighting to end gun violence. https://t.co/DJClxJBZxz",en,Tweet,137,36429,5123,12700,3004722.0,2023-09-13 18:34:05,"<a href=""https://sproutsocial.com"" rel=""nofollow"">Sprout Social</a>",,,photo,https://pbs.twimg.com/media/F58IQohWoAAAkOm.jpg,joebiden,0.0121239169547132,unlike the last guy i wont stop fighting to end gun violence,False,-0.2181445237561046,0.0776911130377653,-55.37893,-45.450108,3.880458,0.99288505
1749584237043253436,"Good one, Donald.",en,Tweet,1255,110399,20520,14882,9112859.0,2024-01-22 19:06:02,"<a href=""https://sproutsocial.com"" rel=""nofollow"">Sprout Social</a>",,,,,joebiden,0.0121146393244973,good one donald,False,-0.0695347887906893,-0.0692573820000645,53.34149,-39.20886,5.7832174,5.645444
1704279353394143540,We have a duty to lead in this critical moment—and we will. https://t.co/jOFB0j4riI,en,Tweet,77,18953,3489,3461,1573692.0,2023-09-19 19:40:36,"<a href=""https://sproutsocial.com"" rel=""nofollow"">Sprout Social</a>",,,video,https://video.twimg.com/amplify_video/1704279204861202432/vid/avc1/1080x1920/OEFpdbK8Cx3sKVtf.mp4?tag=16,joebiden,0.0120436527605147,we have a duty to lead in this critical momentand we will,False,-0.1490085937600493,-0.1717547763386261,-4.6547136,-38.394394,4.6579356,3.4465604
1697980204491088045,"Negotiating lower prescription drug prices will put money back in the pockets of millions of Americans and cut the deficit.

Every Republican in Congress voted against it.",en,Tweet,37,15336,3031,3245,1274862.0,2023-09-02 10:30:02,"<a href=""https://sproutsocial.com"" rel=""nofollow"">Sprout Social</a>",,,,,joebiden,0.0120295373146269,negotiating lower prescription drug prices will put money back in the pockets of millions of americans and cut the deficitevery republican in congress voted against it,False,0.1416974575576591,0.485396316094999,-6.781005,68.246376,10.076524,1.7217185
1748852407532966338,"We’ve brought down prescription drug costs, achieved historically low unemployment, and more. But our work to rebuild our economy from the bottom up and middle out is far from over. Pitch in now to help Kamala and me win four more years in the White House:
https://t.co/hnw3u6AQI9",en,Tweet,49,8979,2204,4200,747969.0,2024-01-20 18:38:00,"<a href=""https://sproutsocial.com"" rel=""nofollow"">Sprout Social</a>",,https://secure.actblue.com/donate/social-bfp-rep-january-2024?refcode=social_20240120_jrb_tw,,,joebiden,0.0120045082082278,weve brought down prescription drug costs achieved historically low unemployment and more but our work to rebuild our economy from the bottom up and middle out is far from over pitch in now to help kamala and me win four more years in the white house,False,0.2050785981431434,-0.0238718901512172,20.242914,-48.858135,6.7140784,3.6021302
1743761865065279528,"More than 1,200 people have been charged for their assault on the Capitol.

Collectively to date, they have been sentenced to more than 840 years in prison.

And what has Trump done?

He’s called the insurrectionists “patriots” and promised to pardon them if he returns to office.",en,Tweet,326,34311,6424,15009,2872723.0,2024-01-06 17:30:00,"<a href=""https://sproutsocial.com"" rel=""nofollow"">Sprout Social</a>",,,,,joebiden,0.0119437202960396,more than 1200 people have been charged for their assault on the capitolcollectively to date they have been sentenced to more than 840 years in prisonand what has trump donehes called the insurrectionists patriots and promised to pardon them if he returns to office,True,-0.1292503600927698,0.0543728369841229,-4.2835426,-62.552498,5.2833176,2.2895098
1705219526529257555,Yes. https://t.co/xgKhfKXBKa,und,Tweet,796,63298,14187,3910,5310505.0,2023-09-22 09:56:31,"<a href=""https://sproutsocial.com"" rel=""nofollow"">Sprout Social</a>",,,video,https://video.twimg.com/amplify_video/1705219398649147392/vid/avc1/1080x1350/HxdNPj2McO-lGqX4.mp4?tag=16,joebiden,0.0119193937299748,yes,False,-0.1275770721791036,-0.1215492152104687,50.138023,-47.59286,6.1186457,5.964362
1737936751820235254,"When Black small businesses grow, the community benefits. 

Since Kamala and I entered office, Americans have filed 15 million applications to start new businesses. It’s led to the fastest growth in Black business ownership in 30 years. https://t.co/Ly8lHYyE3P",en,Tweet,50,8217,1799,3305,689627.0,2023-12-21 15:43:05,"<a href=""https://sproutsocial.com"" rel=""nofollow"">Sprout Social</a>",,,photo,https://pbs.twimg.com/media/GB5kP6WXwAA652G.jpg,joebiden,0.0119151367333355,when black small businesses grow the community benefits since kamala and i entered office americans have filed 15 million applications to start new businesses its led to the fastest growth in black business ownership in 30 years,False,0.2336157263314205,-0.1835040723727649,68.03117,28.129717,10.463189,7.3177886
1759253025443471849,"Like I told Eric, it isn’t easy being a dad to two boys, but I held on to two basic rules: Be honest and know you’ll make mistakes—but you have to get back up.

Christian and Carter, go easy on him. Dads like us are hard to raise. https://t.co/XzsndpDUww",en,Tweet,112,11041,2040,3262,929665.0,2024-02-18 11:26:21,"<a href=""https://sproutsocial.com"" rel=""nofollow"">Sprout Social</a>",,,video,https://video.twimg.com/amplify_video/1759252940097814528/vid/avc1/1080x1920/SUVWXiXtImiW7PMb.mp4?tag=16,joebiden,0.0118763210403747,like i told eric it isnt easy being a dad to two boys but i held on to two basic rules be honest and know youll make mistakesbut you have to get back upchristian and carter go easy on him dads like us are hard to raise,False,-0.1645656985712484,-0.1464137514619826,3.296412,-10.91984,4.494615,5.118914
1694730057560752277,"I signed the most significant piece of clean energy legislation—the single largest investment combating the existential threat of climate change anywhere in the world.

Not a single Republican voted for it.",en,Tweet,128,36338,8050,14270,3062889.0,2023-08-24 11:15:06,"<a href=""https://sproutsocial.com"" rel=""nofollow"">Sprout Social</a>",,,,,joebiden,0.0118639624224057,i signed the most significant piece of clean energy legislationthe single largest investment combating the existential threat of climate change anywhere in the worldnot a single republican voted for it,False,0.0278863352321987,0.1938041174843705,6.180142,33.65846,8.497452,3.1123233
1695083763582079467,"These guys showed us this week they don’t have a clue about the power of women. 

They are about to find out. https://t.co/RKHQHRwv6h",en,Tweet,455,42813,12980,8711,3621215.0,2023-08-25 10:40:37,"<a href=""https://sproutsocial.com"" rel=""nofollow"">Sprout Social</a>",,,video,https://video.twimg.com/amplify_video/1695083614843592704/vid/1920x1080/VJjUrk9ayoj0v1m-.mp4?tag=16,joebiden,0.0118228274211832,these guys showed us this week they dont have a clue about the power of women they are about to find out,False,-0.1909367329423607,0.0006865675861802,-11.400555,-78.51315,6.1756516,1.087896
1687526381331021824,"Our economy added 187,000 jobs last month, and we've added 13.4 million jobs since I took office.

That’s Bidenomics. https://t.co/o97NAH69d5",en,Tweet,74,24929,3880,8717,2108840.0,2023-08-04 14:10:16,"<a href=""https://sproutsocial.com"" rel=""nofollow"">Sprout Social</a>",,,photo,https://pbs.twimg.com/media/F2tMS6VXUBAV44F.jpg,joebiden,0.0118211907968361,our economy added 187000 jobs last month and weve added 134 million jobs since i took officethats bidenomics,False,0.4267543532085772,-0.239314812679323,77.8275,5.145689,11.341182,6.774127
1684292172177199111,"At a time when there are those who seek to ban books and bury history, we are making history crystal clear. While darkness and denialism can hide much, they erase nothing. https://t.co/4H5DgrU2tW",en,Tweet,71,13179,3522,4885,1118856.0,2023-07-26 15:58:41,"<a href=""https://sproutsocial.com"" rel=""nofollow"">Sprout Social</a>",,,video,https://video.twimg.com/amplify_video/1684292002702032897/vid/1080x1920/gd6rXzsCrbK--ht_.mp4?tag=16,joebiden,0.0117789956884532,at a time when there are those who seek to ban books and bury history we are making history crystal clear while darkness and denialism can hide much they erase nothing,False,-0.1900105547606705,-0.0768334282774726,-59.854073,-8.35317,3.392823,3.2746449
1692177091477811271,"Ron Johnson thinks outsourcing manufacturing jobs is a great thing, I believe it’s time to build American products in America—and that’s what we’re doing. https://t.co/JSdtZHv0hf",en,Tweet,38,11101,2926,2917,944390.0,2023-08-17 10:10:32,"<a href=""https://sproutsocial.com"" rel=""nofollow"">Sprout Social</a>",,,video,https://video.twimg.com/amplify_video/1692176963291791360/vid/1080x1920/iFzNs0H9C0ki8jZI.mp4?tag=16,joebiden,0.0117546776225923,ron johnson thinks outsourcing manufacturing jobs is a great thing i believe its time to build american products in americaand thats what were doing,False,0.1304637668832413,-0.0472114890396399,40.498695,1.6155937,8.979366,6.132315
1749867094999499082,"In states like Texas, doctors can be sentenced to prison for life for providing women the health care they were trained to give. It’s outrageous, and MAGA Republicans are going even further to undermine women’s rights and threaten the lives of women.",en,Tweet,107,19365,4766,8651,1648730.0,2024-01-23 13:50:01,"<a href=""https://sproutsocial.com"" rel=""nofollow"">Sprout Social</a>",,,,,joebiden,0.0117454040382597,in states like texas doctors can be sentenced to prison for life for providing women the health care they were trained to give its outrageous and maga republicans are going even further to undermine womens rights and threaten the lives of women,False,-0.1888385607095399,0.3713012530916393,-18.568903,-81.11058,6.4323783,0.2576674
1701211490890424768,"Today, we remember the 2,977 precious lives stolen from us on 9/11 and reflect on all that was lost in the fire and ash that September morning.

The American story itself changed on this day 22 years ago. But what could not — and will not — change is the character of this nation. https://t.co/qYRfyquQxV",en,Retweet,285,78008,14114,7509,6648324.0,2023-09-11 08:30:01,"<a href=""https://www.sprinklr.com"" rel=""nofollow"">The White House</a>",,,photo,https://pbs.twimg.com/media/F5vhfnFXIAAO-d8.jpg,joebiden,0.0117334835065198,today we remember the 2977 precious lives stolen from us on 911 and reflect on all that was lost in the fire and ash that september morningthe american story itself changed on this day 22 years ago but what could not  and will not  change is the character of this nation,False,-0.2100599992929196,-0.1714419109471206,-29.534782,-4.8548846,3.4923701,3.5173156
1707152385171140964,"Trump broke his promises to American workers. 
https://t.co/LsaJh9cNFb",en,Tweet,240,22017,5991,4747,1877354.0,2023-09-27 17:57:00,"<a href=""https://sproutsocial.com"" rel=""nofollow"">Sprout Social</a>",,,video,https://video.twimg.com/ext_tw_video/1707027747560644608/pu/vid/avc1/720x900/UGDWm4I_P8bUN5OE.mp4?tag=12,joebiden,0.0117276762933362,trump broke his promises to american workers,True,0.0986954977038119,0.0240180722539657,38.819546,-0.21818426,8.356261,6.2193427
1735380481686868292,"Eleven years ago, the souls of Newtown, Connecticut, and the nation were pierced forever when twenty-six lives were stolen at Sandy Hook Elementary School by a lone shooter.
 
Today, Jill and I are praying for the families and survivors in the Newtown community.",en,Retweet,50,13143,2641,2994,1121487.0,2023-12-14 14:25:23,"<a href=""https://www.sprinklr.com"" rel=""nofollow"">The White House</a>",,,,,joebiden,0.0117192620155204,eleven years ago the souls of newtown connecticut and the nation were pierced forever when twentysix lives were stolen at sandy hook elementary school by a lone shooter today jill and i are praying for the families and survivors in the newtown community,False,-0.268446326937472,-0.072876212824344,-74.67422,-30.887543,2.6654675,1.5825834
1740424894398050398,"The American people voted to protect fundamental freedoms, like the right to choose.
They voted to protect democracy.
They voted against MAGA extremism.
 
They voted for the progress we’ve been making—and we'll continue that progress in 2024.",en,Tweet,60,13968,2845,7871,1197287.0,2023-12-28 12:30:05,"<a href=""https://sproutsocial.com"" rel=""nofollow"">Sprout Social</a>",,,,,joebiden,0.0116663757311321,the american people voted to protect fundamental freedoms like the right to choosethey voted to protect democracythey voted against maga extremism they voted for the progress weve been makingand well continue that progress in 2024,False,-0.0138149931788122,0.0630690671158582,10.853403,-57.332947,5.8510594,2.7374609
1691087495973216256,"It's been 88 years since Social Security was signed into law—bringing greater dignity, peace of mind, and freedom to America's seniors and families. 

Even as MAGA Republicans attack these essential programs, we remain committed to protecting them. https://t.co/nAzoLJ9a5M",en,Tweet,122,14435,4664,3247,1238673.0,2023-08-14 10:00:52,"<a href=""https://sproutsocial.com"" rel=""nofollow"">Sprout Social</a>",,,video,https://video.twimg.com/amplify_video/1691087410023546882/vid/1080x1350/7OSNvNf6uoYDG1bt.mp4?tag=16,joebiden,0.0116536002641536,its been 88 years since social security was signed into lawbringing greater dignity peace of mind and freedom to americas seniors and families even as maga republicans attack these essential programs we remain committed to protecting them,False,0.0223130989098297,0.1396820828540045,-23.489113,57.254772,9.113345,0.9318004
1727083969395446025,"Donald Trump is running for president bragging about how he “killed Roe v. Wade.”

Let’s be clear: The only reason a fundamental right has been stripped away from the American people for the first time in American history is because of Trump.",en,Tweet,237,39344,9656,23084,3378114.0,2023-11-21 16:58:00,"<a href=""https://sproutsocial.com"" rel=""nofollow"">Sprout Social</a>",,,,,joebiden,0.0116467354269275,donald trump is running for president bragging about how he killed roe v wadelets be clear the only reason a fundamental right has been stripped away from the american people for the first time in american history is because of trump,True,-0.1068048959933468,0.1894809881648207,-10.628432,-84.19608,6.406925,0.95937055
1720568725345022157,"18 precious souls stolen in Lewiston, Maine.
13 with physical wounds.
Many more with lifelong trauma.

Jill and I traveled today on behalf of the American people to grieve with the community and to make sure they know that they're not alone. https://t.co/BQzQTmYsdz",en,Retweet,80,22686,4237,6417,1955198.0,2023-11-03 18:28:45,"<a href=""https://www.sprinklr.com"" rel=""nofollow"">The White House</a>",,,photo,https://pbs.twimg.com/media/F-CwIhpWwAAzXmD.jpg,joebiden,0.0116029169424273,18 precious souls stolen in lewiston maine13 with physical woundsmany more with lifelong traumajill and i traveled today on behalf of the american people to grieve with the community and to make sure they know that theyre not alone,False,-0.2838409540659572,-0.1275385961874174,-72.66871,-25.551046,2.4493496,1.7873099
1751356406052118789,"I won’t allow extreme Republicans to hand out massive giveaways to the wealthy and large corporations, while raising your costs and cutting Social Security, Medicare, and Medicaid.",en,Tweet,218,38020,7411,18022,3277437.0,2024-01-27 16:28:00,"<a href=""https://sproutsocial.com"" rel=""nofollow"">Sprout Social</a>",,,,,joebiden,0.011600528095582,i wont allow extreme republicans to hand out massive giveaways to the wealthy and large corporations while raising your costs and cutting social security medicare and medicaid,False,0.0563343788460484,0.4012763397037875,-15.593835,56.30927,9.611892,1.4033852
1724919981828190465,You can’t make this stuff up. https://t.co/Az5h8QeHBX,en,Tweet,263,31420,8944,11778,2719356.0,2023-11-15 17:39:05,"<a href=""https://sproutsocial.com"" rel=""nofollow"">Sprout Social</a>",,,photo,https://pbs.twimg.com/media/F_AlkLtW8AAve8Z.jpg,joebiden,0.0115542062164718,you cant make this stuff up,False,-0.1035325793756518,-0.0857885373043109,54.100193,-48.75746,6.190571,5.855371
1727718786386579775,"This Thanksgiving, as Jill and I reflect on our nation's many blessings, we are thankful for our brave service members and the first responders who put so much on the line to keep us safe today and every day.",en,Tweet,72,19802,3051,5714,1715703.0,2023-11-23 11:00:32,"<a href=""https://sproutsocial.com"" rel=""nofollow"">Sprout Social</a>",,,,,joebiden,0.011541624628505,this thanksgiving as jill and i reflect on our nations many blessings we are thankful for our brave service members and the first responders who put so much on the line to keep us safe today and every day,False,-0.1961437286193654,-0.1550298628289057,-9.458258,-13.310021,3.8988512,5.7845874
1698667244593553449,"This Labor Day, I stand with every worker who has lifted our nation to new heights – and with the unions who gave them power and voice.

Workers built America. It's my job to make America work for them.

And I won't let them down. https://t.co/N3rBIAOAhp",en,Retweet,62,19011,4196,3556,1650069.0,2023-09-04 08:00:05,"<a href=""https://www.sprinklr.com"" rel=""nofollow"">The White House</a>",,,photo,https://pbs.twimg.com/media/F5Lg2p1W0AA-wEv.jpg,joebiden,0.0115213363804786,this labor day i stand with every worker who has lifted our nation to new heights  and with the unions who gave them power and voiceworkers built america its my job to make america work for themand i wont let them down,False,0.0872731974762259,-0.1776903754027921,21.795206,-8.66075,7.5232115,7.023596
1743366438910312643,"Three years ago for the first time in our history, a violent mob attacked the Capitol and tried to stop the peaceful transfer of power. We must make sure that never happens again and that democracy always remains the sacred cause of our nation. https://t.co/FHf06VG4Bk",en,Tweet,424,23703,6564,10052,2067257.0,2024-01-05 15:18:43,"<a href=""https://studio.twitter.com"" rel=""nofollow"">Twitter Media Studio</a>",,https://twitter.com/i/broadcasts/1jMKgmMwOXeJL,,,joebiden,0.0114659183642865,three years ago for the first time in our history a violent mob attacked the capitol and tried to stop the peaceful transfer of power we must make sure that never happens again and that democracy always remains the sacred cause of our nation,False,-0.2324937540629525,0.0028190816836579,-4.208717,-59.418266,5.0498805,2.473468
1719362347389579304,Happy Halloween from Jill and me! https://t.co/zFCiySfmFO,en,Retweet,223,65695,6097,16975,5751534.0,2023-10-31 10:35:02,"<a href=""https://www.sprinklr.com"" rel=""nofollow"">The White House</a>",,,photo,https://pbs.twimg.com/media/F9xm8L_WcAAPSMn.jpg,joebiden,0.0114221701549534,happy halloween from jill and me,False,-0.173622048842536,-0.1297285191156535,-12.323192,-15.671288,4.122188,6.107444
1739679951190679701,"Jill and I wish a very Happy Kwanzaa to all those celebrating across America and around the world.

May your homes be filled with hope, peace, and light.

And in 2024, may we carry with us the wisdom of the seven principles of Kwanzaa — especially those of unity and faith. https://t.co/xud7yssnYu",en,Retweet,104,17379,2829,5388,1524474.0,2023-12-26 11:09:56,"<a href=""https://www.sprinklr.com"" rel=""nofollow"">The White House</a>",,,photo,https://pbs.twimg.com/media/GCSVscKWUAATom8.jpg,joebiden,0.0113999976385297,jill and i wish a very happy kwanzaa to all those celebrating across america and around the worldmay your homes be filled with hope peace and lightand in 2024 may we carry with us the wisdom of the seven principles of kwanzaa  especially those of unity and faith,False,-0.1713602735294387,-0.2545940013362396,-15.72038,-12.689488,3.9801948,6.380713
1751017926365155706,Be Best.,en,Tweet,1868,116743,21981,17497,10245838.0,2024-01-26 18:03:00,"<a href=""https://sproutsocial.com"" rel=""nofollow"">Sprout Social</a>",,,,,joebiden,0.0113941875715778,be best,False,-0.1039885091491599,-0.0859455313561466,-1.7955801,-7.3000107,4.25394,4.7403936
1757554081910894877,"When unions do well, everybody does better.

Thank you for having me, Culinary Local 226 and Bartenders Local 165. https://t.co/Io2G4wQH7P",en,Tweet,48,8460,2083,2019,742690.0,2024-02-13 18:55:21,"<a href=""https://sproutsocial.com"" rel=""nofollow"">Sprout Social</a>",,,video,https://video.twimg.com/amplify_video/1757553996678500352/vid/avc1/1080x1920/7FiVoSUghLcMZ7h9.mp4?tag=16,joebiden,0.0113910245189783,when unions do well everybody does betterthank you for having me culinary local 226 and bartenders local 165,False,0.0825997420938707,-0.1564780776350885,19.506123,-6.4476204,7.574844,7.0651865
1685653038990569472,"Today marks the 58th anniversary of Medicare and Medicaid—programs that have given millions of Americans access to affordable health care coverage.

MAGA Republicans still want them on the chopping block. https://t.co/0lmJZg5Z3X",en,Tweet,119,15541,5616,2124,1365133.0,2023-07-30 10:06:17,"<a href=""https://sproutsocial.com"" rel=""nofollow"">Sprout Social</a>",,,video,https://video.twimg.com/amplify_video/1685652722891018240/vid/1080x1080/syEKBQzFqSVg_V7i.mp4?tag=16,joebiden,0.0113842387518285,today marks the 58th anniversary of medicare and medicaidprograms that have given millions of americans access to affordable health care coveragemaga republicans still want them on the chopping block,False,0.0031808253606954,0.3133630799462781,-24.033842,57.208694,9.398692,0.9081286
1750549196036337719,"Give me a Democratic House of Representatives and a bigger Democratic Senate, and we will pass a new law to restore and protect Roe v. Wade.

I will sign it immediately. https://t.co/J6JSD3hAdb",en,Tweet,384,54867,13239,16879,4828781.0,2024-01-25 11:00:26,"<a href=""https://sproutsocial.com"" rel=""nofollow"">Sprout Social</a>",,,photo,https://pbs.twimg.com/media/GEszMybW4AAq2Fg.jpg,joebiden,0.0113624950065037,give me a democratic house of representatives and a bigger democratic senate and we will pass a new law to restore and protect roe v wadei will sign it immediately,False,-0.0891547034506648,0.2193346059229513,-34.332863,-76.92502,5.4364586,0.2459635
1687189095162765314,"Every federal infrastructure project will be built by American workers using American products, creating American jobs.",en,Tweet,21,13312,2266,3222,1177112.0,2023-08-03 15:50:01,"<a href=""https://sproutsocial.com"" rel=""nofollow"">Sprout Social</a>",,,,,joebiden,0.0113090343144917,every federal infrastructure project will be built by american workers using american products creating american jobs,False,0.2362427607004262,-0.1011059414542322,37.467155,4.509164,8.758967,6.0022016
1697670703636488376,"There is no reason why Americans should be forced to pay more than any developed nation for life-saving prescriptions.

Big Pharma has filed eight lawsuits and spent nearly $400 million last year to try to stop our progress.

I am not backing down.",en,Tweet,48,26925,4809,3484,2382385.0,2023-09-01 14:00:11,"<a href=""https://sproutsocial.com"" rel=""nofollow"">Sprout Social</a>",,,,,joebiden,0.01130169976725,there is no reason why americans should be forced to pay more than any developed nation for lifesaving prescriptionsbig pharma has filed eight lawsuits and spent nearly 400 million last year to try to stop our progressi am not backing down,False,0.0304223423182501,0.3094929016084088,-2.0891678,79.5663,10.561127,1.6341224
1744826399431500124,Let me be clear for those who don't seem to know: Slavery was the cause of the Civil War.,en,Tweet,604,74079,10302,20679,6556073.0,2024-01-09 16:00:05,"<a href=""https://sproutsocial.com"" rel=""nofollow"">Sprout Social</a>",,,,,joebiden,0.0112992945624614,let me be clear for those who dont seem to know slavery was the cause of the civil war,False,-0.1217196868178991,0.0098146183179314,-24.785278,-20.316675,3.7223382,2.8740647
1750931005744042006,"The Dobbs decision puts at risk the broader rights of privacy for everyone. 

—The right to make the best decisions for your health —The right to use birth control 
—The right to marry who you love  

The fundamental right to privacy has served as a basis for so many other rights that are part of the fabric of this country.",en,Tweet,77,10472,2492,2807,927320.0,2024-01-26 12:17:37,"<a href=""https://mobile.twitter.com"" rel=""nofollow"">Twitter Web App</a>",,,,,joebiden,0.0112927576241211,the dobbs decision puts at risk the broader rights of privacy for everyone the right to make the best decisions for your health the right to use birth control the right to marry who you love  the fundamental right to privacy has served as a basis for so many other rights that are part of the fabric of this country,False,-0.1656220230236414,0.1815814665912372,-14.111041,-75.04025,6.0791583,0.8361919
1707882950518288387,"Funding the government is one of the most basic fundamental responsibilities of Congress. 

If Republicans in the House don’t start doing their job, we should stop electing them.",en,Tweet,78,31416,6264,13668,2782479.0,2023-09-29 18:20:00,"<a href=""https://sproutsocial.com"" rel=""nofollow"">Sprout Social</a>",,,,,joebiden,0.0112906512501981,funding the government is one of the most basic fundamental responsibilities of congress if republicans in the house dont start doing their job we should stop electing them,False,-0.0324902772928585,0.3001881067827562,-54.420975,39.60218,8.369232,0.56056017
1707077735376417037,"Auto workers saved the automobile industry in 2008, and they made a lot of sacrifices when car companies were in trouble. 

Now, those companies are doing incredibly well—and these workers should be too. https://t.co/rN7jYjozix",en,Tweet,18,7127,1570,1707,631408.0,2023-09-27 13:00:22,"<a href=""https://sproutsocial.com"" rel=""nofollow"">Sprout Social</a>",,,photo,https://pbs.twimg.com/media/F7DCIvnXAAEY88j.jpg,joebiden,0.0112874718090363,auto workers saved the automobile industry in 2008 and they made a lot of sacrifices when car companies were in trouble now those companies are doing incredibly welland these workers should be too,False,0.1805333809412405,-0.0510825085774388,33.480324,-8.168779,8.209693,7.4672704
1674919495129767939,"Some of the same elected Republicans who voted to overturn my student loan relief plan benefitted from thousands in pandemic relief loans to keep their own businesses open.

Those loans were forgiven.

Now, they refuse to extend the same relief to borrowers with student debt.",en,Retweet,296,64483,13399,11744,5744802.0,2023-06-30 19:15:00,"<a href=""https://www.sprinklr.com"" rel=""nofollow"">The White House</a>",,,,,joebiden,0.01122458180456,some of the same elected republicans who voted to overturn my student loan relief plan benefitted from thousands in pandemic relief loans to keep their own businesses openthose loans were forgivennow they refuse to extend the same relief to borrowers with student debt,False,0.0179608947521734,0.3027159623689272,55.19527,59.379715,7.5476766,-1.3096898
1755366876975149198,We are leading the world in manufacturing growth by investing in America and in our people. https://t.co/3Kn2Vdc4HX,en,Tweet,130,11927,2814,5447,1063577.0,2024-02-07 18:04:11,"<a href=""https://sproutsocial.com"" rel=""nofollow"">Sprout Social</a>",,,video,https://video.twimg.com/amplify_video/1755366833056604160/vid/avc1/1080x1920/RIUc3zjci1pDEOeX.mp4?tag=16,joebiden,0.0112140446812971,we are leading the world in manufacturing growth by investing in america and in our people,False,0.2769420106121171,-0.2144810484818314,45.872612,7.1002903,9.335072,5.7991633
1652086664196497410,"It was my pleasure welcoming the Tennessee Three to the White House.
 
Thank you, Representatives Justin Jones, Justin Pearson, and Gloria Johnson, for your leadership and courage to stand up for safer communities and democratic values. https://t.co/oFRsQ19kCo",en,Retweet,194,27837,4237,4351,2484656.0,2023-04-28 19:05:29,"<a href=""https://www.sprinklr.com"" rel=""nofollow"">The White House</a>",,,video,https://video.twimg.com/amplify_video/1652086480699813889/vid/1920x1080/R1tCeo_g5bbjdnFS.mp4?tag=16,joebiden,0.0112035629881963,it was my pleasure welcoming the tennessee three to the white house thank you representatives justin jones justin pearson and gloria johnson for your leadership and courage to stand up for safer communities and democratic values,False,-0.2029734980810776,-0.0426842922389536,15.890322,-10.934454,4.4032297,4.9625273
1724174070424523090,"Instead of lower wages, the UAW won record gains. 
Instead of fewer jobs, the UAW won a commitment for thousands more jobs. 
Instead of less involvement and investment, the UAW encouraged American automakers to invest $40 billion in the American auto industry.

It's a big deal. https://t.co/qyz7TbdzmS",en,Tweet,32,10304,2533,3121,923581.0,2023-11-13 16:15:06,"<a href=""https://sproutsocial.com"" rel=""nofollow"">Sprout Social</a>",,,photo,https://pbs.twimg.com/media/F-1_KYCWgAAboXg.jpg,joebiden,0.011156574247413,instead of lower wages the uaw won record gains instead of fewer jobs the uaw won a commitment for thousands more jobs instead of less involvement and investment the uaw encouraged american automakers to invest 40 billion in the american auto industryits a big deal,False,0.301976285824868,-0.0614936757571798,33.12207,-9.339277,8.180723,7.610763
1697741121919537158,"Today, we learned that the economy created 187,000 jobs last month. We've added 13.5 million jobs since I took office, and the unemployment remains below 4%.

That’s Bidenomics.",en,Tweet,60,22748,3604,7457,2044358.0,2023-09-01 18:40:00,"<a href=""https://sproutsocial.com"" rel=""nofollow"">Sprout Social</a>",,,,,joebiden,0.0111272096178849,today we learned that the economy created 187000 jobs last month weve added 135 million jobs since i took office and the unemployment remains below 4thats bidenomics,False,0.4620844620166969,-0.2323674604451142,77.7247,4.9507666,11.229542,6.7322316
1708090568100712727,"There are those in Congress right now who are sowing so much division, they’re willing to shut down the government tonight.
 
It’s unacceptable.",en,Retweet,83,34920,6216,13206,3146492.0,2023-09-30 08:05:00,"<a href=""https://www.sprinklr.com"" rel=""nofollow"">The White House</a>",,,,,joebiden,0.0110980736642584,there are those in congress right now who are sowing so much division theyre willing to shut down the government tonight its unacceptable,False,-0.1532582977918765,0.2329613787725505,-52.111595,42.71271,8.442284,0.41860038
1704981406743429626,"Two nations. One clear, firm, and unwavering message: We stand together.

Дві країни. Один чіткий, твердий і непохитний сигнал: ми разом. https://t.co/d5VGFt8nJk",und,Retweet,372,59829,9926,9242,5404802.0,2023-09-21 18:10:19,"<a href=""https://www.sprinklr.com"" rel=""nofollow"">The White House</a>",,,video,https://video.twimg.com/amplify_video/1704981331329884160/vid/avc1/1080x1920/DfFTZkXugXiAyGJD.mp4?tag=16,joebiden,0.011069600699526,two nations one clear firm and unwavering message we stand together,False,-0.1986809468203528,-0.2072269274072948,-50.004776,18.105461,2.3986986,4.425237
1740828294042325167,"Republicans want to repeal the Inflation Reduction Act and let Big Pharma charge whatever it wants for prescription drugs. They want to raise costs for seniors and working families and allow Big Pharma to gain exorbitant profits. 

I will not let that happen.",en,Tweet,82,18471,4222,6747,1669142.0,2023-12-29 15:13:02,"<a href=""https://sproutsocial.com"" rel=""nofollow"">Sprout Social</a>",,,,,joebiden,0.0110661645324364,republicans want to repeal the inflation reduction act and let big pharma charge whatever it wants for prescription drugs they want to raise costs for seniors and working families and allow big pharma to gain exorbitant profits i will not let that happen,False,0.0913230232296027,0.4979231175720447,-11.063271,69.896286,10.058802,1.5943005
1756415995176952087,"Our economy has created 14.8 million jobs since I took office.

Unemployment has been under 4% for two full years.

Inflation has been at the pre-pandemic level of 2% over the last half year.",en,Tweet,140,22578,4604,9778,2041414.0,2024-02-10 15:33:00,"<a href=""https://sproutsocial.com"" rel=""nofollow"">Sprout Social</a>",,,,,joebiden,0.0110599809739719,our economy has created 148 million jobs since i took officeunemployment has been under 4 for two full yearsinflation has been at the prepandemic level of 2 over the last half year,False,0.4876422440086479,-0.1796295390190829,71.02171,17.298775,11.349553,6.3122563
1684711538005786624,We’re asking the Department of Labor to issue a Heat Hazard Alert that reaffirms workers have heat-related protections under federal law. We should be protecting workers from hazardous conditions and I will call out states that refuse to protect those who work in this awful heat. https://t.co/DhI1nx4wvJ,en,Tweet,53,14717,3215,2628,1330902.0,2023-07-27 19:45:05,"<a href=""https://sproutsocial.com"" rel=""nofollow"">Sprout Social</a>",,,photo,https://pbs.twimg.com/media/F2FMMt_WMAA0vim.jpg,joebiden,0.0110579141063729,were asking the department of labor to issue a heat hazard alert that reaffirms workers have heatrelated protections under federal law we should be protecting workers from hazardous conditions and i will call out states that refuse to protect those who work in this awful heat,False,-0.0885127266629725,0.0813632084242875,7.517987,24.090456,8.249928,3.3008568
1694538518343663709,What she said. https://t.co/GvDRWUI1hK,en,Tweet,1444,126968,29038,6066,11483194.0,2023-08-23 22:34:00,"<a href=""https://sproutsocial.com"" rel=""nofollow"">Sprout Social</a>",,,video,https://video.twimg.com/amplify_video/1694538401695805441/vid/1080x1920/K4PGs7sbMm7PfKzL.mp4?tag=16,joebiden,0.0110568540425251,what she said,False,-0.1729186290360131,-0.0595942108757512,50.864937,-46.159958,6.1057043,6.0796313
1703794028905398423,"For too long, we’ve been exporting jobs. We’re not doing that anymore. 

We’re creating good-paying union jobs and exporting union-made products to the rest of the world. https://t.co/N2PgwfttZS",en,Tweet,51,20833,4079,8097,1884697.0,2023-09-18 11:32:06,"<a href=""https://sproutsocial.com"" rel=""nofollow"">Sprout Social</a>",,,photo,https://pbs.twimg.com/media/F6UXn4KW4AEih2q.jpg,joebiden,0.0110537662022065,for too long weve been exporting jobs were not doing that anymore were creating goodpaying union jobs and exporting unionmade products to the rest of the world,False,0.2539056429483607,-0.1489934338336835,41.25016,0.15007696,8.982166,6.3758397
1734234845839028437,Save health care. Stop Trump. https://t.co/GAW7gAmJbf,en,Tweet,100,12064,3376,6730,1096159.0,2023-12-11 10:33:02,"<a href=""https://sproutsocial.com"" rel=""nofollow"">Sprout Social</a>",,,video,https://video.twimg.com/amplify_video/1734234060157779970/vid/avc1/720x1280/7siYU9t0KgJidRUx.mp4?tag=14,joebiden,0.0110057026398542,save health care stop trump,True,-0.100067816568746,0.2286562119725785,-17.68822,65.82873,9.8930855,0.5913633
1757067544697971001,"Donald Trump said he hopes the economy crashes “in the next twelve months.”

He’s wishing for economic devastation for millions of Americans.

He knows our economy is strong—and he knows it’s bad for him politically if America continues to succeed.",en,Tweet,446,53410,9890,9991,4860900.0,2024-02-12 10:42:02,"<a href=""https://sproutsocial.com"" rel=""nofollow"">Sprout Social</a>",,,,,joebiden,0.0109876771791232,donald trump said he hopes the economy crashes in the next twelve monthshes wishing for economic devastation for millions of americanshe knows our economy is strongand he knows its bad for him politically if america continues to succeed,True,0.1376880784757879,0.0049133883958809,89.8086,-4.7617407,10.417988,6.2008777
1700548872181866720,"From day one, I have delivered on the most ambitious climate and conservation agenda in our country’s history. But there is more to do, and we will continue to take bold action to meet the urgency of the climate crisis and to protect our lands and waters for generations to come.",en,Tweet,28,14935,2745,5762,1359928.0,2023-09-09 12:37:00,"<a href=""https://sproutsocial.com"" rel=""nofollow"">Sprout Social</a>",,,,,joebiden,0.0109821990575971,from day one i have delivered on the most ambitious climate and conservation agenda in our countrys history but there is more to do and we will continue to take bold action to meet the urgency of the climate crisis and to protect our lands and waters for generations to come,False,0.0097827794249701,-0.0530593118474201,1.2382295,20.368607,7.9113417,3.2387426
1754882731584934061,"Today’s the day, Nevada! There is too much at stake to sit this primary out.

Go to https://t.co/aAPd5ooUvJ to confirm your polling location. https://t.co/lGduCVVUHV",en,Tweet,17,4921,1293,1249,448511.0,2024-02-06 10:00:22,"<a href=""https://sproutsocial.com"" rel=""nofollow"">Sprout Social</a>",,http://IWillVote.com/NV,photo,https://pbs.twimg.com/media/GFqYhveXcAEvN2o.jpg,joebiden,0.0109718602219343,todays the day nevada there is too much at stake to sit this primary outgo to  to confirm your polling location,False,-0.2029015205287494,-0.0244293918729806,11.388436,-72.25072,5.554973,3.6427414
1700222553262899312,"Decades of handing out excessive tax cuts to the rich and corporations without making investments in America was a bust.

We’re replacing trickle-down economics with Bidenomics—and it's working. https://t.co/1xNDdrLXZM",en,Tweet,45,13868,2756,6944,1266417.0,2023-09-08 15:00:19,"<a href=""https://sproutsocial.com"" rel=""nofollow"">Sprout Social</a>",,,photo,https://pbs.twimg.com/media/F5hnYoJXEAA9sEO.jpg,joebiden,0.0109505794694796,decades of handing out excessive tax cuts to the rich and corporations without making investments in america was a bustwere replacing trickledown economics with bidenomicsand its working,False,0.3875238246908074,-0.0013419712973011,54.976257,-0.27705923,10.200573,5.1362047
1709934722099687687,"We are doing everything we can to deliver student debt relief to as many as we can as fast as we can. 

Contrast this with House Republicans who helped block the previous debt relief plan and nearly shut down the government over extreme demands that would have hurt families.",en,Tweet,20,11439,2264,5250,1045208.0,2023-10-05 10:13:01,"<a href=""https://sproutsocial.com"" rel=""nofollow"">Sprout Social</a>",,,,,joebiden,0.010944233109582,we are doing everything we can to deliver student debt relief to as many as we can as fast as we can contrast this with house republicans who helped block the previous debt relief plan and nearly shut down the government over extreme demands that would have hurt families,False,0.0414722662938254,0.2367724243687329,48.57124,56.5504,7.4994574,-1.4587381
1757847680049463382,"If extreme MAGA Republicans get their way, millions of families would face skyrocketing health care costs or lose their health care altogether. 

I won’t let it happen on my watch.

I’ll keep fighting to bring down health care and prescription drug costs.",en,Tweet,72,16150,3585,8936,1482893.0,2024-02-14 14:22:00,"<a href=""https://sproutsocial.com"" rel=""nofollow"">Sprout Social</a>",,,,,joebiden,0.0108908734480505,if extreme maga republicans get their way millions of families would face skyrocketing health care costs or lose their health care altogether i wont let it happen on my watchill keep fighting to bring down health care and prescription drug costs,False,0.0290262052781722,0.4289801472982416,-15.484409,65.74829,9.771943,1.1359216
1693826583650300127,"We’re in this for as long as it takes.
 
And we’re going to rebuild the way the people of Maui want to rebuild. https://t.co/2klooGQ6qe",en,Retweet,74,23071,3716,5867,2123554.0,2023-08-21 23:25:01,"<a href=""https://www.sprinklr.com"" rel=""nofollow"">The White House</a>",,,photo,https://pbs.twimg.com/media/F4GuTHJXYAA46nF.jpg,joebiden,0.010864334036243,were in this for as long as it takes and were going to rebuild the way the people of maui want to rebuild,False,-0.1014487673262094,-0.1248929144408152,-17.952791,8.792515,2.623474,6.025499
1745960350913069437,"Those pushing the Big Lie don't have respect for the 81 million people who voted for my presidency.

That's not democracy. That’s not America.",en,Tweet,413,54031,9607,34736,4974462.0,2024-01-12 19:06:00,"<a href=""https://sproutsocial.com"" rel=""nofollow"">Sprout Social</a>",,,,,joebiden,0.010861677101966,those pushing the big lie dont have respect for the 81 million people who voted for my presidencythats not democracy thats not america,False,-0.1073418304007242,0.052928504978527,5.8757105,-57.24373,5.552847,2.4898899
1702381780546822440,Every single one. https://t.co/DVsSPgMLHX,en,Tweet,693,88541,27171,31252,8169818.0,2023-09-14 14:00:19,"<a href=""https://sproutsocial.com"" rel=""nofollow"">Sprout Social</a>",,,photo,https://pbs.twimg.com/media/F6ATMMmXoAA9oq8.jpg,joebiden,0.010837573125864,every single one,False,-0.1103705942197539,-0.0621461535074977,49.298,-50.84268,6.078115,5.847473
1742226758655426842,"As we head into the new year, I'm as committed as ever to lowering costs and fighting for working families.

Let's get it done.",en,Tweet,61,19224,3173,9452,1774869.0,2024-01-02 11:50:02,"<a href=""https://sproutsocial.com"" rel=""nofollow"">Sprout Social</a>",,,,,joebiden,0.0108312219098987,as we head into the new year im as committed as ever to lowering costs and fighting for working familieslets get it done,False,0.1138579422241548,0.1255925818276654,-6.600425,57.95822,10.224385,2.3383114
1657750112955772930,"To moms everywhere, I wish you a happy Mother's Day.",en,Tweet,25,24294,2347,3677,2248068.0,2023-05-14 10:10:01,"<a href=""https://sproutsocial.com"" rel=""nofollow"">Sprout Social</a>",,,,,joebiden,0.0108066126113622,to moms everywhere i wish you a happy mothers day,False,-0.2153825440400581,-0.0683131190507176,-0.07680401,-10.814285,4.2306237,5.4140673
1710052285445791751,"When I took office, the Public Service Loan Forgiveness program had been in place for nearly 15 years, but because of red tape, only 7,000 borrowers had been helped.
 
Thanks to our reforms, 715,000 borrowers have now had their debts forgiven.",en,Tweet,65,17382,3618,4480,1618355.0,2023-10-05 18:00:10,"<a href=""https://sproutsocial.com"" rel=""nofollow"">Sprout Social</a>",,,,,joebiden,0.0107405359145552,when i took office the public service loan forgiveness program had been in place for nearly 15 years but because of red tape only 7000 borrowers had been helped thanks to our reforms 715000 borrowers have now had their debts forgiven,False,0.1814086736429206,0.0243480187920631,43.00259,58.299587,7.150408,-1.9598668
1745290159304622336,Just like he said: he did it.,en,Tweet,905,68583,13428,10825,6401015.0,2024-01-10 22:42:54,"<a href=""https://mobile.twitter.com"" rel=""nofollow"">Twitter Web App</a>",,,,,joebiden,0.010714394513995,just like he said he did it,False,-0.0697331233860363,-0.0965479278310987,55.41655,-44.97644,6.6215515,5.7975287
1724857317642965376,"Since I signed the Bipartisan Infrastructure Law, we’ve announced over 37,000 projects in 4,500 communities across the country. And we’re just getting started.",en,Tweet,25,7835,1718,2447,731697.0,2023-11-15 13:30:05,"<a href=""https://sproutsocial.com"" rel=""nofollow"">Sprout Social</a>",,,,,joebiden,0.0107079843159121,since i signed the bipartisan infrastructure law weve announced over 37000 projects in 4500 communities across the country and were just getting started,False,0.2344845788019307,-0.0697174324643379,29.66924,19.790888,8.295102,4.818426
1704248270812299725,"Let’s be clear: Donald Trump is responsible for ending Roe v. Wade.

And if you vote for him, he’ll go even further. https://t.co/24Xq6s33wv",en,Tweet,1064,122453,31352,19477,11460243.0,2023-09-19 17:37:05,"<a href=""https://sproutsocial.com"" rel=""nofollow"">Sprout Social</a>",,,photo,https://pbs.twimg.com/media/F6a0wPQX0AAPyek.jpg,joebiden,0.0106850264867856,lets be clear donald trump is responsible for ending roe v wadeand if you vote for him hell go even further,True,-0.1588285209243944,0.1807969364168365,-11.435552,-82.76804,6.323269,0.95365644
1660408885109305345,"Mr. President, what the people of Ukraine are defending and what you've achieved is a matter for the entire world to observe.
 
I speak for America when I say that we're in awe of what you've done so far. https://t.co/uPKsTXAJW0",en,Retweet,341,75325,10300,14559,7145793.0,2023-05-21 18:15:01,"<a href=""https://www.sprinklr.com"" rel=""nofollow"">The White House</a>",,,photo,https://pbs.twimg.com/media/Fwr1FDFWcAQTwNX.jpg,joebiden,0.0105411673693878,mr president what the people of ukraine are defending and what youve achieved is a matter for the entire world to observe i speak for america when i say that were in awe of what youve done so far,False,-0.1257624374910314,-0.1900699756478187,-52.825325,15.976416,2.4188921,4.2882
1691938134370517178,"Republicans passed  a $2 trillion tax giveaway for the wealthiest Americans and biggest corporations.

Under the Inflation Reduction Act, we kept my commitment: No one earning less than $400,000 a year will pay a single penny more in federal taxes.",en,Tweet,58,14329,3702,6002,1361214.0,2023-08-16 18:21:00,"<a href=""https://sproutsocial.com"" rel=""nofollow"">Sprout Social</a>",,,,,joebiden,0.0105266328439172,republicans passed  a 2 trillion tax giveaway for the wealthiest americans and biggest corporationsunder the inflation reduction act we kept my commitment no one earning less than 400000 a year will pay a single penny more in federal taxes,False,0.2234776746101125,0.265007276525915,-13.948429,48.260906,9.427549,1.858569
1694024193787015499,"The people of Maui have shown incredible courage. 

The country grieves with you, stands with you, and we’ll do everything possible to help you recover, rebuild, and respect culture and traditions when the rebuilding takes place. https://t.co/NhLmS3jQEx",en,Tweet,29,16980,2892,4220,1613329.0,2023-08-22 12:30:15,"<a href=""https://sproutsocial.com"" rel=""nofollow"">Sprout Social</a>",,,photo,"https://pbs.twimg.com/media/F4Jh_Y1XsA4eb6s.jpg,https://pbs.twimg.com/media/F4JiAmnXsAklnrc.jpg",joebiden,0.0105248216575788,the people of maui have shown incredible courage the country grieves with you stands with you and well do everything possible to help you recover rebuild and respect culture and traditions when the rebuilding takes place,False,-0.256348248306092,-0.1701933974033929,-15.533782,8.668176,2.7262738,6.0319266
1657112164694478869,"I increased the VA’s budget because too many veterans couldn’t get appointments.

The MAGA Republican budget would cut 30 million veterans' health care visits.",en,Tweet,23,11659,3168,3958,1108173.0,2023-05-12 15:55:02,"<a href=""https://sproutsocial.com"" rel=""nofollow"">Sprout Social</a>",,,,,joebiden,0.0105209204699988,i increased the vas budget because too many veterans couldnt get appointmentsthe maga republican budget would cut 30 million veterans health care visits,False,0.0416131849870402,0.3256290767786304,-27.343197,34.232388,7.8688645,1.6341603
1707205521562890589,Couldn’t agree more.,en,Tweet,896,98862,17269,4472,9419034.0,2023-09-27 21:28:09,"<a href=""https://mobile.twitter.com"" rel=""nofollow"">Twitter Web App</a>",,,,,joebiden,0.0104959807980308,couldnt agree more,False,-0.1684421254508145,-0.0390517020017508,53.915634,-50.37136,5.864278,5.889731
1678465366501064705,It was an honor meeting with His Majesty this morning for a wide-ranging discussion on the global challenges facing our nations. https://t.co/KBybKVrnkF,en,Retweet,139,36214,3215,4357,3454191.0,2023-07-10 14:05:02,"<a href=""https://www.sprinklr.com"" rel=""nofollow"">The White House</a>",,,photo,https://pbs.twimg.com/media/F0sbWkaWIA8Vk_H.jpg,joebiden,0.0104840757213483,it was an honor meeting with his majesty this morning for a wideranging discussion on the global challenges facing our nations,False,-0.1854725786795869,-0.2226611322325853,9.492635,3.0095403,4.1434493,4.6459317
1706805246230409429,"You've heard me say it many times:

Wall Street didn't build this country, the middle class did, and unions built the middle class. 

UAW workers deserve what they've earned, and they've earned a hell of a lot more than what they're getting paid now. https://t.co/iMtAVKDKCW",en,Tweet,88,15926,3551,3525,1521803.0,2023-09-26 18:57:36,"<a href=""https://sproutsocial.com"" rel=""nofollow"">Sprout Social</a>",,,video,https://video.twimg.com/amplify_video/1706805097525612544/vid/avc1/1080x1920/25g2L60AGHTIMimf.mp4?tag=16,joebiden,0.0104652179027114,youve heard me say it many timeswall street didnt build this country the middle class did and unions built the middle class uaw workers deserve what theyve earned and theyve earned a hell of a lot more than what theyre getting paid now,False,0.1101519608450372,-0.0540326991700855,24.98391,-7.817917,7.8382206,7.261861
1684688363931029504,"My predecessor presided over historic job losses.

Thanks to Bidenomics, we’ve presided over historic job growth.",en,Tweet,112,37911,6334,16693,3628353.0,2023-07-27 18:13:00,"<a href=""https://sproutsocial.com"" rel=""nofollow"">Sprout Social</a>",,,,,joebiden,0.0104485423551677,my predecessor presided over historic job lossesthanks to bidenomics weve presided over historic job growth,False,0.3480206851908408,-0.1654519348915668,85.301765,1.1153038,11.024665,6.4874277
1695583467080192164,"We have many obligations as a nation, but we only have one truly sacred obligation: to equip those we send into harm’s way and care for them and their families when they come home and when they don’t.

We met that obligation when I signed the PACT Act into law. https://t.co/tTFRCaxjUI",en,Tweet,44,17485,3383,4432,1675353.0,2023-08-26 19:46:15,"<a href=""https://sproutsocial.com"" rel=""nofollow"">Sprout Social</a>",,,photo,https://pbs.twimg.com/media/F4fsLDoX0AE73Ah.jpg,joebiden,0.0104366064942731,we have many obligations as a nation but we only have one truly sacred obligation to equip those we send into harms way and care for them and their families when they come home and when they dontwe met that obligation when i signed the pact act into law,False,-0.1333381530429491,0.0469625500873213,-29.371876,3.4801838,6.9826703,1.9346963
1756721310489539060,"The answer is that Major Haley is abroad, serving his country right now.

We know he thinks our troops are “suckers,” but this guy wouldn’t know service to his country if it slapped him in the face.",en,Tweet,1063,108609,20335,8703,10412011.0,2024-02-11 11:46:13,"<a href=""https://mobile.twitter.com"" rel=""nofollow"">Twitter Web App</a>",,,,,joebiden,0.0104311261292367,the answer is that major haley is abroad serving his country right nowwe know he thinks our troops are suckers but this guy wouldnt know service to his country if it slapped him in the face,False,-0.2027345124500344,-0.0063113897064882,-29.171707,19.09265,6.9158254,2.053896
1700900187504263529,"We’re protecting pensions for millions of union workers—one of the most significant achievements for union workers and retirees in over 50 years.

And we got it done without a single Republican vote.",en,Tweet,37,14797,3117,3499,1419918.0,2023-09-10 11:53:00,"<a href=""https://sproutsocial.com"" rel=""nofollow"">Sprout Social</a>",,,,,joebiden,0.0104210243126715,were protecting pensions for millions of union workersone of the most significant achievements for union workers and retirees in over 50 yearsand we got it done without a single republican vote,False,0.1911236787877048,0.2019792458742232,7.296548,37.886192,8.68379,2.5748897
1726345857673417099,"This month, the American people voted to protect our fundamental freedoms like the right to choose.

They voted to protect our democracy.
They voted against the extremism of our opponents.

They voted for the progress that @KamalaHarris and I have been making.",en,Tweet,28,8973,2914,3859,863457.0,2023-11-19 16:05:01,"<a href=""https://sproutsocial.com"" rel=""nofollow"">Sprout Social</a>",,,,,joebiden,0.0103919477171416,this month the american people voted to protect our fundamental freedoms like the right to choosethey voted to protect our democracythey voted against the extremism of our opponentsthey voted for the progress that kamalaharris and i have been making,False,-0.0426592762723625,0.0143442726176532,10.724683,-57.17242,5.6860023,2.1819327
1698126918875320334,"I was in Live Oak today to deliver a clear message to the people of Florida and throughout the Southeast:

If there’s anything your states need as you recover from Idalia, I’m ready to mobilize that relief.

Your nation has your back, and we’ll be with you until the job is done. https://t.co/obE6sQOWb7",en,Retweet,62,24103,4204,3427,2328062.0,2023-09-02 20:13:01,"<a href=""https://www.sprinklr.com"" rel=""nofollow"">The White House</a>",,,photo,https://pbs.twimg.com/media/F5D1birXwAA8ssa.jpg,joebiden,0.0103532466059752,i was in live oak today to deliver a clear message to the people of florida and throughout the southeastif theres anything your states need as you recover from idalia im ready to mobilize that reliefyour nation has your back and well be with you until the job is done,False,-0.1578465179786124,-0.1104782365763002,-10.424494,15.682505,2.9170766,6.3490396
1691979407554904325,"Our prayers are with the people of Hawai’i – but not just our prayers.
 
Every asset they need will be there for them.",en,Retweet,81,36752,4468,8476,3551841.0,2023-08-16 21:05:00,"<a href=""https://www.sprinklr.com"" rel=""nofollow"">The White House</a>",,,,,joebiden,0.0103473100287991,our prayers are with the people of hawaii  but not just our prayers every asset they need will be there for them,False,-0.229538430778391,-0.117105912362718,-17.364996,14.028095,2.6657765,6.2106695
1698697695848759414,"The middle class built America, and unions built the middle class.

This Labor Day, we honor the American worker. https://t.co/wn6XD5x1Gk",en,Tweet,57,13425,3092,3942,1297478.0,2023-09-04 10:01:05,"<a href=""https://sproutsocial.com"" rel=""nofollow"">Sprout Social</a>",,,video,https://video.twimg.com/amplify_video/1698697547471114240/vid/1080x1920/LdmhfNyU6UWBbRny.mp4?tag=16,joebiden,0.0103469962496473,the middle class built america and unions built the middle classthis labor day we honor the american worker,False,0.1182231958782242,-0.1802159986675854,22.533659,-8.170223,7.7390738,7.0384455
1699908906024124780,"When put into practice, trickle-down economics failed. 

It blew up the deficit, increased inequity, and weakened the infrastructure of America. 

Bidenomics is about growing the economy by strengthening the middle class and making things in America again.",en,Tweet,39,13583,2917,7002,1313399.0,2023-09-07 18:14:00,"<a href=""https://sproutsocial.com"" rel=""nofollow"">Sprout Social</a>",,,,,joebiden,0.0103418686933673,when put into practice trickledown economics failed it blew up the deficit increased inequity and weakened the infrastructure of america bidenomics is about growing the economy by strengthening the middle class and making things in america again,False,0.408876606134316,-0.0043999100001302,56.357033,0.93737787,10.044919,4.9366384
1689683177541877760,"We should learn everything that’s good, bad, and the truth, about who we are as a nation. That’s what great nations do. https://t.co/wxWOTIHqYS",en,Tweet,74,14555,3086,5098,1408318.0,2023-08-10 13:00:36,"<a href=""https://sproutsocial.com"" rel=""nofollow"">Sprout Social</a>",,,video,https://video.twimg.com/amplify_video/1689683070905982984/vid/1080x1920/4RF60gg_sMehCaS8.mp4?tag=16,joebiden,0.0103350237659392,we should learn everything thats good bad and the truth about who we are as a nation thats what great nations do,False,-0.153705007739296,-0.1629486799924549,-50.400143,-11.1900625,3.5085483,3.3295527
1734613211327209965,While Trump just talked the talk; we’re walking the walk. https://t.co/3S9z9eu3SM,en,Tweet,103,13192,2933,11602,1277364.0,2023-12-12 11:36:31,"<a href=""https://sproutsocial.com"" rel=""nofollow"">Sprout Social</a>",,,video,https://video.twimg.com/amplify_video/1734613083216379904/vid/avc1/1080x1920/sHf1Qt4Vd71XTRsQ.mp4?tag=16,joebiden,0.0103275182328607,while trump just talked the talk were walking the walk,True,0.0461972597071131,-0.1277874944199532,54.651592,-23.632622,6.8297234,5.097025
1722374437243146321,"The extreme and dangerous MAGA Republican agenda is out-of-step with the vast majority of Americans.

We will continue to protect access to reproductive health care and call on Congress to restore the protections of Roe v. Wade in federal law once and for all.",en,Tweet,75,17714,3858,10329,1716573.0,2023-11-08 17:04:00,"<a href=""https://sproutsocial.com"" rel=""nofollow"">Sprout Social</a>",,,,,joebiden,0.0103193980098719,the extreme and dangerous maga republican agenda is outofstep with the vast majority of americanswe will continue to protect access to reproductive health care and call on congress to restore the protections of roe v wade in federal law once and for all,False,-0.1607954878162384,0.3721537648890811,-18.339705,-75.51133,5.848808,0.33838883
1657153177089720320,"The last thing this country needs is a manufactured crisis.

But MAGA Republicans are creating exactly that by holding America’s economy hostage—all to try to force cuts to veterans’ benefits, education, health care, and more.",en,Tweet,58,19297,5323,12958,1878445.0,2023-05-12 18:38:00,"<a href=""https://sproutsocial.com"" rel=""nofollow"">Sprout Social</a>",,,,,joebiden,0.0102728586676745,the last thing this country needs is a manufactured crisisbut maga republicans are creating exactly that by holding americas economy hostageall to try to force cuts to veterans benefits education health care and more,False,0.0362390354665281,0.3335457207822689,-17.70918,40.80697,8.142636,1.4782709
1677422282937958403,"As women’s health is under attack across the country, contraception is more important than ever. 

That’s why I’ve signed a third reproductive health care executive order that strengthens access to affordable, high-quality contraception—an essential part of reproductive care. https://t.co/LPlnBQjL7c",en,Tweet,41,16773,3599,5633,1633773.0,2023-07-07 17:00:11,"<a href=""https://sproutsocial.com"" rel=""nofollow"">Sprout Social</a>",,,photo,https://pbs.twimg.com/media/F0dmqONWwAAIcht.jpg,joebiden,0.0102664201207878,as womens health is under attack across the country contraception is more important than ever thats why ive signed a third reproductive health care executive order that strengthens access to affordable highquality contraceptionan essential part of reproductive care,False,-0.0718866096548096,0.1801739357642477,-30.980577,-63.598946,5.3776526,0.68145335
1757195130501550213,"Donald Trump wants to divide us, not unite us.

He wants to drag us back to the past, not lead us into the future.

We won’t let it happen. He will lose again.",en,Tweet,645,66678,9992,28447,6496430.0,2024-02-12 19:09:00,"<a href=""https://sproutsocial.com"" rel=""nofollow"">Sprout Social</a>",,,,,joebiden,0.0102637910359997,donald trump wants to divide us not unite ushe wants to drag us back to the past not lead us into the futurewe wont let it happen he will lose again,True,-0.1045854186089715,0.0416634037657689,10.681464,-66.60405,5.781881,2.9181724
1735470732136624624,"My predecessor always talked about “Infrastructure Week.” 

We had four years of Infrastructure Week. But he failed.

On my watch, instead of Infrastructure Week, America is having an Infrastructure Decade.",en,Tweet,50,10844,2369,4783,1056806.0,2023-12-14 20:24:00,"<a href=""https://sproutsocial.com"" rel=""nofollow"">Sprout Social</a>",,,,,joebiden,0.0102611075258846,my predecessor always talked about infrastructure week we had four years of infrastructure week but he failedon my watch instead of infrastructure week america is having an infrastructure decade,False,0.1316597923272946,-0.1124908399373949,29.164104,14.161207,7.8207784,4.955869
1698116118634758224,"Last year, Big Pharma spent $400 million on lobbying fees to try and block the ability of the federal government to lower drug prices.

They failed. https://t.co/5SvdF9rlOb",en,Tweet,45,13018,2648,2969,1270244.0,2023-09-02 19:30:06,"<a href=""https://sproutsocial.com"" rel=""nofollow"">Sprout Social</a>",,,photo,https://pbs.twimg.com/media/F5Drl_dWYAA3Ud0.jpg,joebiden,0.0102484247121025,last year big pharma spent 400 million on lobbying fees to try and block the ability of the federal government to lower drug pricesthey failed,False,0.1072409430494232,0.2854566255078771,-3.3225026,79.649414,10.543036,1.5590128
1655653545977208870,I proposed a minimum billionaire tax because no billionaire should be paying a lower tax rate than a school teacher or a firefighter.,en,Tweet,76,29021,4514,8776,2832818.0,2023-05-08 15:19:00,"<a href=""https://sproutsocial.com"" rel=""nofollow"">Sprout Social</a>",,,,,joebiden,0.0102445691887018,i proposed a minimum billionaire tax because no billionaire should be paying a lower tax rate than a school teacher or a firefighter,False,0.0338559184433548,0.2082660906803619,-8.641811,49.06815,9.519682,1.7019805
1749201960090124600,"When I became president, around 24 million Americans didn't have access to affordable high-speed internet. That's why I included more than $25 billion in the American Rescue Plan to invest in affordable, high-speed internet all across America.",en,Tweet,89,18838,3848,7891,1847880.0,2024-01-21 17:47:00,"<a href=""https://sproutsocial.com"" rel=""nofollow"">Sprout Social</a>",,,,,joebiden,0.0101943849167694,when i became president around 24 million americans didnt have access to affordable highspeed internet thats why i included more than 25 billion in the american rescue plan to invest in affordable highspeed internet all across america,False,0.1751266988263421,0.0347915554746379,29.264338,27.731895,8.6425085,5.1481113
1735676086204104985,"Yes, the Affordable Care Act is still providing coverage to millions of Americans.
 
And yes, it’s still a BFD.
 
Sign up at https://t.co/v3QBMxaPaR before January 16. https://t.co/Zj0xByePmb",en,Retweet,282,20466,5665,8650,2007945.0,2023-12-15 10:00:00,"<a href=""https://www.sprinklr.com"" rel=""nofollow"">The White House</a>",,http://Healthcare.gov,video,https://video.twimg.com/amplify_video/1735667807709220864/vid/avc1/1080x1080/6rJeFAqzB3_HCvhn.mp4?tag=16,joebiden,0.0101925102530198,yes the affordable care act is still providing coverage to millions of americans and yes its still a bfd sign up at  before january 16,False,0.0273682224262233,0.0814027760874893,-28.45406,71.16107,10.588092,0.45642546
1649557287634124802,"Today, the Supreme Court stayed a decision that would have undermined FDA’s medical judgment and put women’s health at risk.
 
As a result, mifepristone, an FDA-approved drug for medication abortion, remains available and approved.",en,Retweet,44,18157,2679,1686,1783976.0,2023-04-21 19:34:39,"<a href=""http://twitter.com/download/iphone"" rel=""nofollow"">Twitter for iPhone</a>",,,,,joebiden,0.0101778275044058,today the supreme courtstayeda decision that would have undermined fdas medical judgment and put womens health at riskas a result mifepristone an fdaapproved drug for medication abortion remains available and approved,False,-0.1065600040799969,0.2334632714100022,-19.00388,-71.53568,5.9769635,0.29989025
1664285862245601281,"Pride stands for courage. It stands for justice. And it stands for love.

During Pride Month, we celebrate generations of LGBTQ+ people who have fought to make the possibilities of our nation real for every American, and we remain committed to delivering equality for all. https://t.co/BJOcnWWz1p",en,Tweet,116,28474,4401,10441,2799331.0,2023-06-01 11:00:45,"<a href=""https://sproutsocial.com"" rel=""nofollow"">Sprout Social</a>",,,photo,"https://pbs.twimg.com/media/Fxi7HYfaMAAOdf_.jpg,https://pbs.twimg.com/media/Fxi7ImraEAQEGUz.jpg,https://pbs.twimg.com/media/Fxi7J1iakAA6LA7.jpg",joebiden,0.0101717160278652,pride stands for courage it stands for justice and it stands for loveduring pride month we celebrate generations of lgbtq people who have fought to make the possibilities of our nation real for every american and we remain committed to delivering equality for all,False,-0.148827998375732,-0.1513220366071687,-24.95377,-32.117516,3.856294,3.3259563
1740416700091130010,"There’s an expression they say in church sometimes: Love your enemies, do good to those who hate you, bless those who curse you, pray for those who mistreat you. https://t.co/bue8YxgtQh",en,Tweet,651,53977,9643,15161,5308238.0,2023-12-28 11:57:31,"<a href=""https://sproutsocial.com"" rel=""nofollow"">Sprout Social</a>",,https://twitter.com/thehill/status/1739579349739721064?t=dZMiIa6HPB8diMCT0iuZxQ,,,joebiden,0.0101685342669262,theres an expression they say in church sometimes love your enemies do good to those who hate you bless those who curse you pray for those who mistreat you,False,-0.2036358887393539,-0.0994349876046122,-44.407383,-8.053076,3.0140352,2.844241
1746271148776575473,"In the wake of the Supreme Court’s decision on our student debt relief plan, we are continuing to use every tool at our disposal to deliver student debt relief to as many borrowers as possible as quickly as possible.

I won’t back down.",en,Tweet,117,21292,3545,9996,2096063.0,2024-01-13 15:41:00,"<a href=""https://sproutsocial.com"" rel=""nofollow"">Sprout Social</a>",,,,,joebiden,0.010158091622246,in the wake of the supreme courts decision on our student debt relief plan we are continuing to use every tool at our disposal to deliver student debt relief to as many borrowers as possible as quickly as possiblei wont back down,False,0.01066825462575,0.0719654048767809,39.892548,53.919678,7.136532,-1.5621041
1728195544546197526,"Today, as we celebrate the release of dozens of hostages, we remember all those still being held, renewing our commitment to secure their release.

We won't stop until they're home — I have no higher priority. https://t.co/zp28XuIE3X",en,Retweet,91,20888,3573,6740,2059674.0,2023-11-24 18:35:00,"<a href=""https://www.sprinklr.com"" rel=""nofollow"">The White House</a>",,,photo,https://pbs.twimg.com/media/F_u_jYoWEAA4T9c.jpg,joebiden,0.0101414107281055,today as we celebrate the release of dozens of hostages we remember all those still being held renewing our commitment to secure their releasewe wont stop until theyre home  i have no higher priority,False,-0.2044382808306257,-0.1759258222898495,-87.684235,2.5827482,1.3215487,5.3106666
1754531594876944640,"When companies sneak hidden junk fees into families’ bills, it can take hundreds of dollars a month out of their pockets and make it harder to make ends meet.

That might not matter to the wealthy, but it’s real money to hardworking families—and it’s just plain wrong.",en,Tweet,40,9522,1765,4453,939623.0,2024-02-05 10:45:04,"<a href=""https://sproutsocial.com"" rel=""nofollow"">Sprout Social</a>",,,,,joebiden,0.0101338515553578,when companies sneak hidden junk fees into families bills it can take hundreds of dollars a month out of their pockets and make it harder to make ends meetthat might not matter to the wealthy but its real money to hardworking familiesand its just plain wrong,False,0.1053203526039269,0.2643178311269552,19.694784,73.288765,11.863467,2.553741
1750992964229218776,"For decades people talked about replacing the Blatnik Bridge, but it never got done.  

I’m proud to announce that $1 billion from the Bipartisan Infrastructure Law will be used to rebuild this bridge, part of a larger $5 billion investment led by my Department of Transportation for 37 major projects across America.  

This is going to make a huge difference.",en,Tweet,59,12751,2574,3036,1258558.0,2024-01-26 16:23:49,"<a href=""https://mobile.twitter.com"" rel=""nofollow"">Twitter Web App</a>",,,,,joebiden,0.0101314361356409,for decades people talked about replacing the blatnik bridge but it never got done  im proud to announce that 1 billion from the bipartisan infrastructure law will be used to rebuild this bridge part of a larger 5 billion investment led by my department of transportation for 37 major projects across america  this is going to make a huge difference,False,0.1638983104614183,-0.0212065523169801,31.172535,19.627495,8.083602,4.825015
1734691619360981483,"Rail connects jobs and opportunities, gets goods to market, traffic off the street, and travelers on the move.

When I ran for president, I made a commitment to build a world-class, high-speed rail worthy of America, and we’re delivering on that vision. https://t.co/AU3q7gENNu",en,Tweet,25,6180,1409,2421,610341.0,2023-12-12 16:48:05,"<a href=""https://sproutsocial.com"" rel=""nofollow"">Sprout Social</a>",,,photo,https://pbs.twimg.com/media/GBLc0V2aQAAhOc5.jpg,joebiden,0.0101254872276317,rail connects jobs and opportunities gets goods to market traffic off the street and travelers on the movewhen i ran for president i made a commitment to build a worldclass highspeed rail worthy of america and were delivering on that vision,False,0.1351636701591703,-0.1328305099152923,38.37987,25.431969,8.4281225,5.5056014
1757153881337843854,It’s that simple. https://t.co/ftHKBlKpw6,en,Tweet,206,27864,6144,10002,2752869.0,2024-02-12 16:25:06,"<a href=""https://sproutsocial.com"" rel=""nofollow"">Sprout Social</a>",,,photo,https://pbs.twimg.com/media/GGKqIEwXAAErNTe.jpg,joebiden,0.0101218038344723,its that simple,False,-0.0964552950476896,-0.0961782921773927,51.720505,-47.61826,6.389465,5.8014402
1741542330497106024,A few memorable moments from this year. https://t.co/ysOk9yZM4d,en,Tweet,83,16029,2500,4804,1584341.0,2023-12-31 14:30:22,"<a href=""https://sproutsocial.com"" rel=""nofollow"">Sprout Social</a>",,,photo,"https://pbs.twimg.com/media/GCszcgpWcAAYKjI.jpg,https://pbs.twimg.com/media/GCszdu6X0AAy2ag.jpg,https://pbs.twimg.com/media/GCsze9GWgAAfdPf.jpg,https://pbs.twimg.com/media/GCszgLSWIAAU1eP.jpg",joebiden,0.0101171401863613,a few memorable moments from this year,False,-0.1544144159815863,-0.1804628287121144,-3.6518939,-22.95036,5.3791695,5.8975024
1707840684483285318,"Senator Dianne Feinstein was a pioneering American.

Serving in the Senate together for more than 15 years, I had a front row seat to what Dianne was able to accomplish.

Dianne was tough, sharp, always prepared, and never pulled a punch, but she was also a kind and loyal friend, and that’s what Jill and I will miss the most.",en,Tweet,41,15198,2093,2040,1502893.0,2023-09-29 15:32:03,"<a href=""https://mobile.twitter.com"" rel=""nofollow"">Twitter Web App</a>",,,photo,https://pbs.twimg.com/media/F7N331rWcAAa5TS.jpg,joebiden,0.0101124963653433,senator dianne feinstein was a pioneering americanserving in the senate together for more than 15 years i had a front row seat to what dianne was able to accomplishdianne was tough sharp always prepared and never pulled a punch but she was also a kind and loyal friend and thats what jill and i will miss the most,False,-0.1781123130213694,0.0117296786595641,-20.087997,-2.7533891,3.6631677,5.37136
1708143523160080622,MAGA Republicans attempting to abuse power and spread conspiracy theories are a threat to the character of our nation. https://t.co/jNTXY1WsmV,en,Tweet,132,19568,4740,10569,1937770.0,2023-09-30 11:35:26,"<a href=""https://sproutsocial.com"" rel=""nofollow"">Sprout Social</a>",,,video,https://video.twimg.com/amplify_video/1708143416565960704/vid/avc1/1080x1920/bDujpn2EXQvzdJeE.mp4?tag=16,joebiden,0.0100982056694034,maga republicans attempting to abuse power and spread conspiracy theories are a threat to the character of our nation,False,-0.2143219132212399,0.1804478970104153,-12.814445,34.169662,6.94785,1.9815118
1707125553252237452,"We’ve created a record 13.5 million new jobs since we came to office, Black unemployment is reaching historic lows, and Black small businesses are starting up at a faster rate than at any time in the last 25 years.",en,Tweet,23,8544,1677,3941,853126.0,2023-09-27 16:10:23,"<a href=""https://sproutsocial.com"" rel=""nofollow"">Sprout Social</a>",,,,,joebiden,0.010014933315829,weve created a record 135 million new jobs since we came to office black unemployment is reaching historic lows and black small businesses are starting up at a faster rate than at any time in the last 25 years,False,0.3632046097867482,-0.2180039213750187,68.26466,26.649334,10.633078,6.841616
1749131121114091648,"I don’t agree with Nikki Haley on everything, but we agree on this much: She is not Nancy Pelosi. https://t.co/hjNgmcrwAP",en,Tweet,2280,92475,20981,10961,9293045.0,2024-01-21 13:05:31,"<a href=""https://sproutsocial.com"" rel=""nofollow"">Sprout Social</a>",,,video,https://video.twimg.com/amplify_video/1749130993968017408/vid/avc1/1080x1350/s-zjtBbThmc2RfYX.mp4?tag=16,joebiden,0.0099509902297901,i dont agree with nikki haley on everything but we agree on this much she is not nancy pelosi,False,-0.1668563153560395,0.0184960431914171,-38.871017,25.198288,7.2823343,0.77049124
1705986727989444994,"At this inflection point in history, we will be judged by whether or not we live up to the promises we made to those who will inherit the world we create.

The road ahead is long and difficult, but if we preserve, persevere, and prevail, we can deliver progress for everyone. https://t.co/CyH0wQkjVq",en,Tweet,45,12999,2506,4616,1308631.0,2023-09-24 12:45:06,"<a href=""https://sproutsocial.com"" rel=""nofollow"">Sprout Social</a>",,,photo,https://pbs.twimg.com/media/F6zh3wUXkAEg7eP.jpg,joebiden,0.0099332814215772,at this inflection point in history we will be judged by whether or not we live up to the promises we made to those who will inherit the world we createthe road ahead is long and difficult but if we preserve persevere and prevail we can deliver progress for everyone,False,-0.0516264787217578,-0.1577308663352194,-5.2060204,-38.387817,4.5429134,3.5047204
1759275587829485687,"The stakes in this election are higher than ever. 

We've made more progress in three years than most presidents make in seven or eight years, but it can all be wiped out in this election.

We must keep the White House, keep the Senate, and take back the House.",en,Tweet,203,28118,5769,13875,2834353.0,2024-02-18 12:56:00,"<a href=""https://sproutsocial.com"" rel=""nofollow"">Sprout Social</a>",,,,,joebiden,0.0099204298123769,the stakes in this election are higher than ever weve made more progress in three years than most presidents make in seven or eight years but it can all be wiped out in this electionwe must keep the white house keep the senate and take back the house,False,-0.0255599853838261,0.078882428461685,15.210843,-52.5815,5.9634533,3.194788
1691967968941371394,"The last guy talked about infrastructure week. Well, now we’re in an infrastructure decade. https://t.co/DPr11Vdel1",en,Tweet,35,10660,2602,1949,1076394.0,2023-08-16 20:19:33,"<a href=""https://sproutsocial.com"" rel=""nofollow"">Sprout Social</a>",,,video,https://video.twimg.com/amplify_video/1691967830755864576/vid/1080x1920/-bzhbJAy3U6Yh5CQ.mp4?tag=16,joebiden,0.009903436845616,the last guy talked about infrastructure week well now were in an infrastructure decade,False,0.1287570675985334,-0.1486055576812228,29.983185,13.721998,7.7659454,5.1145625
1742984356245758033,All of us are being asked right now: What will we do to maintain our democracy? https://t.co/tjGDgQG0eU,en,Tweet,404,23470,7012,17640,2373013.0,2024-01-04 14:00:28,"<a href=""https://sproutsocial.com"" rel=""nofollow"">Sprout Social</a>",,,video,https://video.twimg.com/amplify_video/1742984270673592320/vid/avc1/1920x1080/qkH1yE5ksADKPYkG.mp4?tag=16,joebiden,0.0098903798672826,all of us are being asked right now what will we do to maintain our democracy,False,-0.1899166094733489,-0.0065630251776821,3.6962953,-49.370064,5.3209558,2.9408152
1690458825109704704,"It is within our power to once again ban assault weapons and high-capacity magazines, to require safe storage of guns, to end gun manufacturers’ immunity from liability, and to enact universal background checks. https://t.co/bbfRnHK02H",en,Tweet,107,36214,6940,13656,3663267.0,2023-08-12 16:22:45,"<a href=""https://sproutsocial.com"" rel=""nofollow"">Sprout Social</a>",,,photo,https://pbs.twimg.com/media/F3W3VvnWAAA2kcz.png,joebiden,0.0098857113063284,it is within our power to once again ban assault weapons and highcapacity magazines to require safe storage of guns to end gun manufacturers immunity from liability and to enact universal background checks,False,-0.1658279901471345,0.161871004059328,-60.52084,-32.967945,3.2997024,-0.048875704
1709177956285759844,"In August I announced Medicare had selected ten drugs for price negotiation.

Well, last Friday a court blocked Big Pharma and their allies when they tried to stop us.

Now, those manufacturers are coming to the table, where Medicare will work to lower prices for seniors. https://t.co/PNuaBWtfPk",en,Retweet,136,20735,6469,2935,2097979.0,2023-10-03 08:05:54,"<a href=""https://www.sprinklr.com"" rel=""nofollow"">The White House</a>",,,video,https://video.twimg.com/amplify_video/1709177816779010048/vid/avc1/720x1280/hmP-OLJoCI6LEMYQ.mp4?tag=16,joebiden,0.0098833210437282,in august i announced medicare had selected ten drugs for price negotiationwell last friday a court blocked big pharma and their allies when they tried to stop usnow those manufacturers are coming to the table where medicare will work to lower prices for seniors,False,0.1303626984619322,0.2226311919712225,-5.1798487,76.17619,10.725439,1.7438376
1723066083374956669,"The UAW proved what I’ve always believed: Wall Street didn’t build America. The middle class built America, and unions built the middle class. https://t.co/REJd3psTC6",en,Tweet,47,9734,2487,3291,985747.0,2023-11-10 14:52:21,"<a href=""https://sproutsocial.com"" rel=""nofollow"">Sprout Social</a>",,,video,https://video.twimg.com/amplify_video/1723065997920243712/vid/avc1/1080x1920/PbOa4V6GHaji1xqm.mp4?tag=16,joebiden,0.0098747447367326,the uaw proved what ive always believed wall street didnt build america the middle class built america and unions built the middle class,False,0.1480971167092145,-0.1139015489742436,24.634878,-7.7621,7.832132,7.261279
1721286614469451932,"To the people of Maine:

We mourn with you.
We pray with you.
And we will be with you every step of the way. https://t.co/BCLgM8c94W",en,Retweet,99,21948,7384,7947,2225151.0,2023-11-05 17:01:23,"<a href=""https://www.sprinklr.com"" rel=""nofollow"">The White House</a>",,,video,https://video.twimg.com/amplify_video/1721286488594227200/vid/avc1/1080x1920/lg-3GWjSMz8v61Q0.mp4?tag=16,joebiden,0.0098636002680267,to the people of mainewe mourn with youwe pray with youand we will be with you every step of the way,False,-0.3338441924752685,-0.120226660034253,-72.84116,-24.144512,2.4978724,1.9371572
1712468498323247455,"Silence is complicity, and I refuse to be silent. https://t.co/fsrvEugHC4",en,Tweet,121,20722,4114,7498,2103457.0,2023-10-12 10:01:20,"<a href=""https://sproutsocial.com"" rel=""nofollow"">Sprout Social</a>",,,video,https://video.twimg.com/amplify_video/1712468262947262465/vid/avc1/1080x1920/DD9PTYoynrzM2x0r.mp4?tag=16,joebiden,0.0098514017638582,silence is complicity and i refuse to be silent,False,-0.2988665796067005,0.0055377995370134,-47.76493,-18.91984,2.8112824,2.8139336
1708885138065502568,We must all defend democracy at the ballot box. https://t.co/9CtpnmsaV9,en,Tweet,83,30893,6934,14141,3136272.0,2023-10-02 12:42:21,"<a href=""https://sproutsocial.com"" rel=""nofollow"">Sprout Social</a>",,,photo,https://pbs.twimg.com/media/F7ct9eeWsAUJzq4.jpg,joebiden,0.0098502298270048,we must all defend democracy at the ballot box,False,-0.2012332818446629,0.0357683532221052,3.7987797,-50.265686,5.372505,2.8286617
1755337640491020562,"The UAW is not only helping auto workers.

They’re helping every worker in the world.",en,Tweet,36,10983,1723,2290,1119343.0,2024-02-07 16:08:00,"<a href=""https://sproutsocial.com"" rel=""nofollow"">Sprout Social</a>",,,,,joebiden,0.0098120057926837,the uaw is not only helping auto workerstheyre helping every worker in the world,False,0.0645372478608008,-0.0680515210868518,31.16842,-5.581351,7.974448,7.5185647
1696582243395731899,"For many Americans, the cost of one prescription drug is the difference between life and death, dignity and dependence, hope and fear.

That is why we will continue the fight to lower health care costs, and we will not stop until we finish the job.",en,Tweet,22,12376,2336,2095,1262219.0,2023-08-29 13:55:02,"<a href=""https://sproutsocial.com"" rel=""nofollow"">Sprout Social</a>",,,,,joebiden,0.0098049546077186,for many americans the cost of one prescription drug is the difference between life and death dignity and dependence hope and fearthat is why we will continue the fight to lower health care costs and we will not stop until we finish the job,False,0.0410740604592969,0.2091186438793633,0.510976,74.22742,10.450202,1.472234
1709591985965691219,"We’ve always believed that anything is possible if we set our mind to it.

Science and technology are allowing us to unlock our potential as a nation and meet the challenges of our time with urgency and purpose. https://t.co/CCHzzjAY0y",en,Tweet,18,7264,1454,1795,741252.0,2023-10-04 11:31:06,"<a href=""https://sproutsocial.com"" rel=""nofollow"">Sprout Social</a>",,,photo,https://pbs.twimg.com/media/F7mw1ZUWEAAtqMn.jpg,joebiden,0.0097996362910319,weve always believed that anything is possible if we set our mind to itscience and technology are allowing us to unlock our potential as a nation and meet the challenges of our time with urgency and purpose,False,0.0088358453768521,-0.2157442195434677,-10.38067,-39.401012,4.472774,3.8898096
1748027727104340443,"Our economy has added more than 14 million new jobs since I took office—including many from small businesses. 

I’m going to continue doing everything in my power to build on this progress and grow our economy while standing up to extreme Republican attempts.",en,Tweet,49,12013,2413,7545,1227149.0,2024-01-18 12:01:01,"<a href=""https://sproutsocial.com"" rel=""nofollow"">Sprout Social</a>",,,,,joebiden,0.0097893572826119,our economy has added more than 14 million new jobs since i took officeincluding many from small businesses im going to continue doing everything in my power to build on this progress and grow our economy while standing up to extreme republican attempts,False,0.3256753871963343,-0.050794448627046,81.72172,5.96027,10.852773,6.9790316
1699181206384824413,Couldn’t agree more. https://t.co/2l4zAOx7X1,en,Tweet,89,11627,2941,1639,1190398.0,2023-09-05 18:02:23,"<a href=""https://sproutsocial.com"" rel=""nofollow"">Sprout Social</a>",,,video,https://video.twimg.com/amplify_video/1699181110998044672/vid/avc1/1080x1350/khuJLNbOeqZHzsne.mp4?tag=16,joebiden,0.0097673215176772,couldnt agree more,False,-0.1637276586528471,-0.1142733216039675,53.85039,-50.00239,6.041469,5.9947743
1696250822567305613,"60 years ago, Dr. King told us his dream of redeeming the “promissory note to which every American was to fall heir” derived from the very idea of America—we are all created equal and deserve to be treated equally throughout our lives. 

Each day, we continue the march forward. https://t.co/MT9h91VwNn",en,Tweet,81,21219,3851,7320,2179197.0,2023-08-28 15:58:05,"<a href=""https://sproutsocial.com"" rel=""nofollow"">Sprout Social</a>",,,photo,https://pbs.twimg.com/media/F4pLHeyWAAET_Tk.jpg,joebiden,0.0097370728759263,60 years ago dr king told us his dream of redeeming the promissory note to which every american was to fall heir derived from the very idea of americawe are all created equal and deserve to be treated equally throughout our lives each day we continue the march forward,False,-0.1208491558217496,-0.1160551086880162,-34.157303,-24.586515,4.0014505,2.6654732
1758878976062140625,"MAGA Republicans want to cut taxes for the wealthy and large corporations, raise costs for middle class families, and cut Social Security, Medicare, and Medicaid.

I will stand in their way.",en,Tweet,214,37801,7840,16968,3885800.0,2024-02-17 10:40:00,"<a href=""https://sproutsocial.com"" rel=""nofollow"">Sprout Social</a>",,,,,joebiden,0.0097279839415307,maga republicans want to cut taxes for the wealthy and large corporations raise costs for middle class families and cut social security medicare and medicaidi will stand in their way,False,0.0574391800217998,0.4630433011624932,-17.640425,55.76956,9.278892,1.4807737
1693786318424219715,"The devastation Jill and I saw today was overwhelming.

The country grieves with you, stands with you, and will do everything it takes to recover, rebuild, and respect culture and traditions when the rebuilding takes place. https://t.co/3myqlzgtLU",en,Retweet,51,19107,3567,4315,1964972.0,2023-08-21 20:45:01,"<a href=""https://www.sprinklr.com"" rel=""nofollow"">The White House</a>",,,photo,https://pbs.twimg.com/media/F4GJrY3XcAAA992.jpg,joebiden,0.0097238026801399,the devastation jill and i saw today was overwhelmingthe country grieves with you stands with you and will do everything it takes to recover rebuild and respect culture and traditions when the rebuilding takes place,False,-0.2520226908509684,-0.2015756418211525,-14.855161,7.554875,2.8936183,5.875359
1743633551378067639,Three years ago today. https://t.co/a6mttg7P9A,en,Tweet,1404,45664,15795,5803,4728734.0,2024-01-06 09:00:08,"<a href=""https://sproutsocial.com"" rel=""nofollow"">Sprout Social</a>",,,video,https://video.twimg.com/ext_tw_video/1743632264410370048/pu/vid/avc1/720x900/qLJ7kp8qwXPXYFsL.mp4?tag=12,joebiden,0.0096567072709101,three years ago today,False,-0.1412408600891185,-0.1684281264344553,-5.05053,-22.057611,5.4832726,5.9153414
1731845845182484629,"Tonight, we witnessed the Senate confirmation of my 160th life-tenured federal judge – continuing my Administration's emphasis on appointing demographically and professionally diverse men and women to the bench.",en,Retweet,81,17448,3660,5735,1807522.0,2023-12-04 20:20:00,"<a href=""https://www.sprinklr.com"" rel=""nofollow"">The White House</a>",,,,,joebiden,0.0096529945416985,tonight we witnessed the senate confirmation of my 160th lifetenured federal judge  continuing my administrations emphasis on appointing demographically and professionally diverse men and women to the bench,False,-0.0040722058988025,-0.0655219198013262,53.87538,45.697853,9.868706,6.809943
1724151423582019867,"Today, we celebrated the Vegas @GoldenKnights on their hard-earned Stanley Cup victory.

They’re proving Vegas sports is one of the best shows in town. https://t.co/3wGkIztDq5",en,Tweet,41,10744,1291,1750,1115847.0,2023-11-13 14:45:07,"<a href=""https://sproutsocial.com"" rel=""nofollow"">Sprout Social</a>",,,photo,https://pbs.twimg.com/media/F-1qkLTWMAAqFoJ.jpg,joebiden,0.009628560187911,today we celebrated the vegas goldenknights on their hardearned stanley cup victorytheyre proving vegas sports is one of the best shows in town,False,-0.0870528227282986,-0.161573583975736,-19.953371,-44.8768,3.9644735,4.0604625
1694107327845011856,"From stories of grief, we’ve seen so many stories of hope and heroism, of the aloha spirit. Every emergency responder put their life on the line to save others.

That’s Maui. That’s America. And to the people of Hawai'i, we’re with you for as long as it takes, I promise you. https://t.co/y1qY22V8h9",en,Tweet,26,11416,2270,3302,1185908.0,2023-08-22 18:00:36,"<a href=""https://sproutsocial.com"" rel=""nofollow"">Sprout Social</a>",,,photo,https://pbs.twimg.com/media/F4KtnpXXcAAe9VU.png,joebiden,0.009626379112039,from stories of grief weve seen so many stories of hope and heroism of the aloha spirit every emergency responder put their life on the line to save othersthats maui thats america and to the people of hawaii were with you for as long as it takes i promise you,False,-0.2464115604841633,-0.2157699390423856,-15.50546,9.184791,2.7779508,6.036616
1685349494609649665,"We provided $50 billion for climate resilience to restore wetlands, manage wildfires, and help combat heat. Now, MAGA extremists are trying to undo this investment. 

We won’t let it happen.",en,Tweet,32,13577,2854,4790,1411712.0,2023-07-29 14:00:06,"<a href=""https://sproutsocial.com"" rel=""nofollow"">Sprout Social</a>",,,,,joebiden,0.0096174007162934,we provided 50 billion for climate resilience to restore wetlands manage wildfires and help combat heat now maga extremists are trying to undo this investment we wont let it happen,False,0.0559658868468249,0.163124383020327,4.139679,27.479715,8.326241,3.4042933
1757969187362713603,"Kansas City.
Atlanta.
D.C.

Today, six years since Parkland, acts of gun violence cut deep in the American soul.

Jill and I pray for those killed and injured today, and for our country to find the resolve to end the senseless epidemic of gun violence tearing us at the seams. https://t.co/sqr5ww1G5O",en,Retweet,194,21021,4540,5069,2188320.0,2024-02-14 22:24:50,"<a href=""https://www.sprinklr.com"" rel=""nofollow"">The White House</a>",,,photo,"https://pbs.twimg.com/media/GGWPqBeWcAAIn8w.jpg,https://pbs.twimg.com/media/GGWPqNkX0AIAncf.jpg",joebiden,0.0096059991226146,kansas cityatlantadctoday six years since parkland acts of gun violence cut deep in the american souljill and i pray for those killed and injured today and for our country to find the resolve to end the senseless epidemic of gun violence tearing us at the seams,False,-0.2935563611644023,-0.0561278911773893,-76.01096,-28.894472,2.6354337,1.4473327
1688327111478538240,"Our unemployment rate remains near record lows.
Inflation has fallen by two-thirds. 
We’ve seen over half a trillion dollars in private sector investment commitments in clean energy and manufacturing. 

My economic plan is working—and we’re just getting started. https://t.co/hoB4qHu5iq",en,Tweet,33,15739,3056,5421,1640543.0,2023-08-06 19:12:05,"<a href=""https://sproutsocial.com"" rel=""nofollow"">Sprout Social</a>",,,photo,https://pbs.twimg.com/media/F24kixyWAAAZ0jF.jpg,joebiden,0.0095937747440938,our unemployment rate remains near record lowsinflation has fallen by twothirds weve seen over half a trillion dollars in private sector investment commitments in clean energy and manufacturing my economic plan is workingand were just getting started,False,0.477530772819479,-0.1770375497752042,67.21545,16.033726,10.405155,5.928334
1738287049973584365,"I hope you join me this holiday season in showing appreciation for our brave first responders and frontline workers who keep our families, communities, and country safe and healthy.

We are a stronger nation because of them.",en,Tweet,34,9413,1643,3504,981416.0,2023-12-22 14:55:03,"<a href=""https://sproutsocial.com"" rel=""nofollow"">Sprout Social</a>",,,,,joebiden,0.009591243672408,i hope you join me this holiday season in showing appreciation for our brave first responders and frontline workers who keep our families communities and country safe and healthywe are a stronger nation because of them,False,-0.1621520482586116,-0.1166357690165339,-9.7013855,-12.379523,3.836636,5.7137685
1747631477443936361,"Exorbitant overdraft fees charged by big banks – sometimes $30 or more – hit the most vulnerable Americans the hardest.

Banks call it a service. I call it exploitation.

Today, we're taking them on. https://t.co/tDYAc5vEE4",en,Retweet,93,11643,3062,4294,1214131.0,2024-01-17 09:46:28,"<a href=""https://www.sprinklr.com"" rel=""nofollow"">The White House</a>",,,photo,https://pbs.twimg.com/media/GEDVj9GW0AAu2Lz.jpg,joebiden,0.0095895747658201,exorbitant overdraft fees charged by big banks  sometimes 30 or more  hit the most vulnerable americans the hardestbanks call it a service i call it exploitationtoday were taking them on,False,0.0236983436745713,0.1645131932566702,19.093594,68.88146,11.87806,2.429426
1705280884125880348,"I'm establishing the first-ever White House Office of Gun Violence Prevention, overseen by Vice President @KamalaHarris, to build upon our historic work to keep guns out of dangerous hands and Americans safe. https://t.co/8r4FVSbjiD",en,Tweet,75,21021,3121,8429,2195429.0,2023-09-22 14:00:20,"<a href=""https://sproutsocial.com"" rel=""nofollow"">Sprout Social</a>",,,photo,https://pbs.twimg.com/media/F6pf6PAXEAATxIy.jpg,joebiden,0.0095748940184355,im establishing the firstever white house office of gun violence prevention overseen by vice president kamalaharris to build upon our historic work to keep guns out of dangerous hands and americans safe,False,-0.1111545241367314,0.0247103637021572,-48.5059,-40.96021,4.2114434,0.74744415
1689637847563939840,"A year ago today, I signed the PACT Act into law. 

It's the most significant expansion of care for veterans exposed to toxic substances and their families in our nation's history.

It was long overdue, but we got it done. https://t.co/SHeT7UI0Rj",en,Tweet,20,7277,1325,1239,760473.0,2023-08-10 10:00:29,"<a href=""https://sproutsocial.com"" rel=""nofollow"">Sprout Social</a>",,,photo,https://pbs.twimg.com/media/F3LMppsaMAABXNA.jpg,joebiden,0.0095690445288655,a year ago today i signed the pact act into law its the most significant expansion of care for veterans exposed to toxic substances and their families in our nations historyit was long overdue but we got it done,False,-0.0437179066726757,0.0858784374268091,-39.577187,46.13575,7.3286457,1.5695709
1684007001909522432,"Today, I signed a proclamation designating the Emmett Till and Mamie Till-Mobley National Monument in both Illinois and Mississippi. 

On what would have been Emmett’s 82nd birthday, we add another chapter to the story of remembrance and healing. https://t.co/568jm9Qcex",en,Tweet,56,18051,2919,2376,1891326.0,2023-07-25 21:05:31,"<a href=""https://sproutsocial.com"" rel=""nofollow"">Sprout Social</a>",,,video,https://video.twimg.com/amplify_video/1684006874247573504/vid/1080x1920/nhZAWEqo1lsGlHD8.mp4?tag=16,joebiden,0.0095440976330891,today i signed a proclamation designating the emmett till and mamie tillmobley national monument in both illinois and mississippi on what would have been emmetts 82nd birthday we add another chapter to the story of remembrance and healing,False,-0.1637922692935706,-0.1328930773551471,-36.679504,-17.425407,4.0647693,2.8681026
1756774170501812230,"The drumline from Robert O. Gibson Leadership Academy gave me a great introduction.

Made me feel like I was ready to run out on the football field again! https://t.co/yjACeU0O3W",en,Tweet,142,19718,3395,2580,2069000.0,2024-02-11 15:16:16,"<a href=""https://sproutsocial.com"" rel=""nofollow"">Sprout Social</a>",,,video,https://video.twimg.com/amplify_video/1756774106375086080/vid/avc1/1080x1920/cdnGMrGZrXz0HecV.mp4?tag=16,joebiden,0.0095302078298695,the drumline from robert o gibson leadership academy gave me a great introductionmade me feel like i was ready to run out on the football field again,False,-0.1389995389523381,-0.1547529012919487,14.26633,-14.337494,4.7698984,4.7612395
1723135702886482035,Republicans in Congress should join me in growing the economy and reducing inflation—rather than making threats to weaken our economy or prioritizing more tax cuts for the wealthy and large corporations over essential programs for hardworking families and our national security.,en,Tweet,59,12611,3174,6002,1323484.0,2023-11-10 19:29:00,"<a href=""https://sproutsocial.com"" rel=""nofollow"">Sprout Social</a>",,,,,joebiden,0.0095286380492699,republicans in congress should join me in growing the economy and reducing inflationrather than making threats to weaken our economy or prioritizing more tax cuts for the wealthy and large corporations over essential programs for hardworking families and our national security,False,0.1650763994036892,0.256199086897717,-19.425661,44.183872,8.775574,1.527729
1687994649820930049,"Bidenomics is just another way of saying restoring the American Dream.

Forty years of trickle-down economics limited that dream to the very top. We’re turning it around.",en,Tweet,79,21967,4010,9279,2305842.0,2023-08-05 21:11:00,"<a href=""https://sproutsocial.com"" rel=""nofollow"">Sprout Social</a>",,,,,joebiden,0.0095266718187976,bidenomics is just another way of saying restoring the american dreamforty years of trickledown economics limited that dream to the very top were turning it around,False,0.3554442330167483,-0.0623736587853847,54.86417,-1.6640738,10.264798,5.034616
1705346486119047249,"In the absence of sorely-needed Congressional action on gun violence, our Office of Gun Violence Prevention will continue to do everything it can to combat this epidemic that is tearing our families, our communities, and our country apart.",en,Tweet,16,9169,1596,3179,962564.0,2023-09-22 18:21:00,"<a href=""https://sproutsocial.com"" rel=""nofollow"">Sprout Social</a>",,,,,joebiden,0.0095256003756633,in the absence of sorelyneeded congressional action on gun violence our office of gun violence prevention will continue to do everything it can to combat this epidemic that is tearing our families our communities and our country apart,False,-0.1676995748631976,0.126270275197906,-48.844784,-38.617428,3.921111,0.64749575
1724555070283432211,"Today, we saw more progress bringing down inflation while maintaining one of the strongest job markets in history.

Annual inflation is now down 65% from its peak, and gas prices are down $1.65 from the peak after Putin’s invasion of Ukraine.",en,Tweet,27,10023,2241,3966,1053689.0,2023-11-14 17:29:04,"<a href=""https://sproutsocial.com"" rel=""nofollow"">Sprout Social</a>",,,,,joebiden,0.0095122944246357,today we saw more progress bringing down inflation while maintaining one of the strongest job markets in historyannual inflation is now down 65 from its peak and gas prices are down 165 from the peak after putins invasion of ukraine,False,0.2922866472459653,-0.1038150958598657,85.24395,22.212261,12.238512,5.505778
1692267557464555975,"Since I've been in office, I've signed more executive actions to reduce gun violence than any of my predecessors. 

Earlier this year, I signed an executive order to ramp up our efforts to hold the gun industry accountable, keep firearms out of dangerous hands, and more.",en,Tweet,27,13195,2393,8221,1390038.0,2023-08-17 16:10:01,"<a href=""https://sproutsocial.com"" rel=""nofollow"">Sprout Social</a>",,,,,joebiden,0.0094925462469371,since ive been in office ive signed more executive actions to reduce gun violence than any of my predecessors earlier this year i signed an executive order to r up our efforts to hold the gun industry accountable keep firearms out of dangerous hands and more,False,-0.0307350786379904,0.0970715153709806,-50.91144,-36.572548,4.0495834,0.61953247
1650996361817382918,"MAGA extremists are trying to gut Social Security and Medicare.

They’re trying to raise the cost of insulin again, all while saying we’ve got plenty of money to cut taxes for the rich. 

I have a different view.",en,Tweet,25,10933,2550,7539,1151902.0,2023-04-25 18:53:01,"<a href=""https://sproutsocial.com"" rel=""nofollow"">Sprout Social</a>",,,,,joebiden,0.0094912588050025,maga extremists are trying to gut social security and medicaretheyre trying to raise the cost of insulin again all while saying weve got plenty of money to cut taxes for the rich i have a different view,False,0.0586118082543823,0.3910959584203024,-19.0811,56.379574,9.266118,1.184056
1681676267567841280,"We went from producing nearly 40% of the world’s chips to less than 10%. That’s why I signed the CHIPS and Science Act.

Now, semiconductor companies are investing hundreds of billions of dollars to bring chip production back home all over the country.",en,Tweet,48,13690,2648,2513,1448808.0,2023-07-19 10:44:00,"<a href=""https://sproutsocial.com"" rel=""nofollow"">Sprout Social</a>",,,,,joebiden,0.0094491471609764,we went from producing nearly 40 of the worlds chips to less than 10 thats why i signed the chips and science actnow semiconductor companies are investing hundreds of billions of dollars to bring chip production back home all over the country,False,0.2144339243053042,-0.0112229845380298,44.362144,33.970463,9.036246,4.529775
1704875860346454333,"MAGAnomics does three things:

Cuts taxes for the very wealthy and big corporations.
Cuts Social Security, Medicare, and Medicaid.
Raises costs for families and guts investments in the middle class.

They’re trying to undo the progress we’ve made.",en,Tweet,62,16669,4887,10439,1771766.0,2023-09-21 11:10:54,"<a href=""https://sproutsocial.com"" rel=""nofollow"">Sprout Social</a>",,,,,joebiden,0.0094081272583399,maganomics does three thingscuts taxes for the very wealthy and big corporationscuts social security medicare and medicaidraises costs for families and guts investments in the middle classtheyre trying to undo the progress weve made,False,0.2352821602926814,0.3194671753612443,13.819837,46.824604,9.169285,1.7992283
1708290185505419283,"Tonight, Congress voted to keep the government open, preventing an unnecessary crisis that would have inflicted needless pain on millions of hardworking Americans.
 
This is good news, but I want to be clear: we should never have been in this position in the first place. https://t.co/U28kaX11Rq",en,Retweet,173,33869,7988,4242,3599998.0,2023-09-30 21:18:13,"<a href=""http://twitter.com/download/iphone"" rel=""nofollow"">Twitter for iPhone</a>",,,photo,https://pbs.twimg.com/media/F7UQvenXwAAuC8R.jpg,joebiden,0.0094080607822559,tonight congress voted to keep the government open preventing an unnecessary crisis that would have inflicted needless pain on millions of hardworking americansthis is good news but i want to be clear we should never have been in this position in the first place,False,0.0246183930132104,0.0773263096040707,-46.971188,38.480244,7.9621644,0.33992103
1689400019084820480,"Yesterday, I signed a proclamation to establish the Baaj Nwaavjo I’tah Kukveni—Ancestral Footprints of the Grand Canyon National Monument. 

Preserving these lands is good not only for Arizona, but for the planet. https://t.co/TUICOhd91I",en,Tweet,45,16654,2372,1987,1772026.0,2023-08-09 18:15:26,"<a href=""https://sproutsocial.com"" rel=""nofollow"">Sprout Social</a>",,,video,https://video.twimg.com/amplify_video/1689399912587284481/vid/1080x1920/9Ukqvm3y6KrNRggh.mp4?tag=16,joebiden,0.0093982819665174,yesterday i signed a proclamation to establish the baaj nwaavjo itah kukveniancestral footprints of the grand canyon national monument preserving these lands is good not only for arizona but for the planet,False,-0.0729501719040598,-0.0458180481097254,0.18196613,18.099646,7.453524,3.093696
1702408375726674278,"MAGAnomics:
—Tax cuts for the wealthy and big corporations
—Cuts Social Security and Medicare
—Raises costs for the middle class

Bidenomics:
—Making the wealthy and big corporations begin to pay their fair share
—Protecting Social Security and Medicare
—Lowering costs",en,Tweet,92,12855,3510,6276,1369838.0,2023-09-14 15:46:00,"<a href=""https://sproutsocial.com"" rel=""nofollow"">Sprout Social</a>",,,,,joebiden,0.0093843213577079,maganomicstax cuts for the wealthy and big corporationscuts social security and medicareraises costs for the middle classbidenomicsmaking the wealthy and big corporations begin to pay their fair shareprotecting social security and medicarelowering costs,False,0.3226346647508633,0.2147958470676042,13.866736,46.815407,10.266293,4.222259
1743327761660256697,"2023 was a great year for American workers.

The economy created 2.7 million new jobs in 2023—a year when the unemployment rate was consistently below 4%—more jobs than during any year of the prior administration.",en,Tweet,36,8286,1833,3148,883489.0,2024-01-05 12:45:02,"<a href=""https://sproutsocial.com"" rel=""nofollow"">Sprout Social</a>",,,,,joebiden,0.0093787245794797,2023 was a great year for american workersthe economy created 27 million new jobs in 2023a year when the unemployment rate was consistently below 4more jobs than during any year of the prior administration,False,0.4020789325261343,-0.1961743258393833,80.26356,8.52387,11.280512,6.601903
1697988958016217130,"Later today, Jill and I will head to Florida to survey the damage caused by Hurricane Idalia, meet with survivors, and thank the personnel leading the response and recovery efforts.",en,Retweet,37,19014,2489,5525,2028857.0,2023-09-02 11:04:49,"<a href=""https://www.sprinklr.com"" rel=""nofollow"">The White House</a>",,,,,joebiden,0.0093717792826207,later today jill and i will head to florida to survey the damage caused by hurricane idalia meet with survivors and thank the personnel leading the response and recovery efforts,False,-0.1915757665042294,-0.1367367655219758,-10.688197,13.087414,2.9934742,6.388568
1656726312302567426,"MAGA Republicans in Congress proposed budget cuts that would threaten veterans' housing services, medical care, and mental health care.

That could result in 30 million fewer veteran outpatient visits.

My budget honors our sacred obligation to care for our veterans.",en,Tweet,23,8591,2346,3724,919242.0,2023-05-11 14:21:47,"<a href=""https://sproutsocial.com"" rel=""nofollow"">Sprout Social</a>",,,,,joebiden,0.0093457435582795,maga republicans in congress proposed budget cuts that would threaten veterans housing services medical care and mental health carethat could result in 30 million fewer veteran outpatient visitsmy budget honors our sacred obligation to care for our veterans,False,-0.0043882790233003,0.3602150742215547,-26.69752,33.99006,7.8477035,1.7652098
1724128697236545848,"I’m proud to say we’ve reached an important milestone: the confirmation of 150 life-tenured federal judges since I took office. 

All of these men and women are highly qualified, faithful to the rule of law, dedicated to the Constitution, and reflect the diversity that is our country’s strength.",en,Tweet,43,13559,2802,5551,1453788.0,2023-11-13 13:14:48,"<a href=""https://mobile.twitter.com"" rel=""nofollow"">Twitter Web App</a>",,,photo,https://pbs.twimg.com/media/F-1V1lGW0AAZ2qC.jpg,joebiden,0.0093266693630708,im proud to say weve reached an important milestone the confirmation of 150 lifetenured federal judges since i took office all of these men and women are highly qualified faithful to the rule of law dedicated to the constitution and reflect the diversity that is our countrys strength,False,0.0111380076703022,-0.0797693670413565,53.73258,45.753742,9.846472,6.803367
1697623335411093769,"I had a chance to meet Steven this week, an American who – like so many – has overpaid for lifesaving medications for too long.

Our lower drug cost law is turning that around. And like I told Steven, we’re not going to give up. https://t.co/SlwKPxQJLu",en,Retweet,50,13404,2640,2014,1438438.0,2023-09-01 10:51:58,"<a href=""https://www.sprinklr.com"" rel=""nofollow"">The White House</a>",,,video,https://video.twimg.com/amplify_video/1697623172315566080/vid/1080x1920/83ju6wLBeBzNXy5E.mp4?tag=16,joebiden,0.0093184412536376,i had a chance to meet steven this week an american who  like so many  has overpaid for lifesaving medications for too longour lower drug cost law is turning that around and like i told steven were not going to give up,False,0.0527217994341105,0.1414957457642773,-0.6706754,74.8432,10.645122,1.7318668
1676244561218109446,"As we celebrate our nation this Fourth of July, I’m thinking of the countless service members who sacrifice so much to keep us safe.

We will always be in debt to those who defend our nation and democracy around the world. https://t.co/DgWDpq1Ny5",en,Tweet,33,15349,2556,4674,1648463.0,2023-07-04 11:00:21,"<a href=""https://sproutsocial.com"" rel=""nofollow"">Sprout Social</a>",,,photo,https://pbs.twimg.com/media/F0M3hzBX0AAqAKr.jpg,joebiden,0.009311097670982,as we celebrate our nation this fourth of july im thinking of the countless service members who sacrifice so much to keep us safewe will always be in debt to those who defend our nation and democracy around the world,False,-0.2302932672023226,-0.078416773627776,-8.265516,-13.28842,4.3446493,5.632594
1670892983682572289,"Juneteenth is meant to breathe new life into the very essence of America—to make sure all Americans feel the power of this day and the progress we can make as a country. To choose love over hate, unity over disunion, and progress over retreat. https://t.co/Cqdvc5LQoi",en,Tweet,67,18264,3331,6877,1966290.0,2023-06-19 16:35:05,"<a href=""https://sproutsocial.com"" rel=""nofollow"">Sprout Social</a>",,,photo,https://pbs.twimg.com/media/FzA0S_oWYAQMVzj.jpg,joebiden,0.0092885586561493,juneteenth is meant to breathe new life into the very essence of americato make sure all americans feel the power of this day and the progress we can make as a country to choose love over hate unity over disunion and progress over retreat,False,-0.1169616069204735,-0.1958857150562565,-29.16848,-16.940598,3.9185352,3.1247404
1745551424505663761,"The Affordable Care Act is more popular than ever.

Thanks to our efforts, millions of Americans are saving hundreds or thousands of dollars each year on health insurance premiums, and most people who shop for coverage at https://t.co/Ehx4n5mqQN can find a plan for $10 a month or less.",en,Tweet,33,8792,1811,3030,947123.0,2024-01-11 16:01:05,"<a href=""https://mobile.twitter.com"" rel=""nofollow"">Twitter Web App</a>",,http://HealthCare.gov,,,joebiden,0.0092828492181057,the affordable care act is more popular than everthanks to our efforts millions of americans are saving hundreds or thousands of dollars each year on health insurance premiums and most people who shop for coverage at  can find a plan for 10 a month or less,False,0.1607519433067931,0.1435802427583131,-22.301342,73.47445,10.705895,0.6132278
1672403918133813248,"Despite the will of the American people, MAGA Republicans made clear that they don't intend to stop with the Dobbs decision. 

Make no mistake about it: if Congress were to pass a national abortion ban, I will veto it.",en,Tweet,29,14174,2527,5714,1535018.0,2023-06-23 20:39:00,"<a href=""https://sproutsocial.com"" rel=""nofollow"">Sprout Social</a>",,,,,joebiden,0.0092337679427863,despite the will of the american people maga republicans made clear that they dont intend to stop with the dobbs decision make no mistake about it if congress were to pass a national abortion ban i will veto it,False,-0.1657638400761017,0.3109142452391446,-38.61943,-73.67054,5.7070384,0.05248248
1683965355146768384,"Today, on what would’ve been Emmett Till’s 82nd birthday, we add a chapter of remembrance and healing to the story.

Just as we came together when I signed the Emmett Till Antilynching Act, today we gather as I designate the Emmett Till and Mamie Till-Mobley National Monument. https://t.co/i4GIt8WsmV",en,Retweet,34,12198,2336,1129,1324620.0,2023-07-25 18:20:01,"<a href=""https://www.sprinklr.com"" rel=""nofollow"">The White House</a>",,,photo,https://pbs.twimg.com/media/F16lkFrXsAEesAv.jpg,joebiden,0.0092086787154051,today on what wouldve been emmett tills 82nd birthday we add a chapter of remembrance and healing to the storyjust as we came together when i signed the emmett till antilynching act today we gather as i designate the emmett till and mamie tillmobley national monument,False,-0.1955268334400818,-0.1135993891936919,-36.647614,-17.738623,4.0085883,2.795845
1684926775090905088,"The economy’s continued growth builds on the strongest pandemic recovery and lowest inflation of any G-7 country. 

Bidenomics is growing the economy from the middle out and bottom up, not the top down. And hard-working Americans are seeing the results.",en,Tweet,23,8250,1842,2552,897939.0,2023-07-28 10:00:22,"<a href=""https://sproutsocial.com"" rel=""nofollow"">Sprout Social</a>",,,,,joebiden,0.009187706514585,the economys continued growth builds on the strongest pandemic recovery and lowest inflation of any g7 country bidenomics is growing the economy from the middle out and bottom up not the top down and hardworking americans are seeing the results,False,0.4766671748944081,-0.155274156510018,67.63516,7.9131894,10.838238,5.669504
1737509163981250990,"Health care is a right, not a privilege. 

We're going to keep fighting to lower prescription drug costs for everyone, expand health care coverage, and keep building an economy from the middle out and bottom up.",en,Tweet,37,8707,1967,4920,947882.0,2023-12-20 11:24:00,"<a href=""https://sproutsocial.com"" rel=""nofollow"">Sprout Social</a>",,,,,joebiden,0.0091857425291333,health care is a right not a privilege were going to keep fighting to lower prescription drug costs for everyone expand health care coverage and keep building an economy from the middle out and bottom up,False,0.134112467265592,0.1739556328644894,1.2457422,73.768684,10.316435,1.5094295
1749904869111259433,"As we mark the anniversary of Roe v. Wade, @KamalaHarris, @DrBiden, @DouglasEmhoff, and I are highlighting the stakes of this election and the critical fight ahead against MAGA Republicans’ attacks on reproductive freedom.

Tune in. https://t.co/BXh35QGYuO",en,Tweet,48,5192,1486,2638,565488.0,2024-01-23 16:20:07,"<a href=""https://studio.twitter.com"" rel=""nofollow"">Twitter Media Studio</a>",,https://twitter.com/i/broadcasts/1lDxLPqEVOoxm,,,joebiden,0.0091814503579209,as we mark the anniversary of roe v wade kamalaharris drbiden douglasemhoff and i are highlighting the stakes of this election and the critical fight ahead against maga republicans attacks on reproductive freedomtune in,False,-0.2063221230648423,0.0917322681105679,-25.337435,-67.31445,5.788494,1.0471175
1706448769170989364,"I’m focused on things the American people want us to focus on: growing the economy, making more good jobs available, and lowering prescription drug prices.  

I encourage MAGA Republicans to join me. https://t.co/PNXNEJ14pF",en,Tweet,34,12692,2386,7816,1382551.0,2023-09-25 19:21:05,"<a href=""https://sproutsocial.com"" rel=""nofollow"">Sprout Social</a>",,,photo,https://pbs.twimg.com/media/F66GGGKXYAAFjZH.jpg,joebiden,0.0091801315105193,im focused on things the american people want us to focus on growing the economy making more good jobs available and lowering prescription drug prices  i encourage maga republicans to join me,False,0.2090880900517808,0.101651063865638,17.22098,6.397563,7.251705,3.4968443
1712098326147899448,We stand with Israel. https://t.co/W6MS8pf2EX,en,Tweet,308,55604,8619,17308,6057813.0,2023-10-11 09:30:24,"<a href=""https://sproutsocial.com"" rel=""nofollow"">Sprout Social</a>",,,video,https://video.twimg.com/amplify_video/1712098240328237056/vid/avc1/1080x1920/lmCjur0G60JhzpjY.mp4?tag=16,joebiden,0.0091788901374142,we stand with israel,False,-0.2733858121929085,-0.209199742928558,-72.444664,3.2386684,1.4944284,4.3886313
1686415017552367624,"I came to office determined to build the economy from the middle out and bottom up, not the top down—that’s Bidenomics.",en,Tweet,53,19563,2908,11100,2132247.0,2023-08-01 12:34:06,"<a href=""https://sproutsocial.com"" rel=""nofollow"">Sprout Social</a>",,,,,joebiden,0.0091748282445701,i came to office determined to build the economy from the middle out and bottom up not the top downthats bidenomics,False,0.3426783999119482,-0.0990962631249673,58.276585,3.153774,9.890511,4.828256
1688635121484627968,"The unemployment rate is at 3.5%, marking a full year and a half below 4%. 

This follows recent news that our economy continues to grow while inflation has fallen by nearly two-thirds and is at its lowest level in more than two years.",en,Tweet,32,15019,3097,5441,1642020.0,2023-08-07 15:36:00,"<a href=""https://sproutsocial.com"" rel=""nofollow"">Sprout Social</a>",,,,,joebiden,0.0091466608202092,the unemployment rate is at 35 marking a full year and a half below 4 this follows recent news that our economy continues to grow while inflation has fallen by nearly twothirds and is at its lowest level in more than two years,False,0.4123830885018708,-0.1279409219991155,79.97914,19.010874,11.892358,5.8399715
1690129488544223232,"I'm proud to have earned the support of groups tirelessly fighting gun violence across the country. 

Vice President @KamalaHarris and I are ready to finish the job and keep our communities safe. https://t.co/j5Kkv8stL3",en,Tweet,21,7843,1398,2309,858144.0,2023-08-11 18:34:05,"<a href=""https://sproutsocial.com"" rel=""nofollow"">Sprout Social</a>",,,photo,https://pbs.twimg.com/media/F3SLy75WMAAX0V-.jpg,joebiden,0.0091394917403139,im proud to have earned the support of groups tirelessly fighting gun violence across the country vice president kamalaharris and i are ready to finish the job and keep our communities safe,False,-0.1693252456929472,-0.0335704689768987,-46.775215,-44.361034,4.3809457,1.0414952
1694473364822179890,"Bidenomics is anchored in what’s always worked best for our country: investing in Americans. When we invest in ourselves and strengthen the middle class, we see stronger economic growth that benefits everybody. https://t.co/cfZyk3AZzE",en,Tweet,35,11602,2631,5041,1270439.0,2023-08-23 18:15:06,"<a href=""https://sproutsocial.com"" rel=""nofollow"">Sprout Social</a>",,,photo,https://pbs.twimg.com/media/F4P6h0zW4AAInA-.jpg,joebiden,0.0091322763233811,bidenomics is anchored in whats always worked best for our country investing in americans when we invest in ourselves and strengthen the middle class we see stronger economic growth that benefits everybody,False,0.350893698902264,-0.1628135436150075,60.241367,-1.2247322,9.971351,5.304601
1678519719194947584,"Big Pharma is suing our administration to block us from negotiating lower prescription drug prices so they can pad their profits while hardworking Americans foot the bill.

But we won’t give in. We’re going to keep standing up to Big Pharma.",en,Tweet,53,15042,3258,4548,1647346.0,2023-07-10 17:41:01,"<a href=""https://sproutsocial.com"" rel=""nofollow"">Sprout Social</a>",,,,,joebiden,0.0091310507932152,big pharma is suing our administration to block us from negotiating lower prescription drug prices so they can pad their profits while hardworking americans foot the billbut we wont give in were going to keep standing up to big pharma,False,0.0740253540769503,0.2403668241328982,-1.4464726,79.77953,10.711115,1.6491225
1705634490834366673,"If members of Congress refuse to act on gun violence, we need to elect new members of Congress who will. https://t.co/Ei7FoPXczV",en,Tweet,102,22055,4312,9161,2416074.0,2023-09-23 13:25:26,"<a href=""https://sproutsocial.com"" rel=""nofollow"">Sprout Social</a>",,,video,https://video.twimg.com/amplify_video/1705634384290643968/vid/avc1/1080x1920/2x60KMoFPcXSgT8f.mp4?tag=16,joebiden,0.009128445569134,if members of congress refuse to act on gun violence we need to elect new members of congress who will,False,-0.2194815255705069,0.2237198621445971,-63.26866,-39.297268,3.0546615,0.34829524
1696194874712682883,"This morning, I spoke with Governor DeSantis to inform him that we've approved the Emergency Declaration for Florida as they prepare for Hurricane Idalia, and FEMA has pre-deployed personnel and assets.

Florida has my full support as they prepare for Idalia and its aftermath.",en,Retweet,98,19057,3329,1902,2087949.0,2023-08-28 12:15:46,"<a href=""https://www.sprinklr.com"" rel=""nofollow"">The White House</a>",,,,,joebiden,0.0091271386417963,this morning i spoke with governor desantis to inform him that weve approved the emergency declaration for florida as they prepare for hurricane idalia and fema has predeployed personnel and assetsflorida has my full support as they prepare for idalia and its aftermath,False,-0.1623938764924254,-0.092551782828548,-12.1910715,16.015974,2.744914,6.4564056
1679932539333640192,"I’m proud to say that Team Biden-Harris has raised more than $72 million since April.

To all the grassroots donors who pitched in a few bucks at a time—thank you. This campaign is powered by you. And with your help, we’re going to finish the job.",en,Tweet,20,10094,1630,4219,1106128.0,2023-07-14 15:15:03,"<a href=""https://sproutsocial.com"" rel=""nofollow"">Sprout Social</a>",,,,,joebiden,0.0091255261597211,im proud to say that team bidenharris has raised more than 72 million since aprilto all the grassroots donors who pitched in a few bucks at a timethank you this caign is powered by you and with your help were going to finish the job,False,0.0770066826411394,-0.1056807068864238,19.403467,-58.503803,6.664819,4.0925245
1699936839178564031,"I’m headed to the G20 – the premier forum for international economic cooperation – focused on making progress on Americans' priorities, delivering for developing nations, and showing our commitment to the G20 as a forum that can deliver. 
 
Every time we engage, we get better.",en,Retweet,44,17452,2884,4420,1919724.0,2023-09-07 20:05:00,"<a href=""https://www.sprinklr.com"" rel=""nofollow"">The White House</a>",,,,,joebiden,0.0090908901487922,im headed to the g20  the premier forum for international economic cooperation  focused on making progress on americans priorities delivering for developing nations and showing our commitment to the g20 as a forum that can deliver  every time we engage we get better,False,0.0785623015733958,-0.1724088415317713,12.516141,3.6769226,4.66851,4.38787
1726692035124510977,It was my honor to pardon this year's Thanksgiving turkeys: Liberty and Bell. https://t.co/MpcLYbV9qN,en,Tweet,133,13415,2903,3110,1476124.0,2023-11-20 15:00:36,"<a href=""https://sproutsocial.com"" rel=""nofollow"">Sprout Social</a>",,,video,https://video.twimg.com/amplify_video/1726691928060710912/vid/avc1/1080x1920/45a5ivsGVM9aRX1B.mp4?tag=16,joebiden,0.0090879898978676,it was my honor to pardon this years thanksgiving turkeys liberty and bell,False,-0.1721247184769152,-0.1128190083355062,-6.224948,-15.850306,4.1724496,5.6523647
1684203986067263491,"Today, we celebrate over three decades of the Americans with Disabilities Act – a driving force in moving America closer to the promise of equal opportunity for millions of folks with disabilities.
 
I'm committed to continue building on the ADA's foundation.",en,Retweet,23,10315,2070,1071,1136797.0,2023-07-26 10:08:15,"<a href=""https://www.sprinklr.com"" rel=""nofollow"">The White House</a>",,,,,joebiden,0.0090737396386514,today we celebrate over three decades of the americans with disabilities act  a driving force in moving america closer to the promise of equal opportunity for millions of folks with disabilities im committed to continue building on the adas foundation,False,0.0003769825172499,-0.088974597951346,-32.41979,-33.785557,4.124426,2.5013947
1757862214260662487,"One Mom's Fight to Expose Social Emotional Learning (SEL), A Corporate Management Boondoggle to Control Kids
https://t.co/fzW9HKkDoL",en,Tweet,29,581,199,27,64250.0,2024-02-14 15:19:46,"<a href=""https://help.twitter.com/en/using-twitter/how-to-tweet#source-labels"" rel=""nofollow"">simpleads-ui</a>",,https://www.restorationofamerica.com/restoration-news/fixing-education/profiting-off-americas-children-one-moms-fight-to-expose-woke-sel-activists/,,,joebiden,0.0090428015564202,one moms fight to expose social emotional learning sel a corporate management boondoggle to control kids,False,-0.1072938930558319,0.1010723955405496,-37.133564,3.5351033,4.571352,1.8627088
1653929938712494081,"Speaker McCarthy cut a deal with the extreme MAGA wing of his caucus to strip away health care from millions of Americans, send manufacturing jobs overseas, and undermine veterans’ health care.

All to restore the Trump tax cuts for the wealthiest and corporations.",en,Tweet,55,13417,4177,6778,1484922.0,2023-05-03 21:10:00,"<a href=""https://sproutsocial.com"" rel=""nofollow"">Sprout Social</a>",,,,,joebiden,0.0090354914264857,speaker mccarthy cut a deal with the extreme maga wing of his caucus to strip away health care from millions of americans send manufacturing jobs overseas and undermine veterans health careall to restore the trump tax cuts for the wealthiest and corporations,True,0.0394887579394855,0.4080571857172054,-18.852623,34.59403,8.599627,1.4284774
1730987697861251206,"I wrote the first Violence Against Women Act and spent decades working to expand survivor protections.

As president, I was proud to not only reauthorize this landmark law, but strengthen it—including increasing support for survivors from underserved and marginalized communities.",en,Tweet,52,9688,2548,4607,1076610.0,2023-12-02 11:30:02,"<a href=""https://sproutsocial.com"" rel=""nofollow"">Sprout Social</a>",,,,,joebiden,0.0089986160262304,i wrote the first violence against women act and spent decades working to expand survivor protectionsas president i was proud to not only reauthorize this landmark law but strengthen itincluding increasing support for survivors from underserved and marginalized communities,False,-0.0980936397253003,0.0736139968209257,-41.363995,-53.491734,4.6781,0.8359725
1704133333335290176,"The right to vote is the foundation of our democracy. With it, anything is possible in America; without it, nothing is. 

On National Voter Registration Day, make sure your voter registration status is up-to-date so your voice can be heard: https://t.co/Hy8C4mJiSk https://t.co/rc0rZaqkoq",en,Tweet,20,8719,2655,2175,969575.0,2023-09-19 10:00:22,"<a href=""https://sproutsocial.com"" rel=""nofollow"">Sprout Social</a>",,http://IWillVote.com,photo,https://pbs.twimg.com/media/F6ZMN-LWUAALkM9.jpg,joebiden,0.0089925998504499,the right to vote is the foundation of our democracy with it anything is possible in america without it nothing is on national voter registration day make sure your voter registration status is uptodate so your voice can be heard,False,-0.1837007653505577,-0.0328899452868895,9.559985,-75.08515,5.532858,2.7942126
1691857414159564841,"We are creating thousands of good-paying, clean energy manufacturing jobs, making a historic investment in combating climate change, and reducing 1 billion tons of carbon emissions by 2030 through the Inflation Reduction Act.",en,Tweet,24,6080,1207,1780,677585.0,2023-08-16 13:00:15,"<a href=""https://sproutsocial.com"" rel=""nofollow"">Sprout Social</a>",,,,,joebiden,0.0089730439723429,we are creating thousands of goodpaying clean energy manufacturing jobs making a historic investment in combating climate change and reducing 1 billion tons of carbon emissions by 2030 through the inflation reduction act,False,0.3467694447551636,0.0612388038320548,16.254635,34.186058,9.020717,3.558298
1710801110754083121,"Let me say this as clearly as I can.

This is not a moment for any party hostile to Israel to exploit these attacks to seek advantage.

My Administration’s support for Israel’s security is rock solid and unwavering.",en,Retweet,484,78144,11061,17021,8711954.0,2023-10-07 19:35:44,"<a href=""https://www.sprinklr.com"" rel=""nofollow"">The White House</a>",,,,,joebiden,0.0089697443306059,let me say this as clearly as i canthis is not a moment for any party hostile to israel to exploit these attacks to seek advantagemy administrations support for israels security is rock solid and unwavering,False,-0.2648425986365688,-0.138603138381663,-73.242714,0.3777947,1.4073114,4.3246403
1700295976961909088,"The CHIPS and Science Act is a key part of my Bidenomics agenda to bring manufacturing and opportunity to every corner of the country. It’s growing our economy to benefit American union workers, small businesses, and families. https://t.co/ML7BvkdIdF",en,Tweet,28,8530,1908,2103,951939.0,2023-09-08 19:52:05,"<a href=""https://sproutsocial.com"" rel=""nofollow"">Sprout Social</a>",,,photo,https://pbs.twimg.com/media/F5iqKdVXoAA4_EW.jpg,joebiden,0.0089606581934346,the chips and science act is a key part of my bidenomics agenda to bring manufacturing and opportunity to every corner of the country its growing our economy to benefit american union workers small businesses and families,False,0.3038141390599591,-0.0391828289974756,46.064137,32.313652,8.917657,4.4419384
1707103069543043255,"You know, I agree with Mitch here. Why the House Republicans would want to defund Border Patrol is beyond me.",en,Tweet,357,53274,11432,7619,5950972.0,2023-09-27 14:41:02,"<a href=""https://mobile.twitter.com"" rel=""nofollow"">Twitter Web App</a>",,,,,joebiden,0.0089521510099526,you know i agree with mitch here why the house republicans would want to defund border patrol is beyond me,False,-0.0975686672038073,0.2573945200561965,-53.54835,37.722244,8.487563,0.7593111
1719826484028702875,"Health care should be a right—not a privilege—for all Americans.

With the beginning of the open enrollment period on https://t.co/Ehx4n5mqQN, we can continue delivering on that fundamental promise. Starting today through January 15, 2024, Americans across the country can gain the peace of mind that comes from having quality, affordable health coverage.",en,Tweet,40,9788,2322,3569,1093424.0,2023-11-01 17:19:21,"<a href=""https://mobile.twitter.com"" rel=""nofollow"">Twitter Web App</a>",,http://HealthCare.gov,,,joebiden,0.0089516966885672,health care should be a rightnot a privilegefor all americanswith the beginning of the open enrollment period on  we can continue delivering on that fundamental promise starting today through january 15 2024 americans across the country can gain the peace of mind that comes from having quality affordable health coverage,False,-0.036768632414936,0.0643702931794371,-29.841656,69.01253,10.326637,0.65037334
1656818744784502785,While voting to make it easier for the rich to cheat on their taxes. https://t.co/BQJ1XTIDXG,en,Tweet,111,26002,8212,9130,2905207.0,2023-05-11 20:29:05,"<a href=""https://sproutsocial.com"" rel=""nofollow"">Sprout Social</a>",,,photo,https://pbs.twimg.com/media/Fv4z2eJXsAEb0I8.jpg,joebiden,0.0089501367716654,while voting to make it easier for the rich to cheat on their taxes,False,0.0244311495946239,0.2627683409351425,-15.508176,43.54155,8.7579365,1.5992754
1700654820145688999,"All I hear from my friends on the other side of the aisle is what they say is wrong with America.

I’ve got news for them: America has the strongest economy in the world right now and the lowest inflation rate among any major economy.",en,Tweet,204,39170,8344,19123,4378978.0,2023-09-09 19:38:00,"<a href=""https://sproutsocial.com"" rel=""nofollow"">Sprout Social</a>",,,,,joebiden,0.0089450095433226,all i hear from my friends on the other side of the aisle is what they say is wrong with americaive got news for them america has the strongest economy in the world right now and the lowest inflation rate among any major economy,False,0.2559636460776185,-0.0411057109242215,81.37822,16.441055,11.639473,5.7264605
1699160977990705393,"Any person willing to work hard should be able to get a job, raise their kids on a good paycheck, and keep their roots where they grew up.",en,Tweet,85,20110,2518,9593,2248504.0,2023-09-05 16:42:00,"<a href=""https://sproutsocial.com"" rel=""nofollow"">Sprout Social</a>",,,,,joebiden,0.0089437243607305,any person willing to work hard should be able to get a job raise their kids on a good paycheck and keep their roots where they grew up,False,0.1064590893276123,-0.0353029732078446,49.53493,-6.8816643,9.513565,5.4408417
1727002181268648391,"Both Putin and Hamas are fighting to wipe a neighboring democracy off the map. 

America cannot, and will not, let that happen. For our own national security interests—and for the good of the entire world.
https://t.co/CS2lUg6ZCW",en,Tweet,163,15000,4026,8323,1678871.0,2023-11-21 11:33:00,"<a href=""https://sproutsocial.com"" rel=""nofollow"">Sprout Social</a>",,https://www.washingtonpost.com/opinions/2023/11/18/joe-biden-gaza-hamas-putin/,,,joebiden,0.0089345756761537,both putin and hamas are fighting to wipe a neighboring democracy off the map america cannot and will not let that happen for our own national security interestsand for the good of the entire world,False,-0.2412210506389428,-0.0763654883438659,-63.023785,13.1684475,1.6641835,3.9930236
1682392691848478720,"The U.S. Women’s National Team embodies what it means to be a champion.
 
Go Team USA! https://t.co/CTy8l3Wahv",en,Retweet,88,27727,3689,5776,3106403.0,2023-07-21 10:10:49,"<a href=""http://twitter.com/download/iphone"" rel=""nofollow"">Twitter for iPhone</a>",,,video,https://video.twimg.com/amplify_video/1682392566833070085/vid/720x1280/WnqGrYqAPE-YPqhA.mp4?tag=14,joebiden,0.0089257575401517,the us womens national team embodies what it means to be a chiongoteamusa,False,-0.1612353308190718,-0.1919101914608499,-19.3907,-43.541542,3.9052022,4.094388
1698395450959598036,"It wasn't that long ago that America was losing jobs. My predecessor was one of only two presidents in history who left office with fewer jobs than when he entered. 

We created more jobs in two years than a president has ever created in a single four-year term.",en,Tweet,79,20638,3800,11124,2312674.0,2023-09-03 14:00:04,"<a href=""https://sproutsocial.com"" rel=""nofollow"">Sprout Social</a>",,,,,joebiden,0.0089238690796887,it wasnt that long ago that america was losing jobs my predecessor was one of only two presidents in history who left office with fewer jobs than when he entered we created more jobs in two years than a president has ever created in a single fouryear term,False,0.3226948380047084,-0.1970982419304013,85.53996,2.0577643,10.931282,6.6069245
1735819781230449123,"Republican elected officials have imposed dangerous abortion bans that jeopardize women’s health, force them to travel out of state for care, and threaten to criminalize doctors. 

Their agenda is extreme and out-of-step with the vast majority of Americans.",en,Tweet,35,7441,1970,3532,834292.0,2023-12-15 19:31:00,"<a href=""https://sproutsocial.com"" rel=""nofollow"">Sprout Social</a>",,,,,joebiden,0.0089189396518245,republican elected officials have imposed dangerous abortion bans that jeopardize womens health force them to travel out of state for care and threaten to criminalize doctors their agenda is extreme and outofstep with the vast majority of americans,False,-0.1599882199040275,0.3721372528815094,-18.958254,-79.679924,6.2171383,0.2749615
1692936993062203721,There’s a lot more work to do to keep our communities and kids safe. Vice President @KamalaHarris and I won’t stop fighting to end the scourge of gun violence. https://t.co/ErI9wDSh4J,en,Tweet,33,9196,2159,4945,1034401.0,2023-08-19 12:30:07,"<a href=""https://sproutsocial.com"" rel=""nofollow"">Sprout Social</a>",,,photo,https://pbs.twimg.com/media/F36FNNlXcAA3B1i.jpg,joebiden,0.0088901692863792,theres a lot more work to do to keep our communities and kids safe vice president kamalaharris and i wont stop fighting to end the scourge of gun violence,False,-0.1987485791777663,0.0135149816619298,-47.596874,-44.03629,4.230629,1.0270687
1757533358806933891,"Today we learned that wage growth has been the strongest of any economic recovery in 50 years. 

We know there’s still work to do to lower costs, but inflation has declined by two-thirds from its peak, and growth and employment remain strong.",en,Tweet,70,12267,2607,4301,1379972.0,2024-02-13 17:33:00,"<a href=""https://sproutsocial.com"" rel=""nofollow"">Sprout Social</a>",,,,,joebiden,0.0088893107976103,today we learned that wage growth has been the strongest of any economic recovery in 50 years we know theres still work to do to lower costs but inflation has declined by twothirds from its peak and growth and employment remain strong,False,0.4024656393835353,-0.1329961998103931,87.34687,22.0844,11.966103,5.736291
1739398713984913510,"This Christmas, Jill and I spoke with some of the brave military members who are spending the holiday away from home. https://t.co/TGL1jXT1DR",en,Retweet,122,26035,3233,6200,2929053.0,2023-12-25 16:32:24,"<a href=""https://www.sprinklr.com"" rel=""nofollow"">The White House</a>",,,photo,https://pbs.twimg.com/media/GCOV6VqXIAAJchi.jpg,joebiden,0.0088885383774209,this christmas jill and i spoke with some of the brave military members who are spending the holiday away from home,False,-0.2115008150164589,-0.1474139953629814,-10.703107,-14.91835,3.9498072,6.041025
1730746854827028676,"Congresswoman Lauren Boebert, one of the leaders of the extreme MAGA movement, called the Inflation Reduction Act a “massive failure.”

Tell that to the 850 Coloradans who are getting new jobs in her district thanks to this law.",en,Tweet,137,29161,6386,10411,3281213.0,2023-12-01 19:33:00,"<a href=""https://sproutsocial.com"" rel=""nofollow"">Sprout Social</a>",,,,,joebiden,0.0088872621192223,congresswoman lauren boebert one of the leaders of the extreme maga movement called the inflation reduction act a massive failuretell that to the 850 coloradans who are getting new jobs in her district thanks to this law,False,0.1963242332171528,0.2121429565533368,3.712824,47.323784,9.698604,2.421483
1650935215726927873,"We are in a battle for the soul of this nation. Will we, in four years, have more rights or fewer?

I know what I want the answer to be. And I need you with me, talking to your friends, neighbors and communities about what’s at stake. 

Join us: https://t.co/Vl8NP4iZjJ",en,Tweet,22,10632,2127,6088,1197178.0,2023-04-25 14:50:02,"<a href=""https://sproutsocial.com"" rel=""nofollow"">Sprout Social</a>",,http://JoeBiden.com/share,,,joebiden,0.008880884880945,we are in a battle for the soul of this nation will we in four years have more rights or feweri know what i want the answer to be and i need you with me talking to your friends neighbors and communities about whats at stake join us,False,-0.1537583896902472,-0.0125097695954096,15.332372,-43.719364,5.6899853,3.2817976
1746200479766356289,"Every time someone starts a new small business, it’s an act of hope and confidence in our economy. This week, we learned that Americans filed 16 million new business applications during the first three years of my administration.",en,Tweet,56,12143,2206,3811,1372123.0,2024-01-13 11:00:11,"<a href=""https://sproutsocial.com"" rel=""nofollow"">Sprout Social</a>",,,,,joebiden,0.0088497897054418,every time someone starts a new small business its an act of hope and confidence in our economy this week we learned that americans filed 16 million new business applications during the first three years of my administration,False,0.3008567273375235,-0.1731124890153463,65.5302,32.487053,10.531319,7.420522
1689275458536247297,"Today marks one year since I signed the CHIPS and Science Act into law. 

It’s helping to create thousands of jobs and is a once-in-a-generation investment in America’s manufacturing, research, and development. https://t.co/2W4AFz4KI0",en,Tweet,24,6755,1153,1029,765378.0,2023-08-09 10:00:29,"<a href=""https://sproutsocial.com"" rel=""nofollow"">Sprout Social</a>",,,photo,https://pbs.twimg.com/media/F3GDD2YW0AAHTxQ.jpg,joebiden,0.0088257044231739,today marks one year since i signed the chips and science act into law its helping to create thousands of jobs and is a onceinageneration investment in americas manufacturing research and development,False,0.2040109825942009,-0.0625682543975314,45.041832,32.062527,8.720045,4.4131083
1724190699770307058,"I've always believed in the power of research to save lives and ensure Americans get the care they need.

Starting today, the first-ever White House Initiative on Women’s Health Research will work towards that goal, changing how we approach and fund women’s health research. https://t.co/9gEFbtXdBn",en,Retweet,60,13086,2769,4121,1485869.0,2023-11-13 17:21:11,"<a href=""https://www.sprinklr.com"" rel=""nofollow"">The White House</a>",,,photo,https://pbs.twimg.com/media/F-2OTSMWkAAKcBe.jpg,joebiden,0.0088069675052107,ive always believed in the power of research to save lives and ensure americans get the care they needstarting today the firstever white house initiative on womens health research will work towards that goal changing how we approach and fund womens health research,False,-0.0415012906557095,0.0333583576858553,-34.78106,-57.030926,4.8983665,0.8755026
1691888819438518599,"Under the Inflation Reduction Act, folks on Medicare—no matter how many prescriptions they have—pay no more than $2,000 a year for their medication.

This is a game-changer for American families.",en,Tweet,19,5471,1199,1136,622697.0,2023-08-16 15:05:02,"<a href=""https://sproutsocial.com"" rel=""nofollow"">Sprout Social</a>",,,,,joebiden,0.0087859745590552,under the inflation reduction act folks on medicareno matter how many prescriptions they havepay no more than 2000 a year for their medicationthis is a gamechanger for american families,False,0.1947191453020068,0.3224718282496193,-17.180113,84.85771,10.927714,1.623575
1652787180048117760,"The impact teachers have on their students is profound. 
Every single one of us had a teacher believe in us along the way.

That’s the power of a great teacher. https://t.co/rVGVnpcGUv",en,Tweet,37,13511,2080,2591,1539623.0,2023-04-30 17:29:05,"<a href=""https://sproutsocial.com"" rel=""nofollow"">Sprout Social</a>",,,photo,https://pbs.twimg.com/media/Fu_hKgiWIAMp-Qz.jpg,joebiden,0.0087755249174635,the impact teachers have on their students is profound every single one of us had a teacher believe in us along the waythats the power of a great teacher,False,-0.1154676776347368,-0.1755268061545206,-5.073896,-3.170505,4.150394,4.6843452
1735753851456663799,"Good one, Donald. https://t.co/XNtiU4bqSF",en,Tweet,1169,52215,13650,13497,5951570.0,2023-12-15 15:09:01,"<a href=""https://sproutsocial.com"" rel=""nofollow"">Sprout Social</a>",,,video,https://video.twimg.com/ext_tw_video/1735752785369370624/pu/vid/avc1/720x900/lkADnPG-Wcpm1YvQ.mp4?tag=12,joebiden,0.0087733152764732,good one donald,False,-0.0879142869014055,-0.1115724822652641,53.321175,-39.240257,5.8984184,6.004373
1738204807930716307,"America was founded on the principle of equal justice under law — our criminal justice system can and should reflect this core value that makes our communities safer and stronger.
 
That’s why I’m announcing additional steps to make the promise of equal justice a reality.",en,Retweet,166,16459,3685,11001,1884517.0,2023-12-22 09:28:15,"<a href=""https://www.sprinklr.com"" rel=""nofollow"">The White House</a>",,,,,joebiden,0.0087338028789339,america was founded on the principle of equal justice under law  our criminal justice system can and should reflect this core value that makes our communities safer and stronger thats why im announcing additional steps to make the promise of equal justice a reality,False,-0.0695036750889999,-0.0530503695657033,-41.063396,-26.325975,3.8713512,2.325825
1693624249561329768,"This recovery will be long and challenging.
 
But we’ll continue to be on the ground, providing support to the people of Hawai’i for as long as it takes. https://t.co/mPJK8P0Sh5",en,Retweet,74,15081,4064,2823,1732090.0,2023-08-21 10:01:01,"<a href=""https://www.sprinklr.com"" rel=""nofollow"">The White House</a>",,,photo,https://pbs.twimg.com/media/F4D2RupWoAAFU-1.jpg,joebiden,0.0087068223937555,this recovery will be long and challenging but well continue to be on the ground providing support to the people of hawaii for as long as it takes,False,-0.137653819465297,-0.1654024450150537,-17.974916,8.957501,2.6200523,6.126873
1709695523723051115,"The House will now re-organize to select a new speaker.
 
To our Republican colleagues: We remain committed to working in a bipartisan fashion for the good of the American people.
 
It's what they expect and deserve. https://t.co/3lGUSLp9sN",en,Retweet,61,12503,3179,5226,1439305.0,2023-10-04 18:22:32,"<a href=""https://www.sprinklr.com"" rel=""nofollow"">The White House</a>",,,video,https://video.twimg.com/amplify_video/1709695448380817408/vid/avc1/1080x1920/stDFSPMMcfEdeIaU.mp4?tag=16,joebiden,0.0086868314915879,the house will now reorganize to select a new speaker to our republican colleagues we remain committed to working in a bipartisan fashion for the good of the american people its what they expect and deserve,False,-0.1114022205827606,0.0732268998143404,-42.561752,29.945248,7.8349223,0.5623768
1703151807801831582,The rise reported in child poverty is no accident—it is the result of a deliberate policy choice congressional Republicans made to block help for families with children while advancing massive tax cuts for the wealthiest and largest corporations. https://t.co/8CQ0Q35Mtd,en,Tweet,60,15982,4583,9280,1840039.0,2023-09-16 17:00:08,"<a href=""https://sproutsocial.com"" rel=""nofollow"">Sprout Social</a>",,,photo,https://pbs.twimg.com/media/F6LPhrpWAAA23d3.jpg,joebiden,0.0086856854664493,the rise reported in child poverty is no accidentit is the result of a deliberate policy choice congressional republicans made to block help for families with children while advancing massive tax cuts for the wealthiest and largest corporations,False,0.0819552902389109,0.2414133553511767,-12.32606,54.846718,9.0222845,1.8442154
1702360410148470949,"You can’t have the strongest economy in the world with second-rate infrastructure.

That’s why we’re investing in America’s roads, bridges, ports, airports, clean water, high-speed Internet, and so much more.",en,Tweet,25,9099,1692,3921,1048119.0,2023-09-14 12:35:24,"<a href=""https://sproutsocial.com"" rel=""nofollow"">Sprout Social</a>",,,,,joebiden,0.0086812661539386,you cant have the strongest economy in the world with secondrate infrastructurethats why were investing in americas roads bridges ports airports clean water highspeed internet and so much more,False,0.2355072630809837,-0.122496884997153,37.139435,18.015358,8.640873,5.38082
1702467789368271321,The difference between Bidenomics and MAGAnomics. https://t.co/rl3DJOCqpR,en,Tweet,166,17965,4916,9657,2073325.0,2023-09-14 19:42:05,"<a href=""https://sproutsocial.com"" rel=""nofollow"">Sprout Social</a>",,,photo,https://pbs.twimg.com/media/F6BhakIWoEA9xMQ.jpg,joebiden,0.0086648258232549,the difference between bidenomics and maganomics,False,0.2380492734472633,-0.0417880106781275,61.26241,-14.890285,10.497356,4.653172
1664467279948521474,"Just now, Senators from both parties voted to protect our hard-earned economic progress and prevent a first-ever default.

No one gets everything they want in a negotiation, but make no mistake: this bipartisan agreement is a big win for our economy and the American people.

Our work is far from finished, but I look forward to signing this bill into law as soon as possible and addressing the American people directly tomorrow.",en,Retweet,158,35124,5497,5526,4058917.0,2023-06-01 23:01:38,"<a href=""https://mobile.twitter.com"" rel=""nofollow"">Twitter Web App</a>",,,,,joebiden,0.008653539848191,just now senators from both parties voted to protect our hardearned economic progress and prevent a firstever defaultno one gets everything they want in a negotiation but make no mistake this bipartisan agreement is a big win for our economy and the american peopleour work is far from finished but i look forward to signing this bill into law as soon as possible and addressing the american people directly tomorrow,False,0.1484845196494962,0.071453384586648,-40.93974,34.284874,7.7092314,0.4973401
1725188999688413443,"Mr. President, we have known each other for a long time.

We have not always agreed. But our meetings are always candid, straightforward, and useful.

Yesterday was no different.

Our nations may be in competition, but that doesn't mean we can't compete responsibly. https://t.co/550epPY91b",en,Retweet,481,34790,5829,8255,4027163.0,2023-11-16 11:28:04,"<a href=""https://www.sprinklr.com"" rel=""nofollow"">The White House</a>",,,video,https://video.twimg.com/amplify_video/1725188890867208192/vid/avc1/1080x1920/KF7yunZ8nh_J6pJy.mp4?tag=16,joebiden,0.0086388358256171,mr president we have known each other for a long timewe have not always agreed but our meetings are always candid straightforward and usefulyesterday was no differentour nations may be in competition but that doesnt mean we cant compete responsibly,False,-0.0879274318827365,-0.2088936503515165,10.620882,3.5607045,4.331466,4.5284753
1707435003041222818,"If we have a government shutdown, a lot of vital work in science and health could be impacted—from cancer research to food safety. 

The American people need House Republicans to do their job: fund the government.",en,Tweet,38,14131,2867,9927,1636671.0,2023-09-28 12:40:01,"<a href=""https://sproutsocial.com"" rel=""nofollow"">Sprout Social</a>",,,,,joebiden,0.0086339893601096,if we have a government shutdown a lot of vital work in science and health could be impactedfrom cancer research to food safety the american people need house republicans to do their job fund the government,False,-0.0657198939967218,0.2493137124806844,-54.634148,41.002953,8.431581,0.43704775
1720808105645121662,"Jill and I met with the survivors and families of the victims of the mass shooting in Lewiston, Maine, who will never quite be the same.

18 precious souls stolen. 13 wounded.
Children. Grandchildren. Spouses.
Siblings. Parents. Grandparents.
Bowling coaches. Union workers.
Beloved members of Lewiston's deaf and hard-of-hearing community.

The way this community and state have come together has been a marvel to the rest of the country.",en,Tweet,26,10173,1980,3113,1179032.0,2023-11-04 10:19:58,"<a href=""https://mobile.twitter.com"" rel=""nofollow"">Twitter Web App</a>",,,photo,https://pbs.twimg.com/media/F-GJavWXAAABlNJ.jpg,joebiden,0.0086282645424382,jill and i met with the survivors and families of the victims of the mass shooting in lewiston maine who will never quite be the same18 precious souls stolen 13 woundedchildren grandchildren spousessiblings parents grandparentsbowling coaches union workersbeloved members of lewistons deaf and hardofhearing communitythe way this community and state have come together has been a marvel to the rest of the country,False,-0.2386414169329774,-0.046352155194014,-72.676056,-25.950104,2.5724006,1.633795
1681754554705014792,".@BernieSanders, it was great to have you at the White House to meet with young worker leaders.

We both agree: Every American worker deserves the dignity a union can provide. https://t.co/kK2N0JCCS1",en,Tweet,56,14265,1589,3821,1654548.0,2023-07-19 15:55:05,"<a href=""https://sproutsocial.com"" rel=""nofollow"">Sprout Social</a>",,,photo,https://pbs.twimg.com/media/F1bK1oKXsAYG5Rx.jpg,joebiden,0.0086216900325647,berniesanders it was great to have you at the white house to meet with young worker leaderswe both agree every american worker deserves the dignity a union can provide,False,0.0229823091310801,-0.1579619969215671,17.030905,-10.654551,6.9115,6.978985
1661878334408515585,"Defaulting on the debt—including trillions incurred under Donald Trump—could mean seniors missing Social Security checks and millions of jobs lost.

It sounds like the head of the Republican Party thinks that’s a price worth paying to elect Republicans. https://t.co/fHbRqviI9j",en,Tweet,133,27121,9592,5715,3146688.0,2023-05-25 19:34:05,"<a href=""https://sproutsocial.com"" rel=""nofollow"">Sprout Social</a>",,,photo,https://pbs.twimg.com/media/FxAthVtXwAAfoHh.jpg,joebiden,0.0086189034311631,defaulting on the debtincluding trillions incurred under donald trumpcould mean seniors missing social security checks and millions of jobs lostit sounds like the head of the republican party thinks thats a price worth paying to elect republicans,True,0.0950893560843877,0.2469301712535217,-20.612444,41.60468,8.307312,1.1603847
1705933628281168243,"As Jewish communities in the United States, Israel, and around the world observe Yom Kippur, Jill and I extend our best wishes on this sacred and solemn holiday.

We wish you a meaningful and easy fast. May we all be sealed in the Book of Life.
 
G’mar Chatimah Tova.",en,Retweet,42,14374,2119,1409,1668051.0,2023-09-24 09:14:06,"<a href=""https://www.sprinklr.com"" rel=""nofollow"">The White House</a>",,,,,joebiden,0.0086172425183642,as jewish communities in the united states israel and around the world observe yom kippur jill and i extend our best wishes on this sacred and solemn holidaywe wish you a meaningful and easy fast may we all be sealed in the book of life gmar chatimah tova,False,-0.2434133751861074,-0.1705094287652909,-16.665121,-15.553591,3.89465,6.483697
1747726345675719018,"Make no mistake: extreme Republicans have no plan to lower costs for families—none.

Their only plan is to hand out massive giveaways to the super-wealthy and big corporations. 
They’ve locked arms with Big Pharma and Big Oil to try to stop us from lowering prescription drug costs and utility bills.
They haven’t given up their fight to cut Social Security, Medicare, and Medicaid. 

I will not let them.",en,Tweet,193,19847,4698,16566,2314194.0,2024-01-17 16:03:26,"<a href=""https://mobile.twitter.com"" rel=""nofollow"">Twitter Web App</a>",,,,,joebiden,0.0085762040693217,make no mistake extreme republicans have no plan to lower costs for familiesnonetheir only plan is to hand out massive giveaways to the superwealthy and big corporations theyve locked arms with big pharma and big oil to try to stop us from lowering prescription drug costs and utility billsthey havent given up their fight to cut social security medicare and medicaid i will not let them,False,0.0569305684850994,0.4282360502559504,-14.302659,56.232433,9.487817,1.5081106
1752715883829477670,"I promised to ease student debt for millions of folks. The Supreme Court blocked me, but it didn’t stop me.

I found another way to help more than 3.7 million people—teachers, nurses, police officers, firefighters—with over $130 billion in relief.",en,Tweet,444,27604,5055,16909,3218751.0,2024-01-31 10:30:05,"<a href=""https://sproutsocial.com"" rel=""nofollow"">Sprout Social</a>",,,,,joebiden,0.0085759973356124,i promised to ease student debt for millions of folks the supreme court blocked me but it didnt stop mei found another way to help more than 37 million peopleteachers nurses police officers firefighterswith over 130 billion in relief,False,0.11957768025709,0.12900247614924,41.471947,54.004086,7.2648005,-1.548514
1696900678587752880,"While the pharmaceutical industry makes record profits, millions of Americans are forced to choose between paying for medications they need or paying for food, rent, and other necessities. 

Those days are ending.",en,Tweet,34,20572,3650,4814,2403616.0,2023-08-30 11:00:23,"<a href=""https://sproutsocial.com"" rel=""nofollow"">Sprout Social</a>",,,,,joebiden,0.0085587714510138,while the pharmaceutical industry makes record profits millions of americans are forced to choose between paying for medications they need or paying for food rent and other necessities those days are ending,False,0.1273386077856034,0.2413783931462112,-3.2593436,76.088196,10.661094,1.5836903
1704925976566604283,"Vice President @KamalaHarris and I have treated the climate crisis as an existential threat from the moment we took office.

Last year, I signed into law the largest investment ever to combat the climate crisis and help move the global economy toward a clean energy future.",en,Tweet,16,6672,1273,2903,779639.0,2023-09-21 14:30:03,"<a href=""https://sproutsocial.com"" rel=""nofollow"">Sprout Social</a>",,,,,joebiden,0.008557806882416,vice president kamalaharris and i have treated the climate crisis as an existential threat from the moment we took officelast year i signed into law the largest investment ever to combat the climate crisis and help move the global economy toward a clean energy future,False,0.0714417874744425,-0.0423772663145449,3.0122666,26.194098,8.108694,3.412332
1747713126554886192,"Today, we took new actions to tackle hidden fees by proposing a rule that would end excessive overdraft fees. 

This proposal would cut the average overdraft fee by more than half, saving the typical American family that pays these fees $150 a year. https://t.co/lC2IJQAdA6",en,Tweet,135,13981,2630,8338,1636528.0,2024-01-17 15:10:54,"<a href=""https://sproutsocial.com"" rel=""nofollow"">Sprout Social</a>",,,photo,https://pbs.twimg.com/media/GEEfzzgXYAAUV1F.jpg,joebiden,0.0085430863388832,today we took new actions to tackle hidden fees by proposing a rule that would end excessive overdraft fees this proposal would cut the average overdraft fee by more than half saving the typical american family that pays these fees 150 a year,False,0.1386496665440292,0.1924156674131272,18.167269,68.614296,11.673449,2.4063492
1677777075510341632,"The unemployment rate has remained below 4% for 17 months—the longest stretch since the 1960s. The share of working-age Americans with jobs is the highest in over 20 years. Inflation has come down by more than half. 

We are seeing stable and steady growth. That’s Bidenomics.",en,Tweet,41,12746,2747,4185,1493520.0,2023-07-08 16:30:01,"<a href=""https://sproutsocial.com"" rel=""nofollow"">Sprout Social</a>",,,,,joebiden,0.0085342010820076,the unemployment rate has remained below 4 for 17 monthsthe longest stretch since the 1960s the share of workingage americans with jobs is the highest in over 20 years inflation has come down by more than half we are seeing stable and steady growth thats bidenomics,False,0.5111804347352564,-0.1975825983925802,73.0413,14.854649,11.498617,6.0375977
1732846209658724859,"Federal dollars are vital to Tribal communities to be able to thrive, and they know best how to invest them—not us.

I signed an executive order to reform the federal funding system for Tribes, cutting out red tape so they can deliver for their communities faster and better. https://t.co/Bt7F0mUxKE",en,Tweet,22,4525,1321,2071,530647.0,2023-12-07 14:35:05,"<a href=""https://sproutsocial.com"" rel=""nofollow"">Sprout Social</a>",,,photo,https://pbs.twimg.com/media/GAxObXXXoAA__78.jpg,joebiden,0.0085273260755266,federal dollars are vital to tribal communities to be able to thrive and they know best how to invest themnot usi signed an executive order to reform the federal funding system for tribes cutting out red tape so they can deliver for their communities faster and better,False,0.0694988400730356,0.0529841858765063,-0.4918622,6.7522244,4.814572,2.8611603
1700979964080975998,"The rate of Americans without health insurance is at an all-time low. 

Premiums for coverage for millions of Americans under the Affordable Care Act are $800 lower per person than before I took office.",en,Tweet,41,13173,2628,4843,1545004.0,2023-09-10 17:10:00,"<a href=""https://sproutsocial.com"" rel=""nofollow"">Sprout Social</a>",,,,,joebiden,0.0085261915179507,the rate of americans without health insurance is at an alltime low premiums for coverage for millions of americans under the affordable care act are 800 lower per person than before i took office,False,0.2366079817516171,0.1088088447867342,-22.956785,71.38982,10.659661,0.62769663
1706383129693315337,"We have announced dozens of executive actions to reduce gun violence, from cracking down on ghost guns to breaking up gun trafficking and more. 

As we push for Congress to do more, the White House Office of Gun Violence Prevention will accelerate our work to save more lives. https://t.co/jGsQMY3OuP",en,Tweet,22,7438,1557,2842,872466.0,2023-09-25 15:00:15,"<a href=""https://sproutsocial.com"" rel=""nofollow"">Sprout Social</a>",,,photo,https://pbs.twimg.com/media/F65KZX0X0AARf0d.jpg,joebiden,0.0085252605832204,we have announced dozens of executive actions to reduce gun violence from cracking down on ghost guns to breaking up gun trafficking and more as we push for congress to do more the white house office of gun violence prevention will accelerate our work to save more lives,False,-0.0802807364803545,0.0978799874991666,-49.138958,-38.32299,4.046786,0.6140238
1691920792521409011,And we’re not done yet. https://t.co/XzZ49VixbG,en,Tweet,29,6990,1682,2877,821020.0,2023-08-16 17:12:05,"<a href=""https://sproutsocial.com"" rel=""nofollow"">Sprout Social</a>",,,photo,https://pbs.twimg.com/media/F3ro-i4WkAAG1H_.jpg,joebiden,0.0085137999074322,and were not done yet,False,-0.0935994999533229,-0.1707996144388336,28.036482,-45.18257,6.048145,5.043755
1705726345374761388,Donald Trump is responsible for extreme abortion bans nationwide—but don’t just take my word for it… https://t.co/gGx5xgRBzD,en,Tweet,292,21986,6606,6517,2584745.0,2023-09-23 19:30:26,"<a href=""https://sproutsocial.com"" rel=""nofollow"">Sprout Social</a>",,,video,https://video.twimg.com/amplify_video/1705726238331924481/vid/avc1/1080x1920/U-sOsPsCnTOCkBxd.mp4?tag=16,joebiden,0.0085060615263788,donald trump is responsible for extreme abortion bans nationwidebut dont just take my word for it,True,-0.1335139465152625,0.1690208382224961,-13.346727,-82.99032,6.3769116,0.7934859
1664081077248442368,"It’s time for Congress to ban assault weapons and high-capacity magazines, require safe storage of firearms, eliminate gun manufacturers’ immunity from liability, and require background checks for all gun sales.",en,Tweet,73,20236,3426,10754,2379789.0,2023-05-31 21:27:00,"<a href=""https://sproutsocial.com"" rel=""nofollow"">Sprout Social</a>",,,,,joebiden,0.008503274870167,its time for congress to ban assault weapons and highcapacity magazines require safe storage of firearms eliminate gun manufacturers immunity from liability and require background checks for all gun sales,False,-0.1791532941543336,0.2439537155002525,-59.924942,-32.283615,3.3866432,-0.033557493
1756800528909037614,"You want to know why Ukraine is important? Because as you can see, Putin and his useful lackeys have their eyes on bigger prizes.",en,Tweet,1252,86606,20120,9755,10189411.0,2024-02-11 17:01:00,"<a href=""https://sproutsocial.com"" rel=""nofollow"">Sprout Social</a>",,,,,joebiden,0.0084996080735186,you want to know why ukraine is important because as you can see putin and his useful lackeys have their eyes on bigger prizes,False,-0.1309421084981816,-0.0423537500923832,-58.978256,19.573545,2.1239557,4.0994673
1733177895101542549,"This week, my administration approved another $4.8 billion in student debt cancellation for 80,300 people.

This relief is thanks to our efforts to fix Public Service Loan Forgiveness so teachers, military members, and other public service workers get the relief they have earned. https://t.co/UG7z4UbKrV",en,Tweet,65,8185,1808,6901,963138.0,2023-12-08 12:33:05,"<a href=""https://sproutsocial.com"" rel=""nofollow"">Sprout Social</a>",,,photo,https://pbs.twimg.com/media/GA18F_fXEAA5luf.jpg,joebiden,0.0084982629695848,this week my administration approved another 48 billion in student debt cancellation for 80300 peoplethis relief is thanks to our efforts to fix public service loan forgiveness so teachers military members and other public service workers get the relief they have earned,False,0.0880964783661656,-0.0191510864992379,43.70306,55.718285,7.1855354,-1.7581218
1651649669825454080,"Under my predecessor, Infrastructure Week was a punchline. 
On my watch, we’re making Infrastructure Decade a headline.

We’ve already announced over 25,000 infrastructure projects in 4,500 towns across America.",en,Tweet,21,7436,1495,4122,876724.0,2023-04-27 14:09:02,"<a href=""https://sproutsocial.com"" rel=""nofollow"">Sprout Social</a>",,,,,joebiden,0.0084815745890382,under my predecessor infrastructure week was a punchline on my watch were making infrastructure decade a headlineweve already announced over 25000 infrastructure projects in 4500 towns across america,False,0.2312755038980812,-0.152774720345807,28.795666,15.523653,8.054828,5.0094643
1697406690642080164,"Vice President @KamalaHarris and I came into office determined to change the economic direction of the country and grow the economy from the middle out and bottom up.

Our plan is working. We’re advancing equity in everything we do and making unprecedented investments in America. https://t.co/g3uCtM2fiK",en,Tweet,53,22365,3687,8124,2637110.0,2023-08-31 20:31:05,"<a href=""https://sproutsocial.com"" rel=""nofollow"">Sprout Social</a>",,,photo,https://pbs.twimg.com/media/F45mX3IW0AAg-UA.jpg,joebiden,0.0084808748971411,vice president kamalaharris and i came into office determined to change the economic direction of the country and grow the economy from the middle out and bottom upour plan is working were advancing equity in everything we do and making unprecedented investments in america,False,0.3039138093832457,-0.144526279810748,61.867756,8.304563,9.645822,4.665554
1677815828329144321,"Bidenomics is working. 

Factories are being built, jobs are being created, and it’s happening all across America in communities that have been left out and hollowed out.",en,Tweet,43,16850,3239,6599,1991471.0,2023-07-08 19:04:00,"<a href=""https://sproutsocial.com"" rel=""nofollow"">Sprout Social</a>",,,,,joebiden,0.0084610822854061,bidenomics is working factories are being built jobs are being created and its happening all across america in communities that have been left out and hollowed out,False,0.4411329544693241,-0.1949425039915823,65.62933,-5.7339325,10.3162985,5.6507297
1675250991518629888,"The hypocrisy of Republican elected officials is stunning. 

They had no problem with billions in pandemic-related business loans, including to their own businesses. But when it came to providing relief to millions of hard-working Americans, they did everything to stop it.",en,Tweet,128,33935,8089,14671,4012052.0,2023-07-01 17:12:15,"<a href=""https://sproutsocial.com"" rel=""nofollow"">Sprout Social</a>",,,,,joebiden,0.0084582652468113,the hypocrisy of republican elected officials is stunning they had no problem with billions in pandemicrelated business loans including to their own businesses but when it came to providing relief to millions of hardworking americans they did everything to stop it,False,0.0410830805489469,0.2700315651834459,55.781647,60.002663,7.749922,-1.1116573
1649202287103844352,"If MAGA Republicans in Congress won't ask the wealthy or big corporations to pay $1 more in taxes, but they'll make a 22% cut to programs across the board, they should tell the American people what that means and why they're doing it.",en,Tweet,57,16900,4489,7927,2005419.0,2023-04-20 20:04:00,"<a href=""https://sproutsocial.com"" rel=""nofollow"">Sprout Social</a>",,,,,joebiden,0.0084271665921186,if maga republicans in congress wont ask the wealthy or big corporations to pay 1 more in taxes but theyll make a 22 cut to programs across the board they should tell the american people what that means and why theyre doing it,False,0.0818733453184431,0.4404974776676579,-14.012023,36.694103,8.717834,1.679426
1691117575793750017,"America’s natural wonders are our nation’s heart and soul. 

From day one, I’ve taken historic steps to conserve our national treasures. I made a commitment to conserve 30% of all our nation's lands and waters by 2030, and we're on our way.",en,Tweet,20,6776,1128,1635,804458.0,2023-08-14 12:00:24,"<a href=""https://sproutsocial.com"" rel=""nofollow"">Sprout Social</a>",,,,,joebiden,0.0084230624843062,americas natural wonders are our nations heart and soul from day one ive taken historic steps to conserve our national treasures i made a commitment to conserve 30 of all our nations lands and waters by 2030 and were on our way,False,0.0250683959615747,-0.0512293922369418,0.5669179,19.528366,7.837914,3.2666786
1698446771377062076,Seniors on Medicare are paying $35 a month for insulin thanks to the Inflation Reduction Act.,en,Tweet,16,10598,1650,2519,1260839.0,2023-09-03 17:24:00,"<a href=""https://sproutsocial.com"" rel=""nofollow"">Sprout Social</a>",,,,,joebiden,0.0084055141060833,seniors on medicare are paying 35 a month for insulin thanks to the inflation reduction act,False,0.161499831524243,0.3569959051456091,-14.540761,81.6224,11.082219,1.4641227
1649163280609312771,"Speaker McCarthy went to Wall Street, and instead of telling the wealthy that it was time to start paying their fair share, he proposed huge cuts to important programs that millions of Americans count on.

Folks, it’s the same old trickle-down dressed up in MAGA clothing.",en,Tweet,19,10687,2722,3701,1271817.0,2023-04-20 17:29:00,"<a href=""https://sproutsocial.com"" rel=""nofollow"">Sprout Social</a>",,,,,joebiden,0.0084029384730664,speaker mccarthy went to wall street and instead of telling the wealthy that it was time to start paying their fair share he proposed huge cuts to important programs that millions of americans count onfolks its the same old trickledown dressed up in maga clothing,False,0.0928869305115358,0.3078652795827138,-17.896048,34.883003,8.770131,1.4688534
1715192762641870883,"We cannot—and will not—let terrorists like Hamas and tyrants like Putin win.

I refuse to let that happen. https://t.co/o2hGvfSNwu",en,Tweet,262,24848,5061,10897,2963274.0,2023-10-19 22:26:36,"<a href=""https://sproutsocial.com"" rel=""nofollow"">Sprout Social</a>",,,video,https://video.twimg.com/amplify_video/1715192614377431040/vid/avc1/1080x1920/31X7-pi4U5QvRs3Q.mp4?tag=16,joebiden,0.0083853197510591,we cannotand will notlet terrorists like hamas and tyrants like putin wini refuse to let that happen,False,-0.2974253766372927,-0.0651477177987844,-63.35282,10.294,1.5908086,3.7809598
1702691352553595069,"Jill and I extend our warmest wishes to all those celebrating Rosh Hashanah in the United States, Israel, and around the world.
 
May we all be inscribed in the Book of Life. And may it be a happy, healthy, and sweet New Year.
 
Shana Tovah U’Metukah. https://t.co/r3RBCgrTJo",en,Retweet,30,10049,1644,1056,1198631.0,2023-09-15 10:30:27,"<a href=""https://www.sprinklr.com"" rel=""nofollow"">The White House</a>",,,photo,https://pbs.twimg.com/media/F6Eswr8WEAA3vEW.jpg,joebiden,0.0083837311065707,jill and i extend our warmest wishes to all those celebrating rosh hashanah in the united states israel and around the world may we all be inscribed in the book of life and may it be a happy healthy and sweet new year shana tovah umetukah,False,-0.2096480728051079,-0.2093101298428528,-16.565453,-15.462102,4.0066743,6.3021774
1656474139316695040,"There were not fine people on both sides of Charlottesville. 

The January 6th rioters were not good people. 

End of story. https://t.co/1Jc9yQwTvh",en,Tweet,1122,111099,30516,21466,13306421.0,2023-05-10 21:39:45,"<a href=""https://studio.twitter.com"" rel=""nofollow"">Twitter Media Studio</a>",,,video,https://video.twimg.com/amplify_video/1656473484560850945/vid/1080x1920/alLe8_vaQGjoudat.mp4?tag=16,joebiden,0.0083492773902163,there were not fine people on both sides of charlottesville the january 6th rioters were not good people end of story,False,-0.2330956192046079,-0.0210965294128653,-6.3570313,-59.639446,4.818028,2.2715075
1704991755597123871,"Last time there was a government shutdown, 800,000 Americans were furloughed or worked without pay.

But enjoy your weekend.",en,Retweet,270,57543,14057,7027,6896134.0,2023-09-21 18:51:26,"<a href=""https://mobile.twitter.com"" rel=""nofollow"">Twitter Web App</a>",,,,,joebiden,0.0083442404106416,last time there was a government shutdown 800000 americans were furloughed or worked without paybut enjoy your weekend,False,0.0301601055015393,0.0246290058752461,-54.962822,43.278664,8.271603,0.2801833
1684270626310066176,"We’re cracking down on hidden junk fees in rental housing. Some folks have had to pay $100 or more just to fill out a rental application, even though a credit check can cost as little as $20. 

It’s simply not right.",en,Tweet,121,24517,3344,5443,2938209.0,2023-07-26 14:33:04,"<a href=""https://sproutsocial.com"" rel=""nofollow"">Sprout Social</a>",,,,,joebiden,0.0083441987959331,were cracking down on hidden junk fees in rental housing some folks have had to pay 100 or more just to fill out a rental application even though a credit check can cost as little as 20 its simply not right,False,0.0663729977783818,0.2002707600776874,17.151524,73.81688,11.910952,2.4548562
1704618941862039570,"Here are the facts:

There is a choice between Bidenomics and MAGAnomics—growth and the hope we’re building for America, or the lost jobs and raising fears MAGA Republicans gave us a few short years ago.",en,Tweet,30,14783,2699,8680,1783855.0,2023-09-20 18:10:00,"<a href=""https://sproutsocial.com"" rel=""nofollow"">Sprout Social</a>",,,,,joebiden,0.0082871085374091,here are the factsthere is a choice between bidenomics and maganomicsgrowth and the hope were building for america or the lost jobs and raising fears maga republicans gave us a few short years ago,False,0.2315659781120028,-0.0164398853291905,61.044365,-13.927842,10.323939,4.737011
1748405042128826660,"Today, my administration approved debt cancellation for another 74,000 student loan borrowers.

This brings the total number of people who have gotten their debt canceled under my administration to over 3.7 million Americans. https://t.co/M7tsd73rYd",en,Tweet,215,20149,3847,14265,2432475.0,2024-01-19 13:00:20,"<a href=""https://sproutsocial.com"" rel=""nofollow"">Sprout Social</a>",,,photo,https://pbs.twimg.com/media/GEOVGl8WsAEmNC2.jpg,joebiden,0.0082833328194534,today my administration approved debt cancellation for another 74000 student loan borrowersthis brings the total number of people who have gotten their debt canceled under my administration to over 37 million americans,False,0.108698803422265,-0.047389255058167,44.56639,54.985783,7.3254457,-1.8660641
1648455869624107008,"The only way to stop those who are committed to taking away women’s rights and freedoms in every state is to elect a Congress who will pass a law restoring Roe v. Wade.

Vice President @KamalaHarris and I will continue to lead the fight to protect a woman’s right to an abortion.",en,Tweet,30,11319,2517,7387,1368000.0,2023-04-18 18:38:00,"<a href=""https://sproutsocial.com"" rel=""nofollow"">Sprout Social</a>",,,,,joebiden,0.0082741228070175,the only way to stop those who are committed to taking away womens rights and freedoms in every state is to elect a congress who will pass a law restoring roe v wadevice president kamalaharris and i will continue to lead the fight to protect a womans right to an abortion,False,-0.1830409204223892,0.2142364201772846,-27.618574,-70.710556,5.5479574,0.5633041
1717636994048688398,"It is a mistake to bet against the American people. 

Today, we learned the economy grew 4.9% in the third quarter. 

It is a testament to the resilience of American consumers and workers, supported by Bidenomics—my plan to grow the economy by growing the middle class. https://t.co/MPWm7ZalP7",en,Tweet,58,14639,2984,6589,1773137.0,2023-10-26 16:19:06,"<a href=""https://sproutsocial.com"" rel=""nofollow"">Sprout Social</a>",,,photo,https://pbs.twimg.com/media/F9ZFuf3XsAAQ0Su.jpg,joebiden,0.0082559892439219,it is a mistake to bet against the american people today we learned the economy grew 49 in the third quarter it is a testament to the resilience of american consumers and workers supported by bidenomicsmy plan to grow the economy by growing the middle class,False,0.2998042454632688,-0.1643562885072106,68.67049,7.4840307,10.915282,5.828584
1679227883338833921,"Even after all of this time, Putin doubts our staying power.

He’s making his bad bet that the unity among the U.S. and our Allies and partners will break down.

He doesn’t understand that our commitment to freedom is something we will never walk away from – it's who we are.",en,Retweet,61,16163,2839,4034,1960983.0,2023-07-12 16:35:00,"<a href=""https://www.sprinklr.com"" rel=""nofollow"">The White House</a>",,,,,joebiden,0.008242294808267,even after all of this time putin doubts our staying powerhes making his bad bet that the unity among the us and our allies and partners will break downhe doesnt understand that our commitment to freedom is something we will never walk away from  its who we are,False,-0.1521185491629851,-0.1286412475260037,-57.28204,18.400852,2.2791317,4.037581
1697725519058337800,You folks ever heard of a mirror?,en,Tweet,946,92078,13426,5523,11175423.0,2023-09-01 17:38:00,"<a href=""https://sproutsocial.com"" rel=""nofollow"">Sprout Social</a>",,,,,joebiden,0.008239330180164,you folks ever heard of a mirror,False,-0.1199177452308124,-0.0416422266023838,-1.6725569,-22.01083,5.5862007,5.561071
1709971714891723084,"The American Climate Corps will not only train young people for clean energy jobs in the future, but it will also help them realize just how much of a difference they can make to benefit them and the community.",en,Tweet,21,7199,1683,2214,874998.0,2023-10-05 12:40:01,"<a href=""https://sproutsocial.com"" rel=""nofollow"">Sprout Social</a>",,,,,joebiden,0.0082274473770225,the american climate corps will not only train young people for clean energy jobs in the future but it will also help them realize just how much of a difference they can make to benefit them and the community,False,0.078205797508256,-0.0584755315665122,15.842121,35.9298,8.933847,3.7457817
1669471618316357632,"From passing the biggest investment in combating climate change in our nation’s history to revitalizing our infrastructure, we’ve accomplished so much. Let’s finish the job.

Chip in today: https://t.co/t8OcseQ8VZ https://t.co/vLohJ3YxiB",en,Tweet,32,15412,2663,8236,1875347.0,2023-06-15 18:27:05,"<a href=""https://sproutsocial.com"" rel=""nofollow"">Sprout Social</a>",,https://secure.actblue.com/donate/social-bfp-june-2023,photo,https://pbs.twimg.com/media/FysnkoAXoAEra_C.jpg,joebiden,0.0082182124161555,from passing the biggest investment in combating climate change in our nations history to revitalizing our infrastructure weve accomplished so much lets finish the jobchip in today,False,0.1338926524923909,-0.0563563988262045,22.488335,-45.543037,7.337348,3.8834836
1717677531719987345,"In the wake of yet another tragedy, I urge Republican lawmakers in Congress to fulfill their duty to protect the American people.

Work with us to pass a bill banning assault weapons and high-capacity magazines, enact universal background checks, and more. https://t.co/8qakUrkZcK",en,Tweet,226,60824,13401,32553,7416669.0,2023-10-26 19:00:11,"<a href=""https://sproutsocial.com"" rel=""nofollow"">Sprout Social</a>",,,photo,https://pbs.twimg.com/media/F9ZqmF0WwAAq2bO.png,joebiden,0.0082009861839594,in the wake of yet another tragedy i urge republican lawmakers in congress to fulfill their duty to protect the american peoplework with us to pass a bill banning assault weapons and highcapacity magazines enact universal background checks and more,False,-0.2535130719273402,0.1789257600659577,-62.78626,-37.72126,3.1613188,0.2535218
1653430909905907717,"Congress must pass a law restoring Roe v. Wade.

If they do, I will sign it.",en,Tweet,118,34571,4538,14907,4222795.0,2023-05-02 12:07:02,"<a href=""https://sproutsocial.com"" rel=""nofollow"">Sprout Social</a>",,,,,joebiden,0.0081867578227216,congress must pass a law restoring roe v wadeif they do i will sign it,False,-0.1092447369119857,0.2519043556647428,-33.68218,-75.94505,5.4383144,0.21213207
1721705300468683127,Our administration has made the largest investment in passenger rail since Amtrak was created 50 years ago. https://t.co/XG1dYYZ6J5,en,Tweet,51,15118,2695,4748,1847201.0,2023-11-06 20:45:06,"<a href=""https://sproutsocial.com"" rel=""nofollow"">Sprout Social</a>",,,photo,https://pbs.twimg.com/media/F-S51GXXkAAf0Np.jpg,joebiden,0.0081842744779804,our administration has made the largest investment in passenger rail since amtrak was created 50 years ago,False,0.1760702934805577,-0.0707384066480837,40.065525,24.340895,8.454359,5.481132
1693450359065170055,"As soon as Tropical Storm Hilary’s path became clear, my Administration took immediate action to prepare: deploying personnel and supplies, and planning rapid response and search-and-rescue efforts.

My Administration stands ready to provide additional assistance and will continue coordinating with California, Nevada, and Arizona. We will also continue monitoring the Southern California earthquake and any resulting impacts.",en,Retweet,43,20022,3829,3157,2454934.0,2023-08-20 22:30:03,"<a href=""http://twitter.com/download/iphone"" rel=""nofollow"">Twitter for iPhone</a>",,,,,joebiden,0.0081558200749999,as soon as tropical storm hilarys path became clear my administration took immediate action to prepare deploying personnel and supplies and planning rapid response and searchandrescue effortsmy administration stands ready to provide additional assistance and will continue coordinating with california nevada and arizona we will also continue monitoring the southern california earthquake and any resulting impacts,False,-0.13826696736458,-0.0821906555266366,-14.553652,15.205228,2.7047498,6.3791866
1696564653176901839,"Today, we're announcing the first 10 Medicare Part D drugs selected for price negotiation for the first time ever. They are among the most common and costly prescriptions that treat everything from heart failure, blood clots, diabetes, arthritis, to Crohn’s disease, and more. https://t.co/YskHsxal2A",en,Tweet,37,13713,2598,2042,1684708.0,2023-08-29 12:45:08,"<a href=""https://sproutsocial.com"" rel=""nofollow"">Sprout Social</a>",,,photo,https://pbs.twimg.com/media/F4toi0cX0Agf8Tb.jpg,joebiden,0.0081396894892171,today were announcing the first 10 medicare part d drugs selected for price negotiation for the first time ever they are among the most common and costly prescriptions that treat everything from heart failure blood clots diabetes arthritis to crohns disease and more,False,0.0826555956490058,0.2067595621912061,-5.036563,75.02271,10.768425,1.6791035
1685786348391682049,"If you’re a senior, you should know: 156 House Republicans signed onto an extreme MAGA budget that would end Medicare as we know it and raise prescription drug costs.",en,Tweet,222,40366,17536,7340,4974072.0,2023-07-30 18:56:00,"<a href=""https://sproutsocial.com"" rel=""nofollow"">Sprout Social</a>",,,,,joebiden,0.0081152826094998,if youre a senior you should know 156 house republicans signed onto an extreme maga budget that would end medicare as we know it and raise prescription drug costs,False,-0.0297614523615324,0.4766160724621521,-7.265978,65.880264,9.602073,1.6020795
1679497161350709250,"We're investing over $2 billion to modernize our electric grid to be more climate resilient.

That funding will help ensure our electric grid is stronger and that the lights, air conditioning, and internet stay on during heat waves, storms, and other climate events.",en,Tweet,30,8212,1579,2895,1012014.0,2023-07-13 10:25:01,"<a href=""https://sproutsocial.com"" rel=""nofollow"">Sprout Social</a>",,,,,joebiden,0.0081145122498305,were investing over 2 billion to modernize our electric grid to be more climate resilientthat funding will help ensure our electric grid is stronger and that the lights air conditioning and internet stay on during heat waves storms and other climate events,False,0.1258819599588272,-0.0138049176253241,15.947813,26.95626,8.506717,3.9037507
1690000219897745408,"Three years ago today, I chose @KamalaHarris to be my running mate—and it was the best decision I could have made. 

She’s smart, tough, experienced, and a proven fighter for the backbone of this country.",en,Tweet,57,20819,4192,7077,2566880.0,2023-08-11 10:00:25,"<a href=""https://sproutsocial.com"" rel=""nofollow"">Sprout Social</a>",,,,,joebiden,0.0081106245714641,three years ago today i chose kamalaharris to be my running mateand it was the best decision i could have made shes smart tough experienced and a proven fighter for the backbone of this country,False,-0.0655908547246524,-0.1195127950829583,-36.69796,-45.884968,5.0977883,1.7550616
1703514160426856464,"One of the questions I'm always asked is “If you could do anything at all, what would you do?”

My answer: I’d cure cancer.

It’s not just personal – it’s about what’s possible.

That’s why we’re investing $240 million to accelerate new ways to prevent and treat cancer.",en,Retweet,126,31012,4921,9012,3828443.0,2023-09-17 17:00:00,"<a href=""https://www.sprinklr.com"" rel=""nofollow"">The White House</a>",,,,,joebiden,0.0081004209805396,one of the questions im always asked is if you could do anything at all what would you domy answer id cure cancerits not just personal  its about whats possiblethats why were investing 240 million to accelerate new ways to prevent and treat cancer,False,-0.0769634865569093,0.0183442879268996,-10.991744,-40.533894,4.7997875,3.7272785
1670793134563885056,"Juneteenth as a federal holiday is meant to breathe new life into the essence of America — to ensure everyone feels the power of the progress we can make.
 
It marks the long, hard night of slavery – but the promise of that brighter morning to come.

Happy Juneteenth, America. https://t.co/9a2QgZgHem",en,Retweet,62,18345,3617,4170,2267441.0,2023-06-19 09:58:19,"<a href=""https://www.sprinklr.com"" rel=""nofollow"">The White House</a>",,,photo,https://pbs.twimg.com/media/Fy_Zf3OXgAIPOnz.jpg,joebiden,0.0080906184549013,juneteenth as a federal holiday is meant to breathe new life into the essence of america  to ensure everyone feels the power of the progress we can make it marks the long hard night of slavery  but the promise of that brighter morning to comehappy juneteenth america,False,-0.0567655558376685,-0.2030248618450345,-29.439419,-17.84529,3.9259338,3.1066191
1682429001262833675,"When I think climate, I think jobs—union jobs.

The Inflation Reduction Act is creating millions of good-paying, clean energy manufacturing jobs. https://t.co/wEzpZKwsTs",en,Tweet,21,8847,1889,4861,1093663.0,2023-07-21 12:35:06,"<a href=""https://sproutsocial.com"" rel=""nofollow"">Sprout Social</a>",,,photo,https://pbs.twimg.com/media/F1kwPmFWAAAczzC.jpg,joebiden,0.0080893291626396,when i think climate i think jobsunion jobsthe inflation reduction act is creating millions of goodpaying clean energy manufacturing jobs,False,0.2943579236324523,-0.0403102701926099,17.484495,35.628788,9.116758,3.8032131
1722786150077579666,"UAW workers kept the picket line going for 46 days.

In the end, a deal was reached that set a new standard—over 30% increase in wages, bigger pay increases over the next four and a half years than the last 22 years combined, better retirement security, and more.",en,Tweet,32,8876,1856,3498,1098145.0,2023-11-09 20:20:00,"<a href=""https://sproutsocial.com"" rel=""nofollow"">Sprout Social</a>",,,,,joebiden,0.0080827213164017,uaw workers kept the picket line going for 46 daysin the end a deal was reached that set a new standardover 30 increase in wages bigger pay increases over the next four and a half years than the last 22 years combined better retirement security and more,False,0.1359677987335882,-0.0046577879341408,32.7381,-9.78274,7.900866,7.7487845
1655688778118307840,"The last thing this country needs is to gut education.

But that’s exactly what 217 House Republicans voted to do—their bill could cut up to 60,000 teaching jobs, affecting more than 25 million kids.",en,Tweet,31,10776,2803,6726,1333774.0,2023-05-08 17:39:00,"<a href=""https://sproutsocial.com"" rel=""nofollow"">Sprout Social</a>",,,,,joebiden,0.0080793297815072,the last thing this country needs is to gut educationbut thats exactly what 217 house republicans voted to dotheir bill could cut up to 60000 teaching jobs affecting more than 25 million kids,False,-0.0184354469334924,0.3441318653915427,-15.354457,40.68169,8.533361,1.6333458
1662190630167011328,Assault weapons have been used time and again in mass killings of innocent children and people. It’s time for Congress to ban them.,en,Tweet,98,21375,3362,21576,2649456.0,2023-05-26 16:15:02,"<a href=""https://sproutsocial.com"" rel=""nofollow"">Sprout Social</a>",,,,,joebiden,0.0080676938964074,assault weapons have been used time and again in mass killings of innocent children and people its time for congress to ban them,False,-0.2425659358118741,0.215870228569501,-58.388268,-34.15908,3.2007632,0.06771233
1730684832923943066,"The new Republican Speaker of the House visited Florida to tour the construction of a new airport terminal that’s going to create thousands of jobs over time.

He voted against the law that made it possible, but now he’s taking credit for it.

As my mother would say, God love them.",en,Tweet,159,19774,5823,4293,2458483.0,2023-12-01 15:26:33,"<a href=""https://mobile.twitter.com"" rel=""nofollow"">Twitter Web App</a>",,,video,https://video.twimg.com/ext_tw_video/1730677101043372032/pu/vid/avc1/1080x1920/InB_2exHD28jvo_M.mp4?tag=14,joebiden,0.0080431713377721,the new republican speaker of the house visited florida to tour the construction of a new airport terminal thats going to create thousands of jobs over timehe voted against the law that made it possible but now hes taking credit for itas my mother would say god love them,False,0.014495915972817,0.1420849236632826,3.0597308,44.744797,8.985062,1.9496889
1655251903654002688,"Yesterday, an assailant in tactical gear armed with an AR-15 style assault weapon gunned down innocent people in a shopping mall, and not for the first time.
 
Such an attack is too shocking to be so familiar.
 
We need more action, faster to save lives.",en,Retweet,25,15731,2419,1626,1956378.0,2023-05-07 12:43:01,"<a href=""https://www.sprinklr.com"" rel=""nofollow"">The White House</a>",,,,,joebiden,0.008040879625512,yesterday an assailant in tactical gear armed with an ar15 style assault weapon gunned down innocent people in a shopping mall and not for the first time such an attack is too shocking to be so familiar we need more action faster to save lives,False,-0.2706733139564912,0.1325469255172598,-61.293407,-36.815598,3.1164253,0.5069975
1661468362235412481,"It's been a year since Robb Elementary School in Uvalde, Texas turned into another tragedy in America.

A year of missed birthdays.
A year of every day joys – his smile, her laugh – gone.

Today, we mourn the 19 children and two educators stolen from us by gun violence.",en,Retweet,30,10717,2227,1763,1334974.0,2023-05-24 16:25:00,"<a href=""https://www.sprinklr.com"" rel=""nofollow"">The White House</a>",,,,,joebiden,0.0080278717038683,its been a year since robb elementary school in uvalde texas turned into another tragedy in americaa year of missed birthdaysa year of every day joys  his smile her laugh  gonetoday we mourn the 19 children and two educators stolen from us by gun violence,False,-0.2920806057418579,0.0180628775822537,-74.810875,-31.919184,2.688297,1.2747855
1696153019404910986,"Today, on the 60th Anniversary of the March on Washington, we commit to continue walking towards our nation’s founding promise.  

Reminded of how far we've come. And where we need to go. https://t.co/tNd0QiEdDs",en,Retweet,133,24008,5418,5866,2991661.0,2023-08-28 09:29:27,"<a href=""https://www.sprinklr.com"" rel=""nofollow"">The White House</a>",,,video,https://video.twimg.com/amplify_video/1696152850575822848/vid/1080x1920/1eRc8k2jo-PCkb_F.mp4?tag=16,joebiden,0.0080249734177769,today on the 60th anniversary of the march on washington we commit to continue walking towards our nations founding promise  reminded of how far weve come and where we need to go,False,-0.1319653895019535,-0.179992911692564,-33.44931,-24.652802,3.9782326,2.7179067
1673468433013284866,"House Republicans are proposing a GOP Tax Scam 2.0 that would spend hundreds of billions of dollars on tax breaks for big corporations—while shipping clean energy jobs overseas and raising energy costs on American families.

Their priorities are clear.",en,Tweet,36,8188,2362,4706,1020393.0,2023-06-26 19:09:00,"<a href=""https://sproutsocial.com"" rel=""nofollow"">Sprout Social</a>",,,,,joebiden,0.0080243592419783,house republicans are proposing a gop tax scam 20 that would spend hundreds of billions of dollars on tax breaks for big corporationswhile shipping clean energy jobs overseas and raising energy costs on american familiestheir priorities are clear,False,0.0927669722824321,0.3185068308193245,-3.4725077,42.316395,9.009024,2.0661502
1686085574430461952,"Last week’s GDP report shows that the economy grew at a 2.4% annual rate in the second quarter while inflation fell significantly. The economy is growing, and we’re lowering costs for families—that’s Bidenomics at work.",en,Tweet,29,11038,2309,4669,1376008.0,2023-07-31 14:45:01,"<a href=""https://sproutsocial.com"" rel=""nofollow"">Sprout Social</a>",,,,,joebiden,0.0080217556874669,last weeks gdp report shows that the economy grew at a 24 annual rate in the second quarter while inflation fell significantly the economy is growing and were lowering costs for familiesthats bidenomics at work,False,0.4645266572308024,-0.0786130498886495,81.77624,23.608547,11.518124,5.6201787
1724941601661718940,"I’ve just concluded a day of meetings with President Xi, and I believe they were some of the most constructive and productive discussions we’ve had.

We built on groundwork laid over the past several months of diplomacy between our countries and made important progress. https://t.co/0RT1q0FZHr",en,Retweet,231,26115,4251,6527,3258154.0,2023-11-15 19:05:00,"<a href=""https://www.sprinklr.com"" rel=""nofollow"">The White House</a>",,,photo,https://pbs.twimg.com/media/F_AkNo2WUAAoEzW.jpg,joebiden,0.008015274907202,ive just concluded a day of meetings with president xi and i believe they were some of the most constructive and productive discussions weve hadwe built on groundwork laid over the past several months of diplomacy between our countries and made important progress,False,0.0134481567358558,-0.2140339880346723,10.70448,3.4050848,4.336747,4.4590487
1650866756724858880,"In our first two years, we made so much progress.  

But there’s still work to do, and plenty of progress to make in the second term. Pitch in to help get our campaign off the ground: https://t.co/NZif5djxGP",en,Tweet,21,8425,1499,4735,1052211.0,2023-04-25 10:18:01,"<a href=""https://sproutsocial.com"" rel=""nofollow"">Sprout Social</a>",,https://secure.actblue.com/donate/social-bfp_launch-apr-2023?refcode=social_20230425_jb_tw_1,,,joebiden,0.0080069491765434,in our first two years we made so much progress  but theres still work to do and plenty of progress to make in the second term pitch in to help get our caign off the ground,False,0.0202421180400868,-0.1441473493287783,20.828415,-46.16916,6.799134,4.1153216
1754969473684050257,Folks – I’ll be in NYC on March 28th to support @JoeBiden. Who’s coming with me? Chip in for your chance to join: https://t.co/oHcvESvsga,en,Retweet,389,41401,8543,16209,5175685.0,2024-02-06 15:45:02,"<a href=""https://mobile.twitter.com"" rel=""nofollow"">Twitter Web App</a>",,https://secure.actblue.com/donate/social-bvf-ewp-february-2024?refcode=social_20240206_tw_bo,,,joebiden,0.007999134414092,folks  ill be in nyc on march 28th to support joebiden whos coming with me chip in for your chance to join,False,-0.0903548752708056,-0.0852403993153496,14.481582,-26.062113,6.0846243,4.529835
1685734515988111360,"For seniors on Medicare, we capped the cost of insulin at $35 and out-of-pocket spending for prescription drugs at $2,000 a year. 

It’s a game-changer.",en,Tweet,26,12583,2264,2219,1574316.0,2023-07-30 15:30:02,"<a href=""https://sproutsocial.com"" rel=""nofollow"">Sprout Social</a>",,,,,joebiden,0.0079926774548438,for seniors on medicare we capped the cost of insulin at 35 and outofpocket spending for prescription drugs at 2000 a year its a gamechanger,False,0.160683201085775,0.2728269931997378,-15.599873,84.60346,11.181138,1.4299918
1656008406325510151,"We ask so much of our nation's teachers: early mornings greeting students, late nights grading papers, and more. 

The impact they have is profound.

It's not enough to give teachers praise. 
We need to give them a raise. https://t.co/ryHcIvGn7C",en,Tweet,14,6998,1216,1409,876268.0,2023-05-09 14:49:05,"<a href=""https://sproutsocial.com"" rel=""nofollow"">Sprout Social</a>",,,photo,https://pbs.twimg.com/media/FvtS2jhXsAAwF7e.jpg,joebiden,0.0079861412262002,we ask so much of our nations teachers early mornings greeting students late nights grading papers and more the impact they have is profoundits not enough to give teachers praise we need to give them a raise,False,-0.0756113184100314,-0.0284062615069848,-5.6621714,-2.403981,3.9049554,4.842248
1706833785159827658,"We’ve invested over $7 billion in HBCUs, more than any time in American history.

A promise made and a promise kept.",en,Tweet,26,7966,1284,1787,999345.0,2023-09-26 20:51:00,"<a href=""https://sproutsocial.com"" rel=""nofollow"">Sprout Social</a>",,,,,joebiden,0.0079712211498531,weve invested over 7 billion in hbcus more than any time in american historya promise made and a promise kept,False,0.1554486446049556,-0.0775173242795904,51.082912,46.867172,8.335151,5.9604273
1706464351698178184,"A government shutdown could impact everything from food safety to cancer research to Head Start programs for children.

Funding the government is one of the most basic responsibilities of Congress. 

It’s time for Republicans to start doing the job America elected them to do.",en,Tweet,85,23443,5221,15334,2941786.0,2023-09-25 20:23:00,"<a href=""https://sproutsocial.com"" rel=""nofollow"">Sprout Social</a>",,,,,joebiden,0.0079689685109657,a government shutdown could impact everything from food safety to cancer research to head start programs for childrenfunding the government is one of the most basic responsibilities of congress its time for republicans to start doing the job america elected them to do,False,-0.0208960298162917,0.2826639290351566,-54.63608,40.604477,8.50022,0.48520017
1702789271298470264,"After negotiations broke down, the UAW announced a targeted strike at a few Big 3 auto plants.

No one wants a strike, but I respect workers' right to collective action.

Workers deserve to share in the benefits they helped create for an enterprise. https://t.co/zlnvnYVvao",en,Retweet,48,11280,2177,2269,1417257.0,2023-09-15 16:59:33,"<a href=""https://www.sprinklr.com"" rel=""nofollow"">The White House</a>",,,photo,https://pbs.twimg.com/media/F6GF0MjWIAAd76M.jpg,joebiden,0.0079590363639057,after negotiations broke down the uaw announced a targeted strike at a few big 3 auto plantsno one wants a strike but i respect workers right to collective actionworkers deserve to share in the benefits they helped create for an enterprise,False,0.0099993720495216,-0.0339796060507964,30.733335,-13.224172,7.7731028,7.6102552
1689004554602397697,"We’re growing the economy from the middle out and bottom up, lowering costs for hardworking families, and making smart investments in America.",en,Tweet,24,9520,1639,5889,1197510.0,2023-08-08 16:04:00,"<a href=""https://sproutsocial.com"" rel=""nofollow"">Sprout Social</a>",,,,,joebiden,0.0079498292289834,were growing the economy from the middle out and bottom up lowering costs for hardworking families and making smart investments in america,False,0.4044597005011929,-0.0423561831993316,60.827858,7.306383,9.743079,4.6204286
1668777040621838336,"My message to all the young people during Pride month: Be you.

You are loved. 
You are heard.  
You are understood. 
You belong. https://t.co/apxnK1oXU0",en,Tweet,100,25217,3047,11938,3179122.0,2023-06-13 20:27:05,"<a href=""https://sproutsocial.com"" rel=""nofollow"">Sprout Social</a>",,,photo,https://pbs.twimg.com/media/Fyiv25pWcAA4j1v.jpg,joebiden,0.0079320642617678,my message to all the young people during pride month be youyou are loved you are heard  you are understood you belong,False,-0.2347006043936685,-0.1775102456556501,-23.826155,-31.766708,3.8499608,3.5566583
1656784988765863936,My priorities yesterday were a little different from Donald Trump’s. https://t.co/H5toYPzZs5,en,Tweet,547,45615,10755,17177,5753182.0,2023-05-11 18:14:57,"<a href=""https://sproutsocial.com"" rel=""nofollow"">Sprout Social</a>",,,video,https://video.twimg.com/amplify_video/1656784880183791616/vid/1080x1350/C54UkHr7pANuc_cT.mp4?tag=16,joebiden,0.0079286558290698,my priorities yesterday were a little different from donald trumps,True,-0.1264573637317898,-0.0347860825329463,53.97267,-25.76494,5.788975,4.708205
1701712291861807135,"Unions raise workers’ incomes, increase homeownership, retirement savings, access to critical benefits like sick leave and child care, and reduce inequality—all of which strengthen the American economy.",en,Tweet,24,8768,1842,2949,1106637.0,2023-09-12 17:40:01,"<a href=""https://sproutsocial.com"" rel=""nofollow"">Sprout Social</a>",,,,,joebiden,0.0079231039627267,unions raise workers incomes increase homeownership retirement savings access to critical benefits like sick leave and child care and reduce inequalityall of which strengthen the american economy,False,0.2804228976858647,0.001594864196893,20.848219,-5.9130073,7.9645567,6.928088
1661496322980028423,This link works: https://t.co/9PzIJkseYI,en,Tweet,871,114847,20797,14135,14499090.0,2023-05-24 18:16:07,"<a href=""https://mobile.twitter.com"" rel=""nofollow"">Twitter Web App</a>",,https://secure.actblue.com/donate/social-bfp-may-2023?refcode=social_20230524_jb_tw_1,,,joebiden,0.0079209798683917,this link works,False,-0.0717569896583231,-0.1579656703536615,47.91894,-47.281773,6.194504,6.0233884
1759892161691066544,Follow us @SuffolkGazette for daily memes and laughs. https://t.co/SG1GEAypjl,en,Tweet,4,244,15,4,30823.0,2024-02-20 05:46:03,"<a href=""https://help.twitter.com/en/using-twitter/how-to-tweet#source-labels"" rel=""nofollow"">simpleads-ui</a>",,,photo,https://pbs.twimg.com/media/GGtk_XKWIAAAg2W.jpg,joebiden,0.0079161664990429,follow us suffolkgazette for daily memes and laughs,False,-0.1469207393357467,-0.1022749195218209,33.206203,-39.003597,6.145087,5.3398743
1723017699972837422,"I joined the picket line and stood shoulder-to-shoulder with the UAW.

My predecessor went to a non-union shop and attacked them. https://t.co/t1LuGZMaFc",en,Tweet,65,19116,3437,8181,2418021.0,2023-11-10 11:40:06,"<a href=""https://sproutsocial.com"" rel=""nofollow"">Sprout Social</a>",,,photo,https://pbs.twimg.com/media/F-ljczfW4AAhn1F.jpg,joebiden,0.007905638536638,i joined the picket line and stood shouldertoshoulder with the uawmy predecessor went to a nonunion shop and attacked them,False,-0.0336252514496555,-0.0478529679474826,29.239416,-14.483023,7.5915127,7.637221
1652335431550218242,"I’ve been fighting for years to allow Medicare to negotiate the price of drugs. 

Thanks to the Inflation Reduction Act, we beat Big Pharma and got it done without a single Republican vote.",en,Tweet,17,9279,1651,3045,1174196.0,2023-04-29 11:34:00,"<a href=""https://sproutsocial.com"" rel=""nofollow"">Sprout Social</a>",,,,,joebiden,0.0079024285553689,ive been fighting for years to allow medicare to negotiate the price of drugs thanks to the inflation reduction act we beat big pharma and got it done without a single republican vote,False,0.1468128812542197,0.3670648028523973,-7.8444257,71.28265,10.341936,1.8225496
1695531815665057904,"After Vietnam, we learned how the harmful effects of exposure to Agent Orange took years to manifest in veterans, leaving too many unable to access care when they needed and deserved it.

The PACT Act means today's veterans and their families won't suffer those painful denials.",en,Tweet,43,14377,2928,2855,1822137.0,2023-08-26 16:21:00,"<a href=""https://sproutsocial.com"" rel=""nofollow"">Sprout Social</a>",,,,,joebiden,0.0078901860837028,after vietnam we learned how the harmful effects of exposure to agent orange took years to manifest in veterans leaving too many unable to access care when they needed and deserved itthe pact act means todays veterans and their families wont suffer those painful denials,False,-0.1388183728056606,0.1822108018811503,-38.504288,47.035435,7.317385,1.661743
1663153393685200896,"On Memorial Day, we honor America's fallen heroes who gave their last full measure of devotion to this nation.

We'll never be able to repay the debt we owe them.

But today, we rededicate ourselves to the work for which they gave their lives, and we recommit to supporting the loved ones they left behind.",en,Retweet,90,32514,5744,5002,4130778.0,2023-05-29 08:00:43,"<a href=""http://twitter.com/download/iphone"" rel=""nofollow"">Twitter for iPhone</a>",,,,,joebiden,0.0078711564746398,on memorial day we honor americas fallen heroeswho gave their last full measure of devotion to this nationwell never be able torepay the debt we owe thembut today we rededicate ourselves to the work for which they gave their lives and we recommit to supporting the loved ones they left behind,False,-0.1975172204577584,-0.0969046549927585,-27.969301,1.021159,3.861664,5.1594276
1675988559994445825,"We’ve helped create millions of new jobs, passed historic legislation to lower costs for families, and seen millions of small businesses applications across the country—all while the unemployment rate has remained at historic lows.

Let’s keep it going. https://t.co/txcon9XoVW",en,Tweet,42,13901,2994,8955,1774706.0,2023-07-03 18:03:05,"<a href=""https://sproutsocial.com"" rel=""nofollow"">Sprout Social</a>",,,photo,https://pbs.twimg.com/media/F0JOskJXwAAj0xg.jpg,joebiden,0.0078328466799571,weve helped create millions of new jobs passed historic legislation to lower costs for families and seen millions of small businesses applications across the countryall while the unemployment rate has remained at historic lowslets keep it going,False,0.381804972838733,-0.0986759265596568,67.89097,22.384922,10.429488,6.7384396
1715160479394328841,"Here in America, let us not forget who we are.

We reject all forms of hate, whether it’s against Muslims, Jews, or anyone. 

That’s what great nations do—and we are a great nation.",en,Tweet,93,17421,3390,9816,2225267.0,2023-10-19 20:18:19,"<a href=""https://mobile.twitter.com"" rel=""nofollow"">Twitter Web App</a>",,,,,joebiden,0.0078287234745313,here in america let us not forget who we arewe reject all forms of hate whether its against muslims jews or anyone thats what great nations doand we are a great nation,False,-0.2334384158510963,-0.1450066878237487,-50.47965,-9.729541,2.74728,3.2541847
1656392666471444487,"We have a sacred obligation to care for our veterans.

But MAGA Republicans seem to think differently. They’re proposing cuts that threaten veterans’ medical care, housing services, mental health care, and more.

All to help the super-wealthy cheat on their taxes.",en,Tweet,20,7914,1963,4842,1012241.0,2023-05-10 16:16:00,"<a href=""https://sproutsocial.com"" rel=""nofollow"">Sprout Social</a>",,,,,joebiden,0.0078182962357778,we have a sacred obligation to care for our veteransbut maga republicans seem to think differently theyre proposing cuts that threaten veterans medical care housing services mental health care and moreall to help the superwealthy cheat on their taxes,False,-0.0590989689141148,0.4138504583220165,-25.19382,34.071186,8.041142,1.8148972
1729994903201968479,We passed the biggest investment in the history of the world to combat climate change without a single Republican vote.,en,Tweet,74,12858,2743,7599,1644865.0,2023-11-29 17:45:01,"<a href=""https://sproutsocial.com"" rel=""nofollow"">Sprout Social</a>",,,,,joebiden,0.0078170548950825,we passed the biggest investment in the history of the world to combat climate change without a single republican vote,False,0.1324757712791643,0.1622697031607795,6.216648,33.717026,8.53089,3.0529273
1740527669660242210,"Jill and I are devastated to learn that Judy Weinstein, an American citizen, is believed to have been killed by Hamas on October 7. This cuts deep following the news that Gad Haggai, Judy's husband, is also believed to have been killed by Hamas.

Earlier this month I spoke with their daughter and will never forget the words she shared with me.

I reaffirm the pledge we have made to all the families of those still held hostage: we will not stop working to bring them home.",en,Retweet,152,20140,3455,10430,2583973.0,2023-12-28 19:18:28,"<a href=""http://twitter.com/download/iphone"" rel=""nofollow"">Twitter for iPhone</a>",,,,,joebiden,0.0077941990879935,jill and i are devastated to learn that judy weinstein an american citizen is believed to have been killed by hamas on october 7 this cuts deep following the news that gad haggai judys husband is also believed to have been killed by hamasearlier this month i spoke with their daughter and will never forget the words she shared with mei reaffirm the pledge we have made to all the families of those still held hostage we will not stop working to bring them home,False,-0.3227762429952867,-0.0976945353306712,-87.499504,-0.66503996,1.433586,5.199998
1679145368301490176,"Today we learned that annual inflation has fallen each of the last twelve months and is now down to 3%.

We’ve made this progress while unemployment remains near record lows. 

That’s Bidenomics in action.",en,Tweet,81,20475,3764,8484,2634548.0,2023-07-12 11:07:07,"<a href=""https://sproutsocial.com"" rel=""nofollow"">Sprout Social</a>",,,,,joebiden,0.0077717316215153,today we learned that annual inflation has fallen each of the last twelve months and is now down to 3weve made this progress while unemployment remains near record lows thats bidenomics in action,False,0.4527825154634737,-0.104037338235117,83.568054,23.756392,12.001893,5.627129
1698093442855838115,"When I took office, I directed my team to raise our game in how we lead and coordinate our response to natural disasters:

To meet people where they are when they need our help the most. 

To not only build back, but build back stronger and more resilient. https://t.co/wDlswDgUHJ",en,Retweet,33,10215,1826,2872,1316045.0,2023-09-02 18:00:00,"<a href=""https://www.sprinklr.com"" rel=""nofollow"">The White House</a>",,,photo,https://pbs.twimg.com/media/F5DOjKdW4AA2aAW.jpg,joebiden,0.0077618926404492,when i took office i directed my team to raise our game in how we lead and coordinate our response to natural disastersto meet people where they are when they need our help the most to not only build back but build back stronger and more resilient,False,-0.0441340182032245,-0.1687006963312717,-8.917415,13.940002,2.9362354,6.2309375
1738659493666275631,"The Inflation Reduction Act is going to lower costs, save lives for people who forgo drugs because they can’t afford them, and give folks a little more breathing room.

That’s what Bidenomics is all about.",en,Tweet,53,10743,2184,6588,1384685.0,2023-12-23 15:35:00,"<a href=""https://sproutsocial.com"" rel=""nofollow"">Sprout Social</a>",,,,,joebiden,0.0077584432560474,the inflation reduction act is going to lower costs save lives for people who forgo drugs because they cant afford them and give folks a little more breathing roomthats what bidenomics is all about,False,0.3503728718347698,0.270878222935229,3.477969,53.725792,10.465417,2.2445755
1690744081029218304,"Vice President @KamalaHarris and I will continue leading the fight to protect a woman’s right to choose, but Congress must do more. https://t.co/HGpDP0VOTV",en,Tweet,46,18862,3291,4474,2439738.0,2023-08-13 11:16:16,"<a href=""https://sproutsocial.com"" rel=""nofollow"">Sprout Social</a>",,,video,https://video.twimg.com/amplify_video/1690744016596291585/vid/1080x1080/QkKcwn7pYwMrVkSO.mp4?tag=16,joebiden,0.0077311580177871,vice president kamalaharris and i will continue leading the fight to protect a womans right to choose but congress must do more,False,-0.1824436268479042,0.1215446493082747,-27.440332,-69.66565,5.417877,0.8433883
1726751168511041715,"It’s true over here on the campaign side, too. I’ve joined Threads. Follow me there: https://t.co/vhwuw7j0zu. https://t.co/XTdAcxbgEx",en,Tweet,122,6651,2294,2327,863580.0,2023-11-20 18:55:34,"<a href=""https://mobile.twitter.com"" rel=""nofollow"">Twitter Web App</a>",,http://threads.net/@joebiden,photo,https://pbs.twimg.com/media/F_alDYUXcAAjGpd.jpg,joebiden,0.007701660529424,its true over here on the caign side too ive joined threads follow me there,False,-0.0975411105890092,-0.1131939122094823,31.75469,-39.274635,6.1220417,4.4198895
1730280535287648519,"During my first month in office, I signed an executive order bringing supply chains home to get goods moving again.

Now, our supply chains are stronger than ever with backlogs, bottlenecks, and shipping rates at a 25-year low.",en,Tweet,30,6529,1479,2568,847925.0,2023-11-30 12:40:01,"<a href=""https://sproutsocial.com"" rel=""nofollow"">Sprout Social</a>",,,,,joebiden,0.0076999734646342,during my first month in office i signed an executive order bringing supply chains home to get goods moving againnow our supply chains are stronger than ever with backlogs bottlenecks and shipping rates at a 25year low,False,0.296771873109623,-0.0599659310492344,3.6062522,56.94327,9.79644,3.5713196
1664261182713217026,"Happy Pride, America.
 
This month, in the face of cruel attacks on LGBTQI+ rights across the country, we celebrate the LGBTQI+ Americans who are fiercely and unapologetically fighting for freedom and equality – and reaffirm that their rights are human rights. https://t.co/JLeEdl0eYB",en,Retweet,267,69244,11874,21144,9004373.0,2023-06-01 09:22:41,"<a href=""https://www.sprinklr.com"" rel=""nofollow"">The White House</a>",,,photo,https://pbs.twimg.com/media/FxikuZWWwAANqjl.jpg,joebiden,0.0076900412721685,happy pride america this month in the face of cruel attacks on lgbtqi rights across the country we celebrate the lgbtqi americans who are fiercely and unapologetically fighting for freedom and equality  and reaffirm that their rights are human rights,False,-0.1743066047990278,-0.1405265139387056,-25.075483,-32.226078,3.7492673,3.3802621
1692310369589465154,"Because of the Inflation Reduction Act, we’re taking life-saving steps to reduce health care costs and lock in place lower health care premiums for millions of American families—saving them an average of $800 a year.",en,Tweet,19,6080,1225,3140,791456.0,2023-08-17 19:00:08,"<a href=""https://sproutsocial.com"" rel=""nofollow"">Sprout Social</a>",,,,,joebiden,0.007682044232402,because of the inflation reduction act were taking lifesaving steps to reduce health care costs and lock in place lower health care premiums for millions of american familiessaving them an average of 800 a year,False,0.2649702203546342,0.3529230831616413,-20.421083,74.2852,10.599984,2.0513315
1680710172216291328,"We’ve seen over 10.5 million new applications for small businesses—the highest two years on record.

That’s a small business boom. Let’s keep it going. https://t.co/N02YIPPnJw",en,Tweet,36,10429,2069,3089,1359727.0,2023-07-16 18:45:05,"<a href=""https://sproutsocial.com"" rel=""nofollow"">Sprout Social</a>",,,photo,https://pbs.twimg.com/media/F1MU-k7XgAAG1RQ.jpg,joebiden,0.007669921976985,weve seen over 105 million new applications for small businessesthe highest two years on recordthats a small business boom lets keep it going,False,0.2862231797767764,-0.1467381597109468,67.60591,31.26823,10.510828,7.2943163
1721890328209391749,"It’s Election Day in states across the country.

You can make a difference in this election. Check https://t.co/Hy8C4mJiSk to confirm your polling place and go vote. https://t.co/1O4Gl3yiUB",en,Tweet,25,7560,2469,3807,985710.0,2023-11-07 09:00:20,"<a href=""https://sproutsocial.com"" rel=""nofollow"">Sprout Social</a>",,http://IWillVote.com,photo,https://pbs.twimg.com/media/F-ViHGbbkAArShG.jpg,joebiden,0.007669598563472,its election day in states across the countryyou can make a difference in this election check  to confirm your polling place and go vote,False,-0.1580755907327367,-0.0735027610687815,10.560954,-74.52686,5.5859456,3.5405035
1696956259549815183,"I spoke with Govs. DeSantis, Kemp, McMaster, and Cooper to reiterate my Administration's support for response and recovery in Florida, Georgia, South Carolina, and North Carolina as Idalia makes landfall.
 
We'll keep working with personnel on the ground as the storm progresses. https://t.co/pTbmU406q3",en,Retweet,68,19062,3556,2892,2491183.0,2023-08-30 14:41:14,"<a href=""https://www.sprinklr.com"" rel=""nofollow"">The White House</a>",,,photo,https://pbs.twimg.com/media/F4zMuPgWgAAQmxg.jpg,joebiden,0.0076517863199933,i spoke with govs desantis kemp mcmaster and cooper to reiterate my administrations support for response and recovery in florida georgia south carolina and north carolina as idalia makes landfall well keep working with personnel on the ground as the storm progresses,False,-0.1443529271439992,-0.1347303553334166,-11.274243,16.290075,2.8147254,6.4525447
1703061932234695066,"We’re continuing to build an economy from the middle out and bottom up, with better jobs and lower costs—even as Republicans in Congress push for tax cuts for the wealthy and large corporations and devastating cuts to Social Security and Medicare.",en,Tweet,14,8304,1728,4364,1086637.0,2023-09-16 11:03:00,"<a href=""https://sproutsocial.com"" rel=""nofollow"">Sprout Social</a>",,,,,joebiden,0.0076419264206906,were continuing to build an economy from the middle out and bottom up with better jobs and lower costseven as republicans in congress push for tax cuts for the wealthy and large corporations and devastating cuts to social security and medicare,False,0.3472503323146666,0.166003320016246,60.13353,6.6477604,9.905436,4.1635337
1753051165523124289,"As Black History Month begins, I'm reminded of Amelia Boynton's reflection on Bloody Sunday.

""You can never know where you're going unless you know where you've been.""

This month, let's remember where we've been and recognize that our only way forward is by marching together.",en,Retweet,102,9494,2292,3743,1242950.0,2024-02-01 08:42:22,"<a href=""https://www.sprinklr.com"" rel=""nofollow"">The White House</a>",,,,,joebiden,0.0076382798986282,as black history month begins im reminded of amelia boyntons reflection on bloody sundayyou can never know where youre going unless you know where youve beenthis month lets remember where weve been and recognize that our only way forward is by marching together,False,-0.2338578153005628,-0.1248341562459726,-32.059704,-24.753664,3.995687,2.8445776
1662490873244860416,"How many more parents must live their worst nightmare before we stand up to the gun lobby to establish universal background checks, national red flag laws, require safe storage of firearms, and end immunity from liability for gun manufacturers? https://t.co/YJPs12zI6F",en,Tweet,22,9403,1746,4634,1231493.0,2023-05-27 12:08:06,"<a href=""https://sproutsocial.com"" rel=""nofollow"">Sprout Social</a>",,,photo,https://pbs.twimg.com/media/FxJanywXgAIgSZ2.jpg,joebiden,0.0076354473797252,how many more parents must live their worst nightmare before we stand up to the gun lobby to establish universal background checks national red flag laws require safe storage of firearms and end immunity from liability for gun manufacturers,False,-0.2408115415476895,0.1964062640114036,-64.14919,-36.121742,3.0164757,0.2439416
1752054006136852919,"Today, I was briefed by members of my national security team in the Situation Room on the latest developments regarding the attack on U.S. service members in northeastern Jordan.

As I've said, we'll hold all those responsible to account at a time and in a manner of our choosing. https://t.co/pLScFuXjk2",en,Retweet,268,18564,3654,9732,2432290.0,2024-01-29 14:40:01,"<a href=""https://www.sprinklr.com"" rel=""nofollow"">The White House</a>",,,photo,https://pbs.twimg.com/media/GFCL1Q7W8AAtyh-.jpg,joebiden,0.0076323135810285,today i was briefed by members of my national security team in the situation room on the latest developments regarding the attack on us service members in northeastern jordanas ive said well hold all those responsible to account at a time and in a manner of our choosing,False,-0.2329185413541587,-0.1417349992836002,-84.002785,2.2234266,1.2717463,5.098597
1697026418834620444,"This was the front page of UNC-Chapel Hill's Daily Tar Heel.
 
No student, no parent, and no American should have to send texts like these to their loved ones as they hide from a shooter.
 
I'll continue to do all I can to reduce gun violence and call on Congress to do the same. https://t.co/nkLUBUTaNq",en,Retweet,150,25633,5483,2582,3359098.0,2023-08-30 19:20:02,"<a href=""https://www.sprinklr.com"" rel=""nofollow"">The White House</a>",,,photo,https://pbs.twimg.com/media/F40Mh9BXYAEp0_j.jpg,joebiden,0.0076309175856137,this was the front page of uncchapel hills daily tar heel no student no parent and no american should have to send texts like these to their loved ones as they hide from a shooter ill continue to do all i can to reduce gun violence and call on congress to do the same,False,-0.3029984974844488,0.152433668596024,-60.94696,-39.8641,3.2165985,0.6834626
1649827679699443712,"Thanks to the Bipartisan Infrastructure Law, we're replacing every single lead pipe in America—because everyone should be able to turn on a faucet at home or school and drink clean water. https://t.co/umqFETArxY",en,Tweet,27,10713,1719,2858,1404184.0,2023-04-22 13:29:05,"<a href=""https://sproutsocial.com"" rel=""nofollow"">Sprout Social</a>",,,photo,https://pbs.twimg.com/media/FuVdg6QWcAAVwhO.jpg,joebiden,0.0076293420235524,thanks to the bipartisan infrastructure law were replacing every single lead pipe in americabecause everyone should be able to turn on a faucet at home or school and drink clean water,False,0.0777175048990374,0.0188086864887644,24.18463,21.707994,8.0288515,4.964774
1655728058907742208,This is an insult to all the men and women who fought to protect our freedom. https://t.co/YWOAUdpLVF,en,Tweet,180,34499,10529,14465,4525867.0,2023-05-08 20:15:05,"<a href=""https://sproutsocial.com"" rel=""nofollow"">Sprout Social</a>",,,photo,https://pbs.twimg.com/media/FvpT4MBWYAE6ixE.jpg,joebiden,0.0076226278854416,this is an insult to all the men and women who fought to protect our freedom,False,-0.2577382034663805,0.0737204132758818,-26.594082,30.078861,7.1277747,1.906276
1658921350390530048,"That’s about as clear as it gets. Donald Trump and MAGA Republicans are responsible for killing Roe v. Wade. And if you vote for them, they’ll go even further. https://t.co/IsPEy8pm7M",en,Tweet,925,87723,26533,24774,11510913.0,2023-05-17 15:44:05,"<a href=""https://sproutsocial.com"" rel=""nofollow"">Sprout Social</a>",,,photo,https://pbs.twimg.com/media/FwWsKNsWcAI6IR7.jpg,joebiden,0.0076208550963768,thats about as clear as it gets donald trump and maga republicans are responsible for killing roe v wade and if you vote for them theyll go even further,True,-0.1764034434095806,0.24182593587004,-10.689139,-82.31034,6.3534145,0.9319076
1679284528932585473,"Real wages for the average American worker are now higher than they were before the pandemic—with lower wage workers seeing the largest gains.

This is no accident. It’s Bidenomics in action. https://t.co/6jlfQKcmd7",en,Tweet,27,9095,1837,6461,1198196.0,2023-07-12 20:20:05,"<a href=""https://sproutsocial.com"" rel=""nofollow"">Sprout Social</a>",,,photo,https://pbs.twimg.com/media/F04EXNKWYAA8LQ0.jpg,joebiden,0.0075905778353458,real wages for the average american worker are now higher than they were before the pandemicwith lower wage workers seeing the largest gainsthis is no accident its bidenomics in action,False,0.4352414196188058,-0.1189889336692776,77.28892,13.680046,11.096767,5.5562167
1674519363678793730,"Today, I'm directing the Department of Education to analyze what practices helped build more inclusive and diverse student bodies and what practices hold that back. 

Colleges should continue to support, retain, and graduate diverse students and classes.",en,Tweet,66,10655,1992,5678,1405437.0,2023-06-29 16:45:02,"<a href=""https://sproutsocial.com"" rel=""nofollow"">Sprout Social</a>",,,,,joebiden,0.0075812718748688,today im directing the department of education to analyze what practices helped build more inclusive and diverse student bodies and what practices hold that back colleges should continue to support retain and graduate diverse students and classes,False,-0.0406239126572501,-0.0471891691985558,35.643856,50.967514,6.979512,-1.1855302
1669861918897569793,"Instead of shielding our kids from gun violence in their classrooms, Republicans in Congress are focused on shielding gun manufacturers from liability.",en,Tweet,40,10262,2336,9862,1354888.0,2023-06-16 20:18:00,"<a href=""https://sproutsocial.com"" rel=""nofollow"">Sprout Social</a>",,,,,joebiden,0.0075740577818978,instead of shielding our kids from gun violence in their classrooms republicans in congress are focused on shielding gun manufacturers from liability,False,-0.1359743340701229,0.3464953910556723,-67.66734,-40.38706,2.9324079,0.37009862
1648827065242640384,"When Speaker McCarthy went to Wall Street, he did not tell the wealthy it was time to start paying their fair share of taxes. Instead, he proposed huge cuts to programs that millions of Americans count on and threatened to become the first speaker to default on our national debt.",en,Tweet,25,9362,2443,3382,1238923.0,2023-04-19 19:13:00,"<a href=""https://sproutsocial.com"" rel=""nofollow"">Sprout Social</a>",,,,,joebiden,0.0075565632408148,when speaker mccarthy went to wall street he did not tell the wealthy it was time to start paying their fair share of taxes instead he proposed huge cuts to programs that millions of americans count on and threatened to become the first speaker to default on our national debt,False,0.0384304011194389,0.3287490254791563,-17.743216,34.931973,8.602277,1.2037754
1715158038628188505,"We know that our allies—and maybe most importantly, our adversaries and competitors—are watching our response in Ukraine.

If we walk away and let Putin erase Ukraine’s independence, would-be aggressors around the world would be emboldened to try the same.",en,Tweet,32,6656,1304,1472,881867.0,2023-10-19 20:08:37,"<a href=""https://mobile.twitter.com"" rel=""nofollow"">Twitter Web App</a>",,,,,joebiden,0.0075476233944574,we know that our alliesand maybe most importantly our adversaries and competitorsare watching our response in ukraineif we walk away and let putin erase ukraines independence wouldbe aggressors around the world would be emboldened to try the same,False,-0.1741831021602829,-0.0561539850577284,-58.563194,18.954744,2.138523,4.0485682
1748075035896566072,"Tackling junk fees is just one part of our broader plan to lower costs for hardworking families. 

We will continue doing everything in our power to bring down costs while standing up to extreme Republican attempts to provide more giveaways to the wealthy and big corporations.",en,Tweet,25,6319,1176,2668,839607.0,2024-01-18 15:09:00,"<a href=""https://sproutsocial.com"" rel=""nofollow"">Sprout Social</a>",,,,,joebiden,0.0075261402060726,tackling junk fees is just one part of our broader plan to lower costs for hardworking families we will continue doing everything in our power to bring down costs while standing up to extreme republican attempts to provide more giveaways to the wealthy and big corporations,False,0.1794473047890331,0.2903345644833269,-2.830764,58.815075,11.229525,2.3423193
1717577125236969745,"Once again, our nation mourns after another senseless and tragic mass shooting.

Today, Jill and I pray for the Americans in Maine who’ve lost their lives, those in critical care, and the families, survivors, and community members enduring shock and grief.

Here's my statement: https://t.co/7geRYwQ94k",en,Retweet,111,18881,4164,7718,2509221.0,2023-10-26 12:21:12,"<a href=""https://mobile.twitter.com"" rel=""nofollow"">Twitter Web App</a>",,,photo,https://pbs.twimg.com/media/F9YPHxxWEAAZRoQ.jpg,joebiden,0.0075246460953419,once again our nation mourns after another senseless and tragic mass shootingtoday jill and i pray for the americans in maine whove lost their lives those in critical care and the families survivors and community members enduring shock and griefheres my statement,False,-0.2835998868920516,-0.0584375059865963,-73.90756,-26.976149,2.5958073,1.5368196
1737210593222815879,"I had the honor of welcoming the brave crew of the Artemis II mission to the Moon to the White House.
 
Here on Earth, our children will learn the names of these pioneers.
 
And it's the Artemis Generation who will carry us into the future we hope to build for the benefit of all. https://t.co/31GQODJPg2",en,Retweet,139,12128,2726,3431,1613185.0,2023-12-19 15:37:35,"<a href=""https://www.sprinklr.com"" rel=""nofollow"">The White House</a>",,,video,https://video.twimg.com/amplify_video/1737210483055161344/vid/avc1/1080x1920/Yt_sSRwsRcjejDDG.mp4?tag=16,joebiden,0.0075180465972594,i had the honor of welcoming the brave crew of the artemis ii mission to the moon to the white house here on earth our children will learn the names of these pioneers and its the artemis generation who will carry us into the future we hope to build for the benefit of all,False,-0.112990861589823,-0.2029282103723259,14.950604,-11.60398,4.422617,4.5682206
1720930673400135888,"The unemployment rate has been below 4% for 21 months in a row, the longest stretch in more than 50 years. 

American workers have achieved these gains while inflation has fallen by 60%, and core inflation is at its lowest level in two years—defying projections.",en,Tweet,66,15958,5556,9024,2123298.0,2023-11-04 18:27:00,"<a href=""https://sproutsocial.com"" rel=""nofollow"">Sprout Social</a>",,,,,joebiden,0.0075156666657247,the unemployment rate has been below 4 for 21 months in a row the longest stretch in more than 50 years american workers have achieved these gains while inflation has fallen by 60 and core inflation is at its lowest level in two yearsdefying projections,False,0.4257091742242098,-0.1106490867793282,79.84267,18.152987,11.780596,6.0134087
1680010288819478528,"13.2 million jobs have been added since I took office.
Unemployment is near historic lows.
Wages are rising.

More jobs and lower costs: That’s Bidenomics.",en,Tweet,37,11927,2117,7398,1587240.0,2023-07-14 20:24:00,"<a href=""https://sproutsocial.com"" rel=""nofollow"">Sprout Social</a>",,,,,joebiden,0.0075143015549003,132 million jobs have been added since i took officeunemployment is near historic lowswages are risingmore jobs and lower costs thats bidenomics,False,0.4955400213401434,-0.1685974490514656,78.46523,3.7655315,11.356542,6.7015038
1750595070296756376,"We fixed the Public Service Loan Forgiveness program so borrowers who go into public service get the debt relief they’re entitled to under the law, and created the most generous Income-Driven Repayment plan in history. 

We are continuing to deliver student debt relief to borrowers as quickly as possible.",en,Tweet,89,9553,1946,3645,1271431.0,2024-01-25 14:02:43,"<a href=""https://mobile.twitter.com"" rel=""nofollow"">Twitter Web App</a>",,,,,joebiden,0.0075135811538337,we fixed the public service loan forgiveness program so borrowers who go into public service get the debt relief theyre entitled to under the law and created the most generous incomedriven repayment plan in history we are continuing to deliver student debt relief to borrowers as quickly as possible,False,0.1497473743869174,0.0600248209182967,43.080936,60.116634,7.250101,-1.8955148
1757820093080261063,"What's the Real Story Behind the Media's Coverage of Taylor Swift and E. Jean Carroll? 
https://t.co/AZLEz7ZuYF",en,Tweet,20,537,139,72,71646.0,2024-02-14 12:32:23,"<a href=""https://help.twitter.com/en/using-twitter/how-to-tweet#source-labels"" rel=""nofollow"">simpleads-ui</a>",,https://www.theamericanconservative.com/e-jean-carroll-and-the-establishments-art-of-fiction/,,,joebiden,0.0074951846579013,whats the real story behind the medias coverage of taylor swift and e jean carroll,False,-0.166116389108018,0.0050433794965517,29.783583,-62.585358,6.4115877,2.323779
1747111676761997607,"Looks like Donald Trump just won Iowa. He’s the clear front runner on the other side at this point.

But here’s the thing: this election was always going to be you and me vs. extreme MAGA Republicans. It was true yesterday and it’ll be true tomorrow.

So if you’re with us, chip in now: https://t.co/xKsZNumqBg.",en,Tweet,990,73193,11289,34741,9766311.0,2024-01-15 23:20:58,"<a href=""https://mobile.twitter.com"" rel=""nofollow"">Twitter Web App</a>",,,,,joebiden,0.0074944367427987,looks like donald trump just won iowa hes the clear front runner on the other side at this pointbut heres the thing this election was always going to be you and me vs extreme maga republicans it was true yesterday and itll be true tomorrowso if youre with us chip in now,True,-0.12853611010876,0.0215439988650785,16.708239,-60.651123,6.2583475,3.2766616
1731350583284539496,"Since I took office, my Investing in America agenda has led to a manufacturing boom, attracting over $600 billion in private investment in American manufacturing and industries of the future.",en,Tweet,55,12003,3002,7799,1601840.0,2023-12-03 11:32:00,"<a href=""https://sproutsocial.com"" rel=""nofollow"">Sprout Social</a>",,,,,joebiden,0.0074932577535833,since i took office my investing in america agenda has led to a manufacturing boom attracting over 600 billion in private investment in american manufacturing and industries of the future,False,0.4038512877465421,-0.0883707580301288,47.444675,17.024778,9.257357,5.4683795
1691185676274814977,"We’ve taken unprecedented action to combat the climate crisis. Just last year, I signed the largest climate bill in history. These investments in our planet and the American people make our nation more resilient.

MAGA extremists in Congress are trying to undo it all.",en,Tweet,32,9069,2128,5549,1211479.0,2023-08-14 16:31:00,"<a href=""https://sproutsocial.com"" rel=""nofollow"">Sprout Social</a>",,,,,joebiden,0.0074858912123115,weve taken unprecedented action to combat the climate crisis just last year i signed the largest climate bill in history these investments in our planet and the american people make our nation more resilientmaga extremists in congress are trying to undo it all,False,0.0617509153750569,0.1640202549225586,3.6911902,26.982264,8.224092,3.2637968
1720482253082390888,"Today’s job report shows that Bidenomics is growing the economy from the middle out and bottom up—not the top down. 

The economy has created 14 million jobs since I took office and 150,000 jobs in October. https://t.co/Z28Gy2YxDc",en,Tweet,52,12818,2619,10255,1717362.0,2023-11-03 12:45:08,"<a href=""https://sproutsocial.com"" rel=""nofollow"">Sprout Social</a>",,,photo,https://pbs.twimg.com/media/F-BheW5XoAAkWnL.jpg,joebiden,0.0074637729261506,todays job report shows that bidenomics is growing the economy from the middle out and bottom upnot the top down the economy has created 14 million jobs since i took office and 150000 jobs in october,False,0.436203261289916,-0.2228221380970549,72.99387,6.170266,11.118983,6.1265154
1696189163668750544,"Through the Bipartisan Infrastructure Law, we’ve already announced 37,000 infrastructure projects in 4,500 communities across America.",en,Tweet,31,11551,2423,2798,1548557.0,2023-08-28 11:53:04,"<a href=""https://sproutsocial.com"" rel=""nofollow"">Sprout Social</a>",,,,,joebiden,0.0074592023412764,through the bipartisan infrastructure law weve already announced 37000 infrastructure projects in 4500 communities across america,False,0.2217677412755645,-0.0462342368545468,29.067572,19.548021,8.177812,4.8436155
1661530118458683394,"No matter what happens, you can hear Ron DeSantis’ agenda loud and clear. https://t.co/5QmgvfiTgQ",en,Tweet,1138,63163,14655,7956,8471677.0,2023-05-24 20:30:24,"<a href=""https://sproutsocial.com"" rel=""nofollow"">Sprout Social</a>",,,video,https://video.twimg.com/amplify_video/1661530022652329986/vid/1080x1350/I3nQ3p0MAKMp4Cg6.mp4?tag=16,joebiden,0.0074557847283365,no matter what happens you can hear ron desantis agenda loud and clear,False,-0.1440532106062584,0.0532564214336571,4.039216,-40.276024,6.256819,2.936746
1659702979614629888,The G7 is more united than ever. https://t.co/ZEcyPpdr21,en,Retweet,149,25403,3580,4833,3408278.0,2023-05-19 19:30:00,"<a href=""https://www.sprinklr.com"" rel=""nofollow"">The White House</a>",,,photo,"https://pbs.twimg.com/media/Fwg72gAWIAEeLDZ.jpg,https://pbs.twimg.com/media/Fwg73joXwAA0NGI.jpg,https://pbs.twimg.com/media/Fwg74NIWAAQKV7d.jpg",joebiden,0.0074533239366037,the g7 is more united than ever,False,-0.0092107722378119,-0.1778806346073685,-48.880604,20.631868,4.3498325,4.3427324
1712522772935516390,"This morning’s CPI report shows core inflation fell to its lowest level in two years. Overall inflation is down by 60% from its peak at a time when unemployment has remained below 4% for 20 months in a row.

That’s Bidenomics in action.",en,Tweet,52,13185,2645,8608,1769061.0,2023-10-12 13:37:00,"<a href=""https://sproutsocial.com"" rel=""nofollow"">Sprout Social</a>",,,,,joebiden,0.0074531064785216,this mornings cpi report shows core inflation fell to its lowest level in two years overall inflation is down by 60 from its peak at a time when unemployment has remained below 4 for 20 months in a rowthats bidenomics in action,False,0.4538857862620782,-0.0971311053510622,83.378525,23.700369,12.089065,5.6750345
1662952595659390976,"Speaker McCarthy and I reached a bipartisan budget agreement that will prevent the worst possible crisis – a default for the first time in our nation’s history.
 
This deal is good news for the American people.

I strongly urge Congress to pass the agreement right away. https://t.co/6gQH4jvGV2",en,Retweet,174,26502,5729,4296,3558167.0,2023-05-28 18:42:49,"<a href=""https://www.sprinklr.com"" rel=""nofollow"">The White House</a>",,,photo,https://pbs.twimg.com/media/FxP-kQSXgAILGo4.png,joebiden,0.0074482170173575,speaker mccarthy and i reached a bipartisan budget agreement that will prevent the worst possible crisis  a default for the first time in our nations history this deal is good news for the american peoplei strongly urge congress to pass the agreement right away,False,0.0421268549815239,0.1429109629561522,-42.985065,32.62497,7.854106,0.38319618
1703110501553627364,"We now have immunizations for all three major seasonal respiratory viruses—COVID-19, flu, and RSV. 

I encourage all Americans to stay up-to-date on their vaccines.
https://t.co/l9SnrQeUu1",en,Tweet,103,13706,2851,7945,1846689.0,2023-09-16 14:16:00,"<a href=""https://sproutsocial.com"" rel=""nofollow"">Sprout Social</a>",,http://Vaccines.gov,,,joebiden,0.0074219319008235,we now have immunizations for all three major seasonal respiratory virusescovid19 flu and rsv i encourage all americans to stay uptodate on their vaccines,False,-0.0762908261272067,-0.0149676279516623,-36.166065,68.926674,10.071997,0.3641397
1739691300994105673,"To everyone celebrating, Jill and I wish you a joyous Kwanzaa. 

In 2024, it’s our hope that we will all remember the wisdom of the Seven Principles of Kwanzaa, especially the values of unity and faith. 

May your celebrations be filled with hope and light.",en,Tweet,52,10199,1401,4751,1374331.0,2023-12-26 11:55:02,"<a href=""https://sproutsocial.com"" rel=""nofollow"">Sprout Social</a>",,,,,joebiden,0.0074210652310105,to everyone celebrating jill and i wish you a joyous kwanzaa in 2024 its our hope that we will all remember the wisdom of the seven principles of kwanzaa especially the values of unity and faith may your celebrations be filled with hope and light,False,-0.1623644710116009,-0.2268624833778881,-15.54386,-12.704898,4.0010724,6.3791695
1692974736643395710,"We have more work to do, but inflation is down to 3.2%—the lowest point in two years.",en,Tweet,54,18185,2951,8869,2454412.0,2023-08-19 15:00:05,"<a href=""https://sproutsocial.com"" rel=""nofollow"">Sprout Social</a>",,,,,joebiden,0.0074091065395703,we have more work to do but inflation is down to 32the lowest point in two years,False,0.3482630245297107,-0.0374510405038641,85.403885,27.865793,12.204396,5.620596
1656340834709536770,"Reminder: Under the previous president, Republicans voted to increase the debt limit three times. 

Three times.",en,Tweet,74,28875,7457,12984,3898890.0,2023-05-10 12:50:02,"<a href=""https://sproutsocial.com"" rel=""nofollow"">Sprout Social</a>",,,,,joebiden,0.0074059540022929,reminder under the previous president republicans voted to increase the debt limit three times three times,False,0.0473706015450032,0.1530582089480864,-21.9677,40.935425,8.068929,0.9593501
1651759407712071681,"I've never been more optimistic about America's future. We're on the cusp of major change. 

We're creating jobs again. 
Manufacturing has come alive again. 
More people can afford decent health care.

We've got to keep it going. Let's finish the job. https://t.co/oyJAbF8Kcv",en,Tweet,27,11607,2101,7799,1569036.0,2023-04-27 21:25:05,"<a href=""https://sproutsocial.com"" rel=""nofollow"">Sprout Social</a>",,,photo,https://pbs.twimg.com/media/Fuw6aTVXwAEjeYE.jpg,joebiden,0.0073975358117978,ive never been more optimistic about americas future were on the cusp of major change were creating jobs again manufacturing has come alive again more people can afford decent health careweve got to keep it going lets finish the job,False,0.2316561569427567,-0.1402294479823637,-9.215046,-36.09162,4.970368,4.0484805
1662109872622649346,"We’re proposing a new rule to make it mandatory for all U.S. airlines to compensate you with meals, hotels, taxis, rebooking fees, and cash miles or travel vouchers when they’re the ones to blame for cancellation or delay.

It matters for hardworking families. https://t.co/JXBv6XaQCr",en,Tweet,142,20515,2337,9317,2774872.0,2023-05-26 10:54:08,"<a href=""https://sproutsocial.com"" rel=""nofollow"">Sprout Social</a>",,,photo,https://pbs.twimg.com/media/FxEAGo3WAAMJGoo.jpg,joebiden,0.0073931338094153,were proposing a new rule to make it mandatory for all us airlines to compensate you with meals hotels taxis rebooking fees and cash miles or travel vouchers when theyre the ones to blame for cancellation or delayit matters for hardworking families,False,0.0047454996294957,0.1429007274831762,22.008732,59.623913,11.488704,2.9563591
1690422924648288257,"Unemployment remains near record lows, a higher share of working-age Americans are working now than in 20 years, and real wages for the average American worker are growing and are higher than before the pandemic—with lower-wage workers seeing the largest gains.",en,Tweet,18,8251,1707,2940,1117690.0,2023-08-12 14:00:06,"<a href=""https://sproutsocial.com"" rel=""nofollow"">Sprout Social</a>",,,,,joebiden,0.0073821900526979,unemployment remains near record lows a higher share of workingage americans are working now than in 20 years and real wages for the average american worker are growing and are higher than before the pandemicwith lowerwage workers seeing the largest gains,False,0.4460643158655158,-0.1260768773948358,77.11863,14.57673,11.549028,5.9207187
1655969663459663879,"I signed the most extensive gun safety legislation in 30 years, but there’s still more to do. 

When I was a senator, I led the fight to pass the assault weapons ban. Congress must take action to ban them from our streets once again.",en,Tweet,31,9021,1698,5361,1222793.0,2023-05-09 12:15:08,"<a href=""https://sproutsocial.com"" rel=""nofollow"">Sprout Social</a>",,,,,joebiden,0.0073773729486511,i signed the most extensive gun safety legislation in 30 years but theres still more to do when i was a senator i led the fight to pass the assault weapons ban congress must take action to ban them from our streets once again,False,-0.1449012540584157,0.177192940287323,-53.43819,-34.673077,3.7413018,0.44746804
1683914515283431424,"We’re working to end non-compete clauses that prevent 30 million Americans, from security guards to retail workers, from getting jobs in the same field. 

It's unfair, and there's no rationale for it.",en,Tweet,66,14481,2573,2197,1965459.0,2023-07-25 14:58:00,"<a href=""https://sproutsocial.com"" rel=""nofollow"">Sprout Social</a>",,,,,joebiden,0.0073677446336962,were working to end noncompete clauses that prevent 30 million americans from security guards to retail workers from getting jobs in the same field its unfair and theres no rationale for it,False,0.1105822905261238,0.1156745383237409,14.357135,69.35523,11.620585,2.6149406
1680271762276089856,"We've helped create over 13 million new jobs, including over 800,000 manufacturing jobs.
The unemployment rate has remained below 4% for 17 months.
Inflation has come down by more than half.

It's no mistake—Bidenomics is working.",en,Tweet,31,11169,2313,5952,1520199.0,2023-07-15 13:43:00,"<a href=""https://sproutsocial.com"" rel=""nofollow"">Sprout Social</a>",,,,,joebiden,0.0073470644303804,weve helped create over 13 million new jobs including over 800000 manufacturing jobsthe unemployment rate has remained below 4 for 17 monthsinflation has come down by more than halfits no mistakebidenomics is working,False,0.5454589966295691,-0.1779136393102399,71.29305,15.181134,11.100623,6.2633286
1656467466145415171,"It’s simple, folks.

Do you want four more years of that?

If you don’t, pitch in to our campaign.
https://t.co/EwCflbYn22",en,Tweet,260,63178,13850,30568,8613341.0,2023-05-10 21:13:14,"<a href=""https://mobile.twitter.com"" rel=""nofollow"">Twitter Web App</a>",,https://secure.actblue.com/donate/social-bfp-may-2023?refcode=social_20230510_jb_tw_1,,,joebiden,0.0073349005920002,its simple folksdo you want four more years of thatif you dont pitch in to our caign,False,-0.0557440933451501,-0.0178568118362966,18.35664,-47.35726,6.605694,3.976488
1693356480097833234,"The Inflation Reduction Act is delivering for the American people. 

It's lowering costs for families, restoring fairness to the tax code, creating good-paying jobs here in America, addressing the existential threat of the climate crisis, and more.",en,Tweet,28,10449,2211,7009,1426772.0,2023-08-20 16:17:00,"<a href=""https://sproutsocial.com"" rel=""nofollow"">Sprout Social</a>",,,,,joebiden,0.0073235247117268,the inflation reduction act is delivering for the american people its lowering costs for families restoring fairness to the tax code creating goodpaying jobs here in america addressing the existential threat of the climate crisis and more,False,0.3729083398216157,0.1647057081835324,3.788095,54.257263,10.058803,2.6163106
1699558122510000603,"Lowering prescription drug costs is part of a much broader vision for our country: growing the economy from the middle out and the bottom up, not from the top down.",en,Tweet,14,5689,1030,1426,777061.0,2023-09-06 19:00:07,"<a href=""https://sproutsocial.com"" rel=""nofollow"">Sprout Social</a>",,,,,joebiden,0.007321175557646,lowering prescription drug costs is part of a much broader vision for our country growing the economy from the middle out and the bottom up not from the top down,False,0.2728578566612021,0.2062695295279122,1.8307719,73.39965,10.196097,2.1907003
1719451977216618728,"My Administration is proposing a rule mandating that when you pay someone for retirement advice, they must give you advice that’s in your best interest – not whatever gets them the best payday.

The action we’re taking will protect working folks from being misled or exploited.",en,Retweet,105,15874,2877,5996,2171540.0,2023-10-31 16:31:11,"<a href=""https://www.sprinklr.com"" rel=""nofollow"">The White House</a>",,,,,joebiden,0.0073100196174143,my administration is proposing a rule mandating that when you pay someone for retirement advice they must give you advice thats in your best interest  not whatever gets them the best paydaythe action were taking will protect working folks from being misled or exploited,False,0.11396607052983,0.1634724246581394,19.271935,64.62731,11.546101,2.3614142
1666205833565200394,"Today I announced a $115 million investment towards repairing Jackson, Mississippi’s water infrastructure challenges after thousands of people were left without any running water for days on end last year.

All Americans deserve access to clean, safe drinking water.",en,Tweet,44,9536,1502,2980,1305585.0,2023-06-06 18:10:01,"<a href=""https://sproutsocial.com"" rel=""nofollow"">Sprout Social</a>",,,,,joebiden,0.0073040054841316,today i announced a 115 million investment towards repairing jackson mississippis water infrastructure challenges after thousands of people were left without any running water for days on end last yearall americans deserve access to clean safe drinking water,False,0.0438376404451715,-0.0001913304498853,24.011444,21.825726,8.312135,4.942992
1698786761739059268,"We proposed a new rule to extend overtime to as many as 3.6 million workers.

Salary workers who were not paid by the hour were not guaranteed overtime pay unless they made under $35,568 a year. The new rule we proposed this week raises that threshold to $55,000 a year.",en,Tweet,60,12349,2239,2739,1690778.0,2023-09-04 15:55:00,"<a href=""https://sproutsocial.com"" rel=""nofollow"">Sprout Social</a>",,,,,joebiden,0.0073037382790644,we proposed a new rule to extend overtime to as many as 36 million workerssalary workers who were not paid by the hour were not guaranteed overtime pay unless they made under 35568 a year the new rule we proposed this week raises that threshold to 55000 a year,False,0.1492503180103778,0.1269288408700496,20.496893,63.150463,11.535088,2.759317
1676284547674124288,"This week, our nation has again endured a wave of tragic shootings — just as we mark one year since the tragedy in Highland Park, Illinois.

Jill and I grieve for those lost, and as our nation celebrates Independence Day, we pray for the day when we’ll be free from gun violence.",en,Retweet,66,17673,2863,6412,2423032.0,2023-07-04 13:39:14,"<a href=""https://mobile.twitter.com"" rel=""nofollow"">Twitter Web App</a>",,,,,joebiden,0.0072937542715077,this week our nation has again endured a wave of tragic shootings  just as we mark one year since the tragedy in highland park illinoisjill and i grieve for those lost and as our nation celebrates independence day we pray for the day when well be free from gun violence,False,-0.2736087243200306,-0.0806720601253943,-74.9982,-28.307844,2.6228654,1.5052958
1740221284284256645,It was about slavery.,en,Tweet,2870,153268,26341,20903,21029936.0,2023-12-27 23:01:00,"<a href=""https://sproutsocial.com"" rel=""nofollow"">Sprout Social</a>",,,,,joebiden,0.0072880868491468,it was about slavery,False,-0.1119389921059004,0.0131853855475552,-24.827648,-20.308907,3.7688484,2.9884489
1711120898751619542,"This morning, I spoke with @IsraeliPM to express my full support for the people of Israel in the face of an unprecedented and appalling assault by Hamas terrorists.

We will remain in close contact over the coming days. 

The U.S. will continue to stand with the people of Israel.",en,Retweet,190,41198,6127,14783,5653267.0,2023-10-08 16:46:28,"<a href=""https://www.sprinklr.com"" rel=""nofollow"">The White House</a>",,,,,joebiden,0.0072874675829038,this morning i spoke with israelipm to express my full support for the people of israel in the face of an unprecedented and appalling assault by hamas terroristswe will remain in close contact over the coming days the us will continue to stand with the people of israel,False,-0.2909660958061617,-0.1865003686293625,-78.061005,2.396924,1.1440483,4.483287
1759362431413895283,"Americans have filed for a record 16 million new business applications since I came into office. 

Every one of those applications is a sign of hope. https://t.co/j3TbdFL6vz",en,Tweet,117,22901,4105,4742,3142556.0,2024-02-18 18:41:05,"<a href=""https://sproutsocial.com"" rel=""nofollow"">Sprout Social</a>",,,photo,https://pbs.twimg.com/media/GGqCympXMAENQpn.jpg,joebiden,0.0072873800816914,americans have filed for a record 16 million new business applications since i came into office every one of those applications is a sign of hope,False,0.2287131727387605,-0.163527970950789,65.04103,32.59388,10.585079,7.357007
1747296525577850977,"As snow, ice, and extreme temperatures continue to make their way across America today, head to https://t.co/VIqPmlq3KL for information on how to stay safe.

Check on your neighbors, charge your devices, find flashlights, and follow your local officials online.",en,Retweet,58,7250,1683,2361,995641.0,2024-01-16 11:35:29,"<a href=""https://www.sprinklr.com"" rel=""nofollow"">The White House</a>",,http://Ready.gov,,,joebiden,0.0072817411094962,as snow ice and extreme temperatures continue to make their way across america today head to  for information on how to stay safecheck on your neighbors charge your devices find flashlights and follow your local officials online,False,-0.1685361222464403,-0.0763812049096444,8.30987,26.87659,8.593135,3.1387217
1733577277839917133,"I vowed to improve the student loan system so that a higher education provides Americans with opportunity and prosperity, not unmanageable burdens of student loan debt.

I won’t back down from using every tool at our disposal to get student loan borrowers the relief they need.",en,Tweet,42,7027,1949,4372,966813.0,2023-12-09 15:00:06,"<a href=""https://sproutsocial.com"" rel=""nofollow"">Sprout Social</a>",,,,,joebiden,0.0072682100881969,i vowed to improve the student loan system so that a higher education provides americans with opportunity and prosperity not unmanageable burdens of student loan debti wont back down from using every tool at our disposal to get student loan borrowers the relief they need,False,0.0573209823510594,0.0758481905433599,39.641586,54.29037,7.0674095,-1.6918919
1648801920339918848,"The executive order I signed yesterday is the most comprehensive set of actions any administration has taken to increase access to high-quality child care, long-term care, and support for caregivers. https://t.co/owp4QAbqkP",en,Tweet,21,7256,1249,1389,1003721.0,2023-04-19 17:33:05,"<a href=""https://sproutsocial.com"" rel=""nofollow"">Sprout Social</a>",,,photo,https://pbs.twimg.com/media/FuG4l3xWwAMw0ke.jpg,joebiden,0.0072291005169763,the executive order i signed yesterday is the most comprehensive set of actions any administration has taken to increase access to highquality child care longterm care and support for caregivers,False,0.0605916887344858,0.0196891225808754,-31.205307,-62.33188,5.096336,1.0515958
1672665939341373444,"The only way to stop those who are committed to taking away women’s rights and freedoms in every state is to elect a Congress that will pass a law restoring Roe v. Wade.

Vice President @KamalaHarris and I will continue to lead the fight to protect a woman’s right to an abortion. https://t.co/sHwsWV8dgb",en,Tweet,19,8308,1827,3555,1153518.0,2023-06-24 14:00:11,"<a href=""https://sproutsocial.com"" rel=""nofollow"">Sprout Social</a>",,,photo,https://pbs.twimg.com/media/FzaAylaXwAAKvhG.jpg,joebiden,0.0072023150050541,the only way to stop those who are committed to taking away womens rights and freedoms in every state is to elect a congress that will pass a law restoring roe v wadevice president kamalaharris and i will continue to lead the fight to protect a womans right to an abortion,False,-0.2030421430721503,0.202235338451218,-27.475454,-70.54005,5.566438,0.66247916
1651287240176197634,"Every generation of Americans has faced a moment where they have been called on to protect our democracy, to defend it, to stand up for it.

And this is our moment.

Watch the very first ad of our reelection campaign — then, pitch in to help share our message far and wide. https://t.co/RvPc51xqRz",en,Tweet,61,5977,1615,2194,830278.0,2023-04-26 14:08:52,"<a href=""https://studio.twitter.com"" rel=""nofollow"">Twitter Media Studio</a>",,,video,https://video.twimg.com/amplify_video/1651286603535466497/vid/1080x1080/fYMvsaoS986KiHQT.mp4?tag=16,joebiden,0.0071987936570642,every generation of americans has faced a moment where they have been called on to protect our democracy to defend it to stand up for itand this is our momentwatch the very first ad of our reelection caign  then pitch in to help share our message far and wide,False,-0.1372897319899911,-0.053876097137829,12.553462,-49.033386,5.937362,3.444713
1670816239541780480,"Making Juneteenth a federal holiday wasn’t just a symbolic gesture. It was a statement of fact for this country to acknowledge the original sin of slavery.

To honor the true meaning of Juneteenth, we are continuing the charge forward to redeem the soul of America. https://t.co/2dq58Alw9e",en,Tweet,57,12376,2271,5619,1720000.0,2023-06-19 11:30:08,"<a href=""https://sproutsocial.com"" rel=""nofollow"">Sprout Social</a>",,,photo,https://pbs.twimg.com/media/Fy_uf45WAAE5Mw0.jpg,joebiden,0.0071953488372093,making juneteenth a federal holiday wasnt just a symbolic gesture it was a statement of fact for this country to acknowledge the original sin of slaveryto honor the true meaning of juneteenth we are continuing the charge forward to redeem the soul of america,False,-0.0920536337800983,-0.1199425494000806,-29.585363,-18.697706,3.8574996,2.9225016
1651050320875716609,Let’s finish the job. https://t.co/mnj1m6NKHV,en,Tweet,88,14773,2304,14029,2053228.0,2023-04-25 22:27:26,"<a href=""https://sproutsocial.com"" rel=""nofollow"">Sprout Social</a>",,,video,https://video.twimg.com/amplify_video/1651050214474514434/vid/1080x1920/9YZ6XpPA79dHvElC.mp4?tag=16,joebiden,0.0071950119519118,lets finish the job,False,-0.0901435532154605,-0.1278209778742022,26.551579,-46.983578,6.189865,4.595035
1748497720145232169,"Yesterday in North Carolina, I stopped by Eric’s house to have lunch with him and his two sons. I brought some Cook Out. They were an impressive family—Eric’s an award-winning educator and his sons are both athletic and academic all stars. We talked about the importance of family, building intergenerational wealth, the state of our schools, and I gave his oldest son Christian a couple of tips on what he should get for his first car.

Eric had a lot of student debt forgiven, and he told me what a big deal it was for him and his boys. I go to work for families like Eric’s every day—hardworking folks who want to leave something behind for their kids. I loved the time I spent with them.

Thanks Eric, for hosting me. Come by our place next time.",en,Tweet,804,54829,8606,12027,7624889.0,2024-01-19 19:08:36,"<a href=""https://mobile.twitter.com"" rel=""nofollow"">Twitter Web App</a>",,,photo,https://pbs.twimg.com/media/GEPo6slXsAAEIz2.jpg,joebiden,0.0071907932036781,yesterday in north carolina i stopped by erics house to have lunch with him and his two sons i brought some cook out they were an impressive familyerics an awardwinning educator and his sons are both athletic and academic all stars we talked about the importance of family building intergenerational wealth the state of our schools and i gave his oldest son christian a couple of tips on what he should get for his first careric had a lot of student debt forgiven and he told me what a big deal it was for him and his boys i go to work for families like erics every dayhardworking folks who want to leave something behind for their kids i loved the time i spent with themthanks eric for hosting me come by our place next time,False,-0.0060810852592727,-0.0922668879639174,9.922307,-12.689884,4.829922,5.0286307
1705325183697932561,"Tuesday, I’ll go to Michigan to join the picket line and stand in solidarity with the men and women of UAW as they fight for a fair share of the value they helped create.

It’s time for a win-win agreement that keeps American auto manufacturing thriving with well-paid UAW jobs.",en,Retweet,555,71052,11733,6533,9888180.0,2023-09-22 16:56:21,"<a href=""https://www.sprinklr.com"" rel=""nofollow"">The White House</a>",,,,,joebiden,0.0071855488067571,tuesday ill go to michigan to join the picket line and stand in solidarity with the men and women of uaw as they fight for a fair share of the value they helped createits time for a winwin agreement that keeps american auto manufacturing thriving with wellpaid uaw jobs,False,0.0169704195926363,-0.048866277572651,29.90395,-13.51879,7.815669,7.5529
1685343178084208641,"Jill and I recognize our Muslim friends and neighbors around the world observing Ashura and honoring the values of sacrifice, justice, and equality for all.",en,Retweet,71,15948,1907,1605,2224769.0,2023-07-29 13:35:00,"<a href=""https://www.sprinklr.com"" rel=""nofollow"">The White House</a>",,,,,joebiden,0.0071683846727458,jill and i recognize our muslim friends and neighbors around the world observing ashura and honoring the values of sacrifice justice and equality for all,False,-0.2727693953522643,-0.1527412038456896,-17.82767,-15.672953,3.9334495,6.450064
1678064315432067079,"When you invest in America and strengthen the middle class, we see stronger economic growth that benefits everybody. https://t.co/iHVkBBguhI",en,Tweet,37,9213,1787,3505,1289682.0,2023-07-09 11:31:24,"<a href=""https://sproutsocial.com"" rel=""nofollow"">Sprout Social</a>",,,video,https://video.twimg.com/amplify_video/1678063968718405633/vid/1080x1080/QK9-DbrFWn_1mujx.mp4?tag=16,joebiden,0.0071436214508692,when you invest in america and strengthen the middle class we see stronger economic growth that benefits everybody,False,0.2930051226096009,-0.1488327059984865,49.885983,11.145752,9.384587,5.565626
1704985377704968642,"This week, we approved $37 million in debt cancellation for over 1,200 borrowers who were deceived by the University of Phoenix. We won’t stand for colleges taking advantage of hardworking students and borrowers. https://t.co/fV7rRUDT5h",en,Tweet,30,7694,1580,2645,1082946.0,2023-09-21 18:26:05,"<a href=""https://sproutsocial.com"" rel=""nofollow"">Sprout Social</a>",,,photo,https://pbs.twimg.com/media/F6lTJfvWAAA9AB8.jpg,joebiden,0.0071046940475333,this week we approved 37 million in debt cancellation for over 1200 borrowers who were deceived by the university of phoenix we wont stand for colleges taking advantage of hardworking students and borrowers,False,0.063656481526441,0.0697977877684536,45.571503,56.96274,7.2670636,-1.8785146
1702730571414212834,"The contrast is clear, folks. https://t.co/ZtTkS9GAvP",en,Tweet,106,14151,3267,8711,1996080.0,2023-09-15 13:06:18,"<a href=""https://sproutsocial.com"" rel=""nofollow"">Sprout Social</a>",,,video,https://video.twimg.com/amplify_video/1702730506750627840/vid/avc1/1080x1350/Lrpsy04QiH00IxGH.mp4?tag=16,joebiden,0.0070893952146206,the contrast is clear folks,False,-0.0773818387694708,-0.0649840539199977,60.68903,-16.087486,6.8512173,5.3069577
1696338514294497766,"We know tragedies like the recent shooting in Jacksonville cannot be forever overcome or be fully understood, but there are certain things we can do.
 
We must continue to act. https://t.co/5P4LNpJW0i",en,Retweet,61,11136,2591,4069,1571916.0,2023-08-28 21:46:32,"<a href=""https://www.sprinklr.com"" rel=""nofollow"">The White House</a>",,,video,https://video.twimg.com/amplify_video/1696338419717181440/vid/1080x1920/U_vDdWMJuwxiilZK.mp4?tag=16,joebiden,0.0070843480185964,we know tragedies like the recent shooting in jacksonville cannot be forever overcome or be fully understood but there are certain things we can do we must continue to act,False,-0.2912161164112902,-0.0165975445686555,-61.324448,-45.037163,3.0495517,0.9253715
1662570898296061960,"When young people ask what makes me hopeful for future generations, the answer is simple.

It’s you. https://t.co/KLruBh2Wjq",en,Tweet,51,14408,1845,8038,2035279.0,2023-05-27 17:26:05,"<a href=""https://sproutsocial.com"" rel=""nofollow"">Sprout Social</a>",,,photo,https://pbs.twimg.com/media/FxKjZ3QXoAQ0Pik.jpg,joebiden,0.0070791277264689,when young people ask what makes me hopeful for future generations the answer is simpleits you,False,-0.114973103929827,-0.1525815256163797,-12.95415,-34.822704,4.6116643,4.0138483
1672615660872949761,"MAGA extremists have taken credit for killing Roe v. Wade and are lining up to take on our bedrock freedoms by dictating the health care decisions a woman can make.

We will never back down from protecting a woman’s right to choose. https://t.co/2E3uLTGDju",en,Tweet,93,11822,3115,7030,1671350.0,2023-06-24 10:40:23,"<a href=""https://sproutsocial.com"" rel=""nofollow"">Sprout Social</a>",,,video,https://video.twimg.com/amplify_video/1672615564919881728/vid/1080x1350/dnz7tUtbPCwyioVz.mp4?tag=16,joebiden,0.0070733239596733,maga extremists have taken credit for killing roe v wade and are lining up to take on our bedrock freedoms by dictating the health care decisions a woman can makewe will never back down from protecting a womans right to choose,False,-0.2003481297589585,0.2711541986191184,-16.29518,-74.691124,5.997043,0.6444433
1709729637750693928,"We fixed the income-driven repayment program so borrowers who had been paying on their loans for 20 years get the debt relief they earned. 

Today, I announced that we have approved an additional $9 billion in relief for 125,000 borrowers under that program. https://t.co/0s3JBujUpM",en,Tweet,61,13206,2807,4756,1871032.0,2023-10-04 20:38:05,"<a href=""https://sproutsocial.com"" rel=""nofollow"">Sprout Social</a>",,,photo,https://pbs.twimg.com/media/F7ouBxUWMAAGa9X.jpg,joebiden,0.0070581368998499,we fixed the incomedriven repayment program so borrowers who had been paying on their loans for 20 years get the debt relief they earned today i announced that we have approved an additional 9 billion in relief for 125000 borrowers under that program,False,0.173238492755132,0.0167162335913911,42.089924,59.97045,7.3551188,-1.9533942
1654596583348924416,"House Republicans are holding the economy hostage to try to force cuts to: 

—Health care coverage
—Meals on Wheels
—American manufacturing jobs
—Veterans’ health care
—Education funding

All while making it easier for the rich to cheat on their taxes.",en,Tweet,33,10370,3301,7623,1469375.0,2023-05-05 17:19:01,"<a href=""https://sproutsocial.com"" rel=""nofollow"">Sprout Social</a>",,,,,joebiden,0.0070574223734581,house republicans are holding the economy hostage to try to force cuts to health care coveragemeals on wheelsamerican manufacturing jobsveterans health careeducation fundingall while making it easier for the rich to cheat on their taxes,False,0.0951826335466686,0.4069403228120189,-16.808346,41.583305,8.545312,1.4766631
1696682261339320469,"We will keep standing up to Big Pharma, and we won’t back down. https://t.co/5ECSxN1USA",en,Tweet,97,25640,4141,7106,3633576.0,2023-08-29 20:32:28,"<a href=""https://sproutsocial.com"" rel=""nofollow"">Sprout Social</a>",,,video,https://video.twimg.com/amplify_video/1696682144297373696/vid/1080x1920/j-T7aHjOjeWI4nvt.mp4?tag=16,joebiden,0.0070564094434793,we will keep standing up to big pharma and we wont back down,False,-0.055382796932496,0.1389826812038365,-0.9158383,79.957535,10.584291,1.7091659
1745177453734051976,"After a historic movement for justice in the summer of 2020, I signed the most significant police reform executive order in history. 

Now, Congress has to step up and make it the law of the land.",en,Tweet,43,7920,1497,3015,1122567.0,2024-01-10 15:15:03,"<a href=""https://sproutsocial.com"" rel=""nofollow"">Sprout Social</a>",,,,,joebiden,0.0070552581716726,after a historic movement for justice in the summer of 2020 i signed the most significant police reform executive order in history now congress has to step up and make it the law of the land,False,-0.0713530933251647,0.0287562741591809,-50.674625,-34.365833,3.8992863,1.4636623
1758545821681786896,Join me as I deliver remarks on the reported death of Aleksey Navalny. https://t.co/iIoPq7QKFv,en,Retweet,157,8013,1954,3091,1135756.0,2024-02-16 12:36:10,"<a href=""https://studio.twitter.com"" rel=""nofollow"">Twitter Media Studio</a>",,https://twitter.com/i/broadcasts/1ynJOyzeXblKR,,,joebiden,0.0070552125632618,join me as i deliver remarks on the reported death of aleksey navalny,False,-0.2203159040095723,-0.0903735388981336,-51.671505,19.80891,2.3538902,4.0133786
1673492088195825669,"Some MAGA Republicans in Congress are trying to undo the progress we made in our first two and a half years. They were holding the country hostage over the debt limit unless I would gut the climate provisions in the Inflation Reduction Act. 

I didn't let it happen.",en,Tweet,15,8599,1596,5620,1218923.0,2023-06-26 20:43:00,"<a href=""https://sproutsocial.com"" rel=""nofollow"">Sprout Social</a>",,,,,joebiden,0.0070545883538172,some maga republicans in congress are trying to undo the progress we made in our first two and a half years they were holding the country hostage over the debt limit unless i would gut the climate provisions in the inflation reduction act i didnt let it happen,False,0.0894093595256283,0.2971794660218497,-2.779048,33.000988,8.520297,2.4417293
1648345412938366977,"As the Irish saying goes, “Your feet will bring you where your heart is.”

It was an honor to return to Ireland to celebrate things that bind Ireland and the United States, and recommit ourselves to peace, equity, and dignity. https://t.co/xrkjQRPXDA",en,Tweet,25,7984,1097,2070,1132220.0,2023-04-18 11:19:05,"<a href=""https://sproutsocial.com"" rel=""nofollow"">Sprout Social</a>",,,photo,https://pbs.twimg.com/media/FuAZZpZX0AcGgci.jpg,joebiden,0.0070516330748441,as the irish saying goes your feet will bring you where your heart isit was an honor to return to ireland to celebrate things that bind ireland and the united states and recommit ourselves to peace equity and dignity,False,-0.1772030932203324,-0.237213374171272,-52.31996,13.744549,3.3410797,4.099652
1678784553039659008,"The United States is here today to reaffirm our ironclad commitment to NATO, but also to our Ally Lithuania.
 
Our partnership goes back a long way. And our commitment to Lithuania, to the Baltics, and to NATO has not wavered. https://t.co/0B0zKeqG83",en,Retweet,43,13311,1771,1428,1889664.0,2023-07-11 11:13:22,"<a href=""https://www.sprinklr.com"" rel=""nofollow"">The White House</a>",,,photo,https://pbs.twimg.com/media/F0w9poiXwAIWfdb.jpg,joebiden,0.0070441094289778,the united states is here today to reaffirm our ironclad commitment to nato but also to our ally lithuania our partnership goes back a long way and our commitment to lithuania to the baltics and to nato has not wavered,False,-0.168135301958874,-0.2177124318901601,-56.45622,18.104916,2.1653764,4.316942
1677082748719190018,"Congress needs to step up and pass common-sense gun safety laws to protect our kids and educators. 

Arming teachers is not the answer. Banning assault weapons and high-capacity magazines, and ensuring extensive background checks are part of the answer.",en,Tweet,30,12696,2625,10650,1803264.0,2023-07-06 18:31:00,"<a href=""https://sproutsocial.com"" rel=""nofollow"">Sprout Social</a>",,,,,joebiden,0.0070405664395229,congress needs to step up and pass commonsense gun safety laws to protect our kids and educators arming teachers is not the answer banning assault weapons and highcapacity magazines and ensuring extensive background checks are part of the answer,False,-0.2197932890030984,0.2481906804653608,-62.69866,-33.850082,3.2253506,0.047686793
1720898465352302625,"Too many Americans have lost loved ones or survived the trauma of gun violence.

I know consensus is possible. It's about common sense and reasonable, responsible gun safety measures to protect our children, our families, and our communities.",en,Tweet,33,10640,3708,7863,1513612.0,2023-11-04 16:19:01,"<a href=""https://sproutsocial.com"" rel=""nofollow"">Sprout Social</a>",,,,,joebiden,0.0070295425776222,too many americans have lost loved ones or survived the trauma of gun violencei know consensus is possible its about common sense and reasonable responsible gun safety measures to protect our children our families and our communities,False,-0.2339394709207727,0.0956439859560011,-70.13054,-31.819548,3.178298,0.6595362
1669137143392788482,"Instead of listening to their constituents, Republicans in Congress continue to do the bidding of the gun lobby.",en,Tweet,26,8547,1744,7819,1216127.0,2023-06-14 20:18:00,"<a href=""https://sproutsocial.com"" rel=""nofollow"">Sprout Social</a>",,,,,joebiden,0.0070280488797633,instead of listening to their constituents republicans in congress continue to do the bidding of the gun lobby,False,-0.165804396509401,0.3600880923415578,-67.45715,-40.429356,3.0691285,0.13346995
1676692207569346562,"Our military families represent a link in the chain of honor that stretches back to our founding days. 

You are the backbone of why we are who we are. 

Unbreaking. Unbending. https://t.co/e14MeXHPpf",en,Tweet,16,7108,1173,2063,1012641.0,2023-07-05 16:39:08,"<a href=""https://sproutsocial.com"" rel=""nofollow"">Sprout Social</a>",,,photo,https://pbs.twimg.com/media/F0TNvGcXwAIpW8M.jpg,joebiden,0.0070192694153209,our military families represent a link in the chain of honor that stretches back to our founding days you are the backbone of why we are who we are unbreaking unbending,False,-0.1720391483498595,-0.137666649315363,-27.188915,3.3157861,6.6597505,2.3545566
1694073230351364156,"I’m proud to announce the SAVE plan. It's the most affordable student loan plan ever, reducing the percentage of disposable income you have to pay on your loan.

Education beyond high school should be a ticket to the middle class, not a burden that weighs people down. https://t.co/ocEhppMeWa",en,Tweet,133,12994,3017,4377,1853930.0,2023-08-22 15:45:07,"<a href=""https://sproutsocial.com"" rel=""nofollow"">Sprout Social</a>",,,photo,https://pbs.twimg.com/media/F4KOm7mXMAAQ40p.jpg,joebiden,0.0070088946184591,im proud to announce the save plan its the most affordable student loan plan ever reducing the percentage of disposable income you have to pay on your loaneducation beyond high school should be a ticket to the middle class not a burden that weighs people down,False,0.1301673566776115,0.0918061170225294,44.69265,63.16354,6.9996276,-2.1033723
1712948838787371175,"This morning, I spoke with family members of Americans who are still unaccounted for following the terrorist attack in Israel.

I assured them of my personal commitment to do everything possible to return them to their families.

We won't stop until they're home. https://t.co/ffsEZIb8bp",en,Retweet,94,20527,3636,11548,2929525.0,2023-10-13 17:50:02,"<a href=""https://www.sprinklr.com"" rel=""nofollow"">The White House</a>",,,photo,https://pbs.twimg.com/media/F8Wd4shWAAAOpot.jpg,joebiden,0.0070069379848268,this morning i spoke with family members of americans who are still unaccounted for following the terrorist attack in israeli assured them of my personal commitment to do everything possible to return them to their familieswe wont stop until theyre home,False,-0.2898235111952931,-0.1562296582596256,-84.13421,0.72786164,1.3535234,5.065513
1677688992966352896,"The rate of Americans without health insurance is at an all-time low. Premiums under the Affordable Care Act are $800 less per person than before I took office.

We’re protecting consumers and reducing health care costs without hurting insurance companies, doctors, or hospitals.",en,Tweet,28,8529,1769,3050,1217596.0,2023-07-08 10:40:00,"<a href=""https://sproutsocial.com"" rel=""nofollow"">Sprout Social</a>",,,,,joebiden,0.0070047864809017,the rate of americans without health insurance is at an alltime low premiums under the affordable care act are 800 less per person than before i took officewere protecting consumers and reducing health care costs without hurting insurance companies doctors or hospitals,False,0.2478210887556704,0.1605263329516519,-23.045553,71.1969,10.654388,0.7255772
1651615959222820872,"As we rebuild America, we’re going to continue to buy American.
Every federal project is going to be built by American workers, with American products, creating American jobs.",en,Tweet,25,5820,1019,3884,830989.0,2023-04-27 11:55:04,"<a href=""https://sproutsocial.com"" rel=""nofollow"">Sprout Social</a>",,,,,joebiden,0.0070037028167641,as we rebuild america were going to continue to buy americanevery federal project is going to be built by american workers with american products creating american jobs,False,0.2188606696149393,-0.1172558241502435,37.517372,4.446384,8.85173,6.157344
1712620940180299810,The United States stands with Israel in the aftermath of the acts of sheer evil perpetrated by Hamas. https://t.co/xoQyKRqzEL,en,Tweet,101,28053,3406,8292,4011161.0,2023-10-12 20:07:05,"<a href=""https://sproutsocial.com"" rel=""nofollow"">Sprout Social</a>",,,photo,https://pbs.twimg.com/media/F8RzpvTXAAANqRe.jpg,joebiden,0.0069937357288824,the united states stands with israel in the aftermath of the acts of sheer evil perpetrated by hamas,False,-0.3171832985836776,-0.1934385539596409,-72.94912,3.7769718,1.3480027,4.3114624
1652407407488770050,"The Inflation Reduction Act will cap out-of-pocket costs for seniors on Medicare at a maximum of $2,000 a year. This is a game-changer.",en,Tweet,41,9890,1741,2901,1415036.0,2023-04-29 16:20:00,"<a href=""https://sproutsocial.com"" rel=""nofollow"">Sprout Social</a>",,,,,joebiden,0.0069892214756373,the inflation reduction act will cap outofpocket costs for seniors on medicare at a maximum of 2000 a year this is a gamechanger,False,0.1883920819295649,0.3752632694776877,-16.96317,84.82347,10.880739,1.6346436
1685021067767627777,"From day one, we have taken unprecedented action to combat the climate crisis causing record heat and extreme weather. The American Rescue Plan is helping states and cities promote energy efficiency, reduce flooding, and open cooling centers.",en,Tweet,20,8064,1572,3391,1155257.0,2023-07-28 16:15:03,"<a href=""https://sproutsocial.com"" rel=""nofollow"">Sprout Social</a>",,,,,joebiden,0.0069802649973122,from day one we have taken unprecedented action to combat the climate crisis causing record heat and extreme weather the american rescue plan is helping states and cities promote energy efficiency reduce flooding and open cooling centers,False,0.0842293481222083,0.0229638508040373,6.8065057,25.938889,8.415158,3.3763115
1728439677282095430,"Small businesses are the engine of our economy and the heart and soul of our communities.

On Small Business Saturday, I encourage you to support the folks in your community by shopping small. https://t.co/aAMT5YTS89",en,Tweet,43,11786,2307,3947,1688725.0,2023-11-25 10:45:06,"<a href=""https://sproutsocial.com"" rel=""nofollow"">Sprout Social</a>",,,photo,https://pbs.twimg.com/media/F_ymtapXoAAys3g.jpg,joebiden,0.0069792298923744,small businesses are the engine of our economy and the heart and soul of our communitieson small business saturday i encourage you to support the folks in your community by shopping small,False,0.0465186476660949,-0.1398994157896186,69.86128,34.34239,10.402899,7.3400455
1736477868769624220,"Trying to make that drive from L.A. to Las Vegas or anywhere in between is a pain in the neck. It can take up to seven hours.

But soon, it won't be. We're investing $3 billion on a rail line so folks can make that trip in just over two hours.",en,Tweet,137,16175,2519,7292,2318789.0,2023-12-17 15:06:00,"<a href=""https://sproutsocial.com"" rel=""nofollow"">Sprout Social</a>",,,,,joebiden,0.0069756239140344,trying to make that drive from la to las vegas or anywhere in between is a pain in the neck it can take up to seven hoursbut soon it wont be were investing 3 billion on a rail line so folks can make that trip in just over two hours,False,0.04593340019964,0.0299190139644371,38.302616,26.734108,8.339232,5.4355583
1675162452512718848,Republican hypocrisy on student debt relief is stunning. https://t.co/t8SZBuzT9D,en,Tweet,100,14723,3554,8891,2113300.0,2023-07-01 11:20:26,"<a href=""https://sproutsocial.com"" rel=""nofollow"">Sprout Social</a>",,,video,https://video.twimg.com/amplify_video/1675162346027614209/vid/1080x1920/78GzVdw_7vwiN233.mp4?tag=16,joebiden,0.006966829129797,republican hypocrisy on student debt relief is stunning,False,-0.0373672623860256,0.2036084399098323,54.251553,60.480736,7.500203,-1.4086664
1696975580200095904,"Trickle-down economics promised prosperity but failed America, especially Black Americans. It has exacerbated inequality and systemic barriers, making it harder to start a business, own a home, send children to school, and retire with dignity.

We're turning things around.",en,Tweet,94,20609,3814,6415,2960141.0,2023-08-30 15:58:01,"<a href=""https://sproutsocial.com"" rel=""nofollow"">Sprout Social</a>",,,,,joebiden,0.0069621683561695,trickledown economics promised prosperity but failed america especially black americans it has exacerbated inequality and systemic barriers making it harder to start a business own a home send children to school and retire with dignitywere turning things around,False,0.2419222758233522,0.0310268122408739,54.34312,2.2287776,10.017717,4.879467
1650890944781205505,"The fight to defeat MAGA extremism is not mine alone. 

It’s all of ours. And if you’re with me, go to https://t.co/V9Mzpw8kB0 and join our campaign. https://t.co/nq2STvGAqO",en,Tweet,46,12785,2179,9135,1839130.0,2023-04-25 11:54:07,"<a href=""https://sproutsocial.com"" rel=""nofollow"">Sprout Social</a>",,http://JoeBiden.com,photo,https://pbs.twimg.com/media/FukkjGFXsAAP-yU.png,joebiden,0.0069516564897533,the fight to defeat maga extremism is not mine alone its all of ours and if youre with me go to  and join our caign,False,-0.206868485007703,-0.0226637585219469,15.437466,-48.22429,6.0123534,3.6198275
1707040000192192940,"If the government shuts down, members of our military will be on duty but not get paid. 

It’s time for these extreme Republicans in the House to start doing the job America elected them to do. Let’s get it done.",en,Tweet,128,22248,4035,15806,3200504.0,2023-09-27 10:30:25,"<a href=""https://sproutsocial.com"" rel=""nofollow"">Sprout Social</a>",,,,,joebiden,0.0069514051536882,if the government shuts down members of our military will be on duty but not get paid its time for these extreme republicans in the house to start doing the job america elected them to do lets get it done,False,-0.0723211212870318,0.2471686890574099,-53.77185,42.43145,8.483522,0.44510305
1665060615000322050,"I just signed into law a bipartisan budget agreement that prevents a first-ever default while reducing the deficit, safeguarding Social Security, Medicare, and Medicaid, and fulfilling our scared obligation to our veterans.
 
Now, we continue the work of building the strongest economy in the world.",en,Retweet,137,29070,4795,4772,4183223.0,2023-06-03 14:19:20,"<a href=""http://twitter.com/download/iphone"" rel=""nofollow"">Twitter for iPhone</a>",,,video,https://video.twimg.com/amplify_video/1665060506850271236/vid/720x1280/CpAHBy9eV3sEDoz5.mp4?tag=14,joebiden,0.0069491872654171,i just signed into law a bipartisan budget agreement that prevents a firstever default while reducing the deficit safeguarding social security medicare and medicaid and fulfilling our scared obligation to our veteransnow we continue the work of building the strongest economy in the world,False,0.2017862163542864,0.0869912605640116,-40.529785,35.77448,7.853728,0.68030775
1657782072960851968,"We are expanding mental health care for our service members and veterans, to better honor our sacred obligation to the troops we send into harm’s way, and to care for them and their families when they are home.",en,Tweet,16,8503,1437,2731,1223996.0,2023-05-14 12:17:00,"<a href=""https://sproutsocial.com"" rel=""nofollow"">Sprout Social</a>",,,,,joebiden,0.0069469181271834,we are expanding mental health care for our service members and veterans to better honor our sacred obligation to the troops we send into harms way and to care for them and their families when they are home,False,-0.0925527151128431,0.0587258558268938,-31.356886,3.3932924,6.7929378,1.8671978
1672733864974745601,"After the Supreme Court's extreme decision to overturn Roe v. Wade, I signed an executive order to safeguard access to health care services like abortion and promote the safety and security of patients, providers, and clinics—but Congress must do more. https://t.co/3re4z4xoni",en,Tweet,38,11028,2050,4039,1587595.0,2023-06-24 18:30:05,"<a href=""https://sproutsocial.com"" rel=""nofollow"">Sprout Social</a>",,,photo,https://pbs.twimg.com/media/Fza-kZHWcAYzC-u.jpg,joebiden,0.0069463559660996,after the supreme courts extreme decision to overturn roe v wade i signed an executive order to safeguard access to health care services like abortion and promote the safety and security of patients providers and clinicsbut congress must do more,False,-0.1533173508716875,0.2458562890861795,-30.754107,-65.18279,5.5959597,0.37580594
1654185878351224836,"217 House Republicans voted to undermine veterans’ health care.

That’s an insult to all the men and women who fought to protect our freedom.",en,Tweet,50,14985,4029,9438,2160755.0,2023-05-04 14:07:01,"<a href=""https://sproutsocial.com"" rel=""nofollow"">Sprout Social</a>",,,,,joebiden,0.0069350759341063,217 house republicans voted to undermine veterans health carethats an insult to all the men and women who fought to protect our freedom,False,-0.1530713396727233,0.4028758412728352,-26.533445,30.722776,7.7893486,1.8080419
1677354326778421270,"I believe that every American willing to work hard should be able to raise their kids on a good paycheck and keep their roots where they grew up. 

That's the American dream. That’s Bidenomics. https://t.co/gLquZdrN0B",en,Tweet,24,8659,1580,6230,1252025.0,2023-07-07 12:30:09,"<a href=""https://sproutsocial.com"" rel=""nofollow"">Sprout Social</a>",,,photo,https://pbs.twimg.com/media/F0co2p5XoBAzY9I.jpg,joebiden,0.0069159960863401,i believe that every american willing to work hard should be able to raise their kids on a good paycheck and keep their roots where they grew up thats the american dream thats bidenomics,False,0.2147329669414992,-0.0933623565284476,49.587948,-6.851218,9.852239,5.399478
1723816438454981076,The future of the automobile industry will be made in America by American union workers.,en,Tweet,39,10115,2051,4846,1473108.0,2023-11-12 16:34:00,"<a href=""https://sproutsocial.com"" rel=""nofollow"">Sprout Social</a>",,,,,joebiden,0.0068664347759974,the future of the automobile industry will be made in america by american union workers,False,0.1398626647788451,-0.0944877901655968,31.724003,-3.6115758,8.481027,6.976181
1662639703764484096,"Earlier this evening, Speaker McCarthy and I reached a budget agreement in principle.
 
It is an important step forward that reduces spending while protecting critical programs for working people and growing the economy for everyone. And, the agreement protects my and Congressional Democrats’ key priorities and legislative accomplishments.
 
The agreement represents a compromise, which means not everyone gets what they want. That’s the responsibility of governing.
 
And, this agreement is good news for the American people, because it prevents what could have been a catastrophic default and would have led to an economic recession, retirement accounts devastated, and millions of jobs lost.
 
Over the next day, our negotiating teams will finalize legislative text and the agreement will go to the United States House and Senate. I strongly urge both chambers to pass the agreement right away.",en,Retweet,292,45584,6965,5223,6643507.0,2023-05-27 21:59:30,"<a href=""https://mobile.twitter.com"" rel=""nofollow"">Twitter Web App</a>",,,,,joebiden,0.0068614362865877,earlier this evening speaker mccarthy and i reached a budget agreement in principle it is an important step forward that reduces spending while protecting critical programs for working people and growing the economy for everyone and the agreement protects my and congressional democrats key priorities and legislative accomplishments the agreement represents a compromise which means not everyone gets what they want thats the responsibility of governing and this agreement is good news for the american people because it prevents what could have been a catastrophic default and would have led to an economic recession retirement accounts devastated and millions of jobs lost over the next day our negotiating teams will finalize legislative text and the agreement will go to the united states house and senate i strongly urge both chambers to pass the agreement right away,False,0.1263790095283971,0.1899292252351398,-42.48362,32.48218,7.931124,0.52334213
1699087543839371572,"We’ve already approved over $116 billion in student debt cancellation for 3.4 million Americans, and we will never stop fighting to deliver relief to borrowers and bring the promise of college to more Americans. https://t.co/Gx5zONL2Tr",en,Tweet,41,10362,1754,5336,1516666.0,2023-09-05 11:50:12,"<a href=""https://sproutsocial.com"" rel=""nofollow"">Sprout Social</a>",,,photo,https://pbs.twimg.com/media/F5RfGYlWMAAhkNY.jpg,joebiden,0.0068320909152047,weve already approved over 116 billion in student debt cancellation for 34 million americans and we will never stop fighting to deliver relief to borrowers and bring the promise of college to more americans,False,0.1046415035203087,0.0275465346458135,46.23653,55.642776,7.366545,-1.6980877
1732799655057002856,"Annual inflation just fell to its lowest level since March 2021 but prices are still too high for too many families. 

That’s why I’m fighting every single day and calling on corporations to lower costs for middle-class families, even as Republicans in Congress focus on lowering taxes for the wealthy and largest corporations.",en,Tweet,51,8265,2255,6687,1210369.0,2023-12-07 11:30:06,"<a href=""https://mobile.twitter.com"" rel=""nofollow"">Twitter Web App</a>",,,,,joebiden,0.0068284961032544,annual inflation just fell to its lowest level since march 2021 but prices are still too high for too many families thats why im fighting every single day and calling on corporations to lower costs for middleclass families even as republicans in congress focus on lowering taxes for the wealthy and largest corporations,False,0.2392161316673303,0.2305217956714221,-5.0481143,56.09179,10.215264,2.345746
1758184147225280952,"We’ve now had more mass shootings in 2024 than there have been days in the year.

It’s unacceptable. 

We must end this senseless epidemic of gun violence tearing us at the seams.",en,Tweet,347,32621,4957,13732,4783453.0,2024-02-15 12:39:00,"<a href=""https://sproutsocial.com"" rel=""nofollow"">Sprout Social</a>",,,,,joebiden,0.0068195506467817,weve now had more mass shootings in 2024 than there have been days in the yearits unacceptable we must end this senseless epidemic of gun violence tearing us at the seams,False,-0.2123924970268592,0.0667959035314623,-72.67025,-29.457146,2.9288983,0.9662298
1671931305649487894,"It’s time to ban assault weapons and high-capacity magazines. 
We did it once before, we can do it again.",en,Tweet,112,28269,4139,24826,4148909.0,2023-06-22 13:21:00,"<a href=""https://sproutsocial.com"" rel=""nofollow"">Sprout Social</a>",,,,,joebiden,0.0068135984664884,its time to ban assault weapons and highcapacity magazines we did it once before we can do it again,False,-0.1528021244867272,0.1516487994887123,-57.627098,-33.445206,3.4562745,0.13343537
1651673848582926340,"Don't miss our campaign strategy call to discuss how far we've come, what we're up against, and how you can play a critical role in this campaign. Sign up to join us tonight at 6:45pm ET: https://t.co/ZbQy5uptE1 https://t.co/wfs0iCWg4y",en,Tweet,30,7088,1201,3164,1040936.0,2023-04-27 15:45:06,"<a href=""https://sproutsocial.com"" rel=""nofollow"">Sprout Social</a>",,http://joe.link/StrategyCall24,photo,https://pbs.twimg.com/media/FuvsmGZWAAELDMX.jpg,joebiden,0.0068092562847283,dont miss our caign strategy call to discuss how far weve come what were up against and how you can play a critical role in this caign sign up to join us tonight at 645pm et,False,-0.1414463547830009,-0.0154695037883461,31.85632,-49.801365,6.1509686,3.9828799
1657441074455904256,"We should be honoring our veterans’ service and sacrifice.

Instead, MAGA Republicans want to make the largest cut to VA benefits in history so the super-wealthy can cheat on their taxes.",en,Tweet,30,11048,2902,10406,1623862.0,2023-05-13 13:42:00,"<a href=""https://sproutsocial.com"" rel=""nofollow"">Sprout Social</a>",,,,,joebiden,0.0068035337978227,we should be honoring our veterans service and sacrificeinstead maga republicans want to make the largest cut to va benefits in history so the superwealthy can cheat on their taxes,False,-0.082078942794242,0.3739254964452028,-24.926994,33.84567,7.995004,1.7754685
1694523163387019283,"Climate change is real, by the way.",en,Tweet,702,173927,26693,31110,25586745.0,2023-08-23 21:32:59,"<a href=""https://sproutsocial.com"" rel=""nofollow"">Sprout Social</a>",,,,,joebiden,0.0067975430247184,climate change is real by the way,False,-0.055671790431346,-0.0270227786886118,2.2013826,29.754114,8.57051,3.4285085
1715489606722801704,"I just spoke with the two Americans released today after being held hostage by Hamas. I let them know that their government will fully support them as they recover and heal.
 
Jill and I will continue holding close in our hearts all the families of unaccounted for Americans. https://t.co/oXk6gfrD8M",en,Retweet,113,24452,3942,14111,3599312.0,2023-10-20 18:06:09,"<a href=""http://twitter.com/download/iphone"" rel=""nofollow"">Twitter for iPhone</a>",,,photo,https://pbs.twimg.com/media/F86ksgLXMAA3Fz0.jpg,joebiden,0.0067935205394808,i just spoke with the two americans released today after being held hostage by hamas i let them know that their government will fully support them as they recover and healjill and i will continue holding close in our hearts all the families of unaccounted for americans,False,-0.235933143712651,-0.2102092180286783,-88.434685,0.28233227,1.4016411,5.3983064
1709267300166095081,"The Americans with Disabilities Act and the Rehabilitation Act are a testament to our character as a nation, but these laws did not bring an end to the work we need to do. 

Americans with disabilities are still three times less likely to have a job, and they are too often unable to vote, get to and from work and school, and enjoy public spaces—but we’re continuing to make progress.",en,Tweet,16,4736,1047,727,697351.0,2023-10-03 14:00:55,"<a href=""https://mobile.twitter.com"" rel=""nofollow"">Twitter Web App</a>",,,,,joebiden,0.0067914149402524,the americans with disabilities act and the rehabilitation act are a testament to our character as a nation but these laws did not bring an end to the work we need to do americans with disabilities are still three times less likely to have a job and they are too often unable to vote get to and from work and school and enjoy public spacesbut were continuing to make progress,False,0.0261492624091889,-0.0383948901045008,-32.700447,-34.57393,4.124691,2.6304142
1706760862256554302,"We could be facing a government shutdown if Republicans in the House don’t do their job.

Speaker McCarthy and I came to an agreement on spending levels for the government a few months ago.

But now, House Republicans refuse to stand up to the extremists in their party—and everyone in America could be forced to pay the price.",en,Tweet,91,21054,4746,8956,3102349.0,2023-09-26 16:01:14,"<a href=""https://mobile.twitter.com"" rel=""nofollow"">Twitter Web App</a>",,,,,joebiden,0.0067864705099265,we could be facing a government shutdown if republicans in the house dont do their jobspeaker mccarthy and i came to an agreement on spending levels for the government a few months agobut now house republicans refuse to stand up to the extremists in their partyand everyone in america could be forced to pay the price,False,-0.0628452676845252,0.323430394173128,-53.220074,42.13575,8.397479,0.71360004
1715388260673863977,"In moments like these—when fears, suspicion, anger, and rage run high—we have to work harder than ever to hold on to the values that make us who we are. https://t.co/TuuRHaC14L",en,Tweet,47,8906,1750,5652,1313675.0,2023-10-20 11:23:26,"<a href=""https://sproutsocial.com"" rel=""nofollow"">Sprout Social</a>",,,video,https://video.twimg.com/amplify_video/1715388154050433024/vid/avc1/1080x1920/Qpelb83GHr67Z9Xq.mp4?tag=16,joebiden,0.0067794545835157,in moments like thesewhen fears suspicion anger and rage run highwe have to work harder than ever to hold on to the values that make us who we are,False,-0.2417107551411445,-0.1167835489534537,-46.737923,-10.832979,3.349939,3.4572885
1678173938675855360,"Growing the economy by creating jobs.
Lowering costs for hardworking families
Making smart investments in America.

That’s Bidenomics.",en,Tweet,21,9700,1693,5567,1431012.0,2023-07-09 18:47:00,"<a href=""https://sproutsocial.com"" rel=""nofollow"">Sprout Social</a>",,,,,joebiden,0.006778419747703,growing the economy by creating jobslowering costs for hardworking familiesmaking smart investments in americathats bidenomics,False,0.4724225426089358,-0.0830776044432706,62.285664,4.5681543,10.116269,5.0686555
1695885177577214186,"Jill and I are praying for the victims, their families, and the people of Jacksonville following yesterday’s shooting.

As we continue searching for answers, we must say clearly and forcefully that white supremacy has no place in America. 

Here’s my full statement. https://t.co/tdxxnZnPGk",en,Retweet,216,27438,6933,9294,4051985.0,2023-08-27 15:45:09,"<a href=""https://www.sprinklr.com"" rel=""nofollow"">The White House</a>",,,photo,https://pbs.twimg.com/media/F4j-lFlXwAAec3f.jpg,joebiden,0.0067714959458142,jill and i are praying for the victims their families and the people of jacksonville following yesterdays shootingas we continue searching for answers we must say clearly and forcefully that white supremacy has no place in america heres my full statement,False,-0.3044741863728563,-0.0646171729974427,-75.81007,-25.683405,2.6922174,1.6417567
1658196835868049409,Students and educators deserve better than this. https://t.co/SDVXScLNL5,en,Tweet,87,20372,5516,12156,3021767.0,2023-05-15 15:45:08,"<a href=""https://sproutsocial.com"" rel=""nofollow"">Sprout Social</a>",,,photo,https://pbs.twimg.com/media/FwMZN7YXwAcpFYn.jpg,joebiden,0.0067417507703274,students and educators deserve better than this,False,-0.1580535632527275,0.0566921523156399,-6.9688363,-2.6816826,3.9257312,4.4997425
1715821279591199029,"We must, without equivocation, denounce antisemitism and Islamophobia. https://t.co/JeTYzXw3t2",en,Tweet,95,17057,2997,10904,2530063.0,2023-10-21 16:04:06,"<a href=""https://sproutsocial.com"" rel=""nofollow"">Sprout Social</a>",,,photo,https://pbs.twimg.com/media/F8_SV_OWoAAZz2V.jpg,joebiden,0.0067417293561464,we must without equivocation denounce antisemitism and islamophobia,False,-0.3099886081616592,-0.0782675116839289,-53.28617,-4.20143,2.4792569,3.0594547
1676958073817272320,Bidenomics means the industries of the future are going to grow right here at home. We've already had $490 billion in private investment commitments from U.S. companies and companies coming to America.,en,Tweet,19,5803,1205,2007,861573.0,2023-07-06 10:15:35,"<a href=""https://sproutsocial.com"" rel=""nofollow"">Sprout Social</a>",,,,,joebiden,0.0067353549844296,bidenomics means the industries of the future are going to grow right here at home weve already had 490 billion in private investment commitments from us companies and companies coming to america,False,0.4012814174727191,-0.1589613111288671,62.651497,-1.6868148,10.00128,5.514791
1653527034008674304,We reduced the cost of insulin from hundreds of dollars a month to $35 a month for anyone on Medicare. Let’s lower prescription drug costs for all Americans.,en,Tweet,15,7828,1214,3823,1163068.0,2023-05-02 18:29:00,"<a href=""https://sproutsocial.com"" rel=""nofollow"">Sprout Social</a>",,,,,joebiden,0.0067304749163419,we reduced the cost of insulin from hundreds of dollars a month to 35 a month for anyone on medicare lets lower prescription drug costs for all americans,False,0.1889140586742372,0.2744806403001572,-14.1655655,83.8302,11.061316,1.455077
1753913802138026376,"The last guy had the worst jobs record since the Great Depression.

Our record is a little different. https://t.co/yKWSrrUHkg",en,Tweet,1322,59813,14867,30392,8897821.0,2024-02-03 17:50:11,"<a href=""https://sproutsocial.com"" rel=""nofollow"">Sprout Social</a>",,,video,https://video.twimg.com/amplify_video/1753913758554951680/vid/avc1/1080x1920/pepmpXG7eruimGP5.mp4?tag=16,joebiden,0.0067222076056598,the last guy had the worst jobs record since the great depressionour record is a little different,False,0.2381785824273879,-0.1763122284842196,86.23087,0.489473,10.811256,6.5279045
1715740319772295519,"Judith and Natalie, I’m so glad you’re coming home. https://t.co/c7az0PcYXn",en,Retweet,128,15564,2810,5578,2316636.0,2023-10-21 10:42:23,"<a href=""https://www.sprinklr.com"" rel=""nofollow"">The White House</a>",,,video,https://video.twimg.com/amplify_video/1715740227711455232/vid/avc1/1080x1920/XyGV23o-WtgRlwzy.mp4?tag=16,joebiden,0.0067183623150119,judith and natalie im so glad youre coming home,False,-0.2010911485605141,-0.1481832985436421,10.018525,-4.773113,3.356299,5.0614147
1721665767517630656,"We’ve made record-breaking progress in expanding health care coverage and lowering costs for American families, saving them money and giving more Americans the peace of mind that comes with affordable health insurance.",en,Tweet,34,8139,1799,5195,1212791.0,2023-11-06 18:08:00,"<a href=""https://sproutsocial.com"" rel=""nofollow"">Sprout Social</a>",,,,,joebiden,0.0067109666875826,weve made recordbreaking progress in expanding health care coverage and lowering costs for american families saving them money and giving more americans the peace of mind that comes with affordable health insurance,False,0.2390966973919678,0.1441535076079431,-24.049292,69.95727,10.554154,0.71549386
1677714662358495233,"From including funding for after-school and summer programs to hiring more teachers, counselors, and school psychologists, our American Rescue Plan helped deliver critical support for schools.",en,Tweet,11,5988,1121,1456,893321.0,2023-07-08 12:22:00,"<a href=""https://sproutsocial.com"" rel=""nofollow"">Sprout Social</a>",,,,,joebiden,0.0067030776171163,from including funding for afterschool and summer programs to hiring more teachers counselors and school psychologists our american rescue plan helped deliver critical support for schools,False,0.1048952971492322,0.0519641730239564,-35.148926,1.6870204,4.899685,1.512525
1713282453429715210,"The families of unaccounted for Americans following the terrorist attack on Israel are going through the unthinkable.
 
I gave them my word:
 
We are not walking away from them. https://t.co/kVTl8kqURJ",en,Retweet,131,20351,4451,11854,3039496.0,2023-10-14 15:55:42,"<a href=""https://www.sprinklr.com"" rel=""nofollow"">The White House</a>",,,video,https://video.twimg.com/amplify_video/1713282343199191041/vid/avc1/1920x1080/kRaR4ABQU8zRa7LY.mp4?tag=16,joebiden,0.0066955179411323,the families of unaccounted for americans following the terrorist attack on israel are going through the unthinkable i gave them my word we are not walking away from them,False,-0.3103420873482032,-0.1093259326345626,-83.999954,0.37178972,1.5025886,4.9868073
1652446161720995840,Let’s give public school teachers a raise.,en,Tweet,184,70313,8272,16736,10535484.0,2023-04-29 18:54:00,"<a href=""https://sproutsocial.com"" rel=""nofollow"">Sprout Social</a>",,,,,joebiden,0.0066739221472881,lets give public school teachers a raise,False,0.012894760536784,0.1141053662925027,-5.595591,-1.8288279,3.8426802,4.728466
1745883379025801589,"Starting next month, borrowers enrolled in SAVE who took out less than $12,000 in loans and have been in repayment for 10 years will get their remaining student debt canceled immediately.

It’s part of our ongoing efforts to act quickly to give more borrowers breathing room.",en,Tweet,121,9774,2014,3695,1465810.0,2024-01-12 14:00:09,"<a href=""https://sproutsocial.com"" rel=""nofollow"">Sprout Social</a>",,,,,joebiden,0.0066679856188728,starting next month borrowers enrolled in save who took out less than 12000 in loans and have been in repayment for 10 years will get their remaining student debt canceled immediatelyits part of our ongoing efforts to act quickly to give more borrowers breathing room,False,0.0968473110275374,0.1212882808973712,43.676605,64.22833,7.3359027,-2.1893356
1687593550655950848,This is no accident—it’s Bidenomics at work. https://t.co/7iDQMXhdNp,en,Tweet,92,15194,3518,4990,2280368.0,2023-08-04 18:37:11,"<a href=""https://sproutsocial.com"" rel=""nofollow"">Sprout Social</a>",,,video,https://video.twimg.com/amplify_video/1687593507202969600/vid/1080x1080/GPWboCUNoPcOYQ4d.mp4?tag=16,joebiden,0.0066629596626509,this is no accidentits bidenomics at work,False,0.2923794848149925,-0.0908939472511865,69.60052,-11.283077,10.916031,5.045648
1759820828324037041,Introducing Fujifilm X100VI 📸  The camera we've all been waiting for. https://t.co/LmcAiG77Oq,en,Tweet,89,498,86,10,74967.0,2024-02-20 01:02:36,"<a href=""https://sproutsocial.com"" rel=""nofollow"">Sprout Social</a>",,,video,https://video.twimg.com/amplify_video/1759820722090704896/vid/avc1/1280x720/-S1LxU2rVCWzOS3i.mp4?tag=14,joebiden,0.0066429228860698,introducing fujifilm x100vi   the camera weve all been waiting for,False,-0.1026510598933947,-0.1259519869375916,40.48823,-49.55543,6.0375357,5.5011253
1648129246416519169,"It is within Congress’ power to require safe storage of firearms, require background checks for all gun sales, eliminate gun manufacturers’ immunity from liability, and ban assault weapons and high-capacity magazines—and this should happen without delay.",en,Tweet,35,11171,2571,6612,1683409.0,2023-04-17 21:00:07,"<a href=""https://sproutsocial.com"" rel=""nofollow"">Sprout Social</a>",,,,,joebiden,0.0066359393350041,it is within congress power to require safe storage of firearms require background checks for all gun sales eliminate gun manufacturers immunity from liability and ban assault weapons and highcapacity magazinesand this should happen without delay,False,-0.1520813541311888,0.2871380827485511,-59.790985,-31.89336,3.2269242,-0.09762625
1702781874400018750,Here’s what MAGAnomics is all about. https://t.co/ECHcWXmjWV,en,Tweet,85,14825,4234,7962,2234705.0,2023-09-15 16:30:09,"<a href=""https://sproutsocial.com"" rel=""nofollow"">Sprout Social</a>",,,photo,https://pbs.twimg.com/media/F6F_Et6XYAAxX9E.jpg,joebiden,0.0066339852463748,heres what maganomics is all about,False,0.2455518280268706,-0.041472226950493,64.73914,-16.151098,10.68356,4.607312
1712558787695886847,"We have to be crystal clear: There is no justification for terrorism. 

My commitment to Israel’s security and the safety of Jewish people is unshakable. The United States has Israel’s back.",en,Tweet,121,28801,4094,10651,4344145.0,2023-10-12 16:00:07,"<a href=""https://sproutsocial.com"" rel=""nofollow"">Sprout Social</a>",,,,,joebiden,0.0066298431567086,we have to be crystal clear there is no justification for terrorism my commitment to israels security and the safety of jewish people is unshakable the united states has israels back,False,-0.2946764969045213,-0.1332618617111826,-73.37482,0.55346376,1.5575163,4.1505747
1674872653725720578,"Today, the Supreme Court sided with Republican elected officials, blocking relief to over 40 million working and middle-class Americans.

I believe the Court’s decision is wrong – I will not stop fighting to deliver relief to borrowers who need it the most.",en,Retweet,66,15593,2718,8753,2353283.0,2023-06-30 16:08:52,"<a href=""https://www.sprinklr.com"" rel=""nofollow"">The White House</a>",,,,,joebiden,0.006626062398785,today the supreme court sided with republican elected officials blocking relief to over 40 million working and middleclass americansi believe the courts decision is wrong  i will not stop fighting to deliver relief to borrowers who need it the most,False,-0.0123215215632536,0.1947730820094149,39.71268,52.64783,7.153222,-1.42064
1698356427130101928,"We are delivering on our promise to fix problems in the student loan system. 

We’ve already approved over $116 billion in debt cancellation for 3.4 million Americans, no matter how many lawsuits or challenges Republican elected officials or special interests put in our way.",en,Tweet,57,12014,2028,6727,1814333.0,2023-09-03 11:25:00,"<a href=""https://sproutsocial.com"" rel=""nofollow"">Sprout Social</a>",,,,,joebiden,0.0066217171820167,we are delivering on our promise to fix problems in the student loan system weve already approved over 116 billion in debt cancellation for 34 million americans no matter how many lawsuits or challenges republican elected officials or special interests put in our way,False,0.1509693627265999,0.0860709913241321,46.69177,55.581932,7.4340596,-1.6627029
1706337898612625897,"We overcame relentless opposition from the gun lobby, gun manufacturers, and many politicians against common sense gun legislation and passed the most significant gun safety bill in three decades.

We’re not stopping there: It’s time to ban assault weapons and high-capacity magazines.",en,Tweet,51,11626,2281,5560,1759711.0,2023-09-25 12:00:31,"<a href=""https://mobile.twitter.com"" rel=""nofollow"">Twitter Web App</a>",,,,,joebiden,0.0066067666793013,we overcame relentless opposition from the gun lobby gun manufacturers and many politicians against common sense gun legislation and passed the most significant gun safety bill in three decadeswere not stopping there its time to ban assault weapons and highcapacity magazines,False,-0.1306084475134252,0.1908155154046899,-54.626072,-33.67876,3.6465397,0.41127288
1733528236884115769,"The economy created 199,000 jobs in November, for a total of over 14 million jobs since I took office. 

That’s more than 14 million additional Americans who know the dignity and peace of mind that comes with a paycheck. https://t.co/E0DmkRY3HA",en,Tweet,84,5458,1384,4858,828459.0,2023-12-09 11:45:13,"<a href=""https://sproutsocial.com"" rel=""nofollow"">Sprout Social</a>",,,video,https://video.twimg.com/amplify_video/1733528193502478336/vid/avc1/1080x1920/0mN64rFc3c9XbLle.mp4?tag=16,joebiden,0.0065881353211202,the economy created 199000 jobs in november for a total of over 14 million jobs since i took office thats more than 14 million additional americans who know the dignity and peace of mind that comes with a paycheck,False,0.3184908424974328,-0.2125963157386723,80.06137,5.3811636,11.029344,6.877536
1683612294821953538,"Bidenomics is about increasing competition. 

When companies have to compete, it means lower prices, fairer wages, and more innovation. https://t.co/V9jhpGad06",en,Tweet,17,7940,1568,3083,1206557.0,2023-07-24 18:57:05,"<a href=""https://sproutsocial.com"" rel=""nofollow"">Sprout Social</a>",,,photo,https://pbs.twimg.com/media/F11kcUmWcAEe1_z.jpg,joebiden,0.0065807085782105,bidenomics is about increasing competition when companies have to compete it means lower prices fairer wages and more innovation,False,0.377663987657881,-0.0486807832145475,63.862793,4.5832696,10.170978,5.1719623
1737630463236178175,"Trump poses many threats to our country: The right to choose, civil rights, voting rights, and America’s standing in the world. 

But the greatest threat he poses is to our democracy. 

If we lose that, we lose everything.",en,Tweet,1021,58120,12869,48503,8834241.0,2023-12-20 19:26:00,"<a href=""https://sproutsocial.com"" rel=""nofollow"">Sprout Social</a>",,,,,joebiden,0.006578946623711,trump poses many threats to our country the right to choose civil rights voting rights and americas standing in the world but the greatest threat he poses is to our democracy if we lose that we lose everything,True,-0.1387423046570431,0.1120704082167365,1.1193736,-56.993767,5.8855376,2.2074945
1737867427034124794,"We will continue fighting to expand health coverage and lower prescription drug costs for all—because every family deserves the dignity and peace of mind that comes with health insurance. 

Visit https://t.co/Ehx4n5mqQN before January 16 to sign up for health coverage for this coming year.",en,Tweet,14,3794,892,1563,579084.0,2023-12-21 11:07:37,"<a href=""https://mobile.twitter.com"" rel=""nofollow"">Twitter Web App</a>",,http://HealthCare.gov,,,joebiden,0.006551726519814,we will continue fighting to expand health coverage and lower prescription drug costs for allbecause every family deserves the dignity and peace of mind that comes with health insurance visit  before january 16 to sign up for health coverage for this coming year,False,-0.0451970948351367,0.173327066393943,-29.54427,69.426765,10.397381,0.72327155
1721611433480237528,Today's historic investment in the Northeast Corridor brings America one step closer to 21st Century rail system. https://t.co/rq6uEvjeTR,en,Retweet,110,9129,3017,3367,1395090.0,2023-11-06 14:32:06,"<a href=""https://www.sprinklr.com"" rel=""nofollow"">The White House</a>",,,video,https://video.twimg.com/amplify_video/1721611286398513152/vid/avc1/1080x1920/JLucjUDE5Ymfv8Ao.mp4?tag=16,joebiden,0.0065436638496441,todays historic investment in the northeast corridor brings america one step closer to 21st century rail system,False,0.1114594458183342,-0.1212366932323042,40.032433,24.386425,8.495741,5.4903574
1674066408903155719,"Bidenomics is working.

The unemployment rate has been under 4% for 16 months in a row. The last time our nation had such a long stretch of low unemployment was in the 1960s. https://t.co/kDA7CYIB4c",en,Tweet,139,28792,5897,17272,4412839.0,2023-06-28 10:45:09,"<a href=""https://sproutsocial.com"" rel=""nofollow"">Sprout Social</a>",,,photo,https://pbs.twimg.com/media/Fzt6gpcWcAMQYxq.jpg,joebiden,0.0065245978835846,bidenomics is workingthe unemployment rate has been under 4 for 16 months in a row the last time our nation had such a long stretch of low unemployment was in the 1960s,False,0.4641977537924584,-0.2170541287492471,73.43436,13.971183,11.340126,5.9875584
1674953469025714177,"By freeing millions of Americans from the crushing burden of student debt:

More homes would have been bought.
More businesses would have been started.
More couples would have had the confidence to start families.

The Republican elected officials who sued us blocked all of it.",en,Retweet,188,31735,5821,19609,4866460.0,2023-06-30 21:30:00,"<a href=""https://www.sprinklr.com"" rel=""nofollow"">The White House</a>",,,,,joebiden,0.006521167337243,by freeing millions of americans from the crushing burden of student debtmore homes would have been boughtmore businesses would have been startedmore couples would have had the confidence to start familiesthe republican elected officials who sued us blocked all of it,False,0.1360586169755566,0.2122110538922058,49.5091,56.50658,7.475417,-1.424124
1715157217542844927,"As I told the families of Americans being held captive by Hamas, we are pursuing every avenue to bring their loved ones home. 

As president, there is no higher priority for me than the safety of Americans held hostage.",en,Tweet,17,5675,915,2044,870354.0,2023-10-19 20:05:21,"<a href=""https://mobile.twitter.com"" rel=""nofollow"">Twitter Web App</a>",,,,,joebiden,0.0065203354037552,as i told the families of americans being held captive by hamas we are pursuing every avenue to bring their loved ones home as president there is no higher priority for me than the safety of americans held hostage,False,-0.1924723576589256,-0.108841045345254,-86.97182,1.6094754,1.2016491,5.4289265
1717953065066619059,"The unemployment rate has been below 4% for 20 months in a row, real wages are up over the last year, and median wealth for American families has grown by a record amount, accounting for inflation.

I hope Republicans in Congress will join me in working to build on this progress.",en,Tweet,38,11723,2609,10455,1801311.0,2023-10-27 13:15:03,"<a href=""https://sproutsocial.com"" rel=""nofollow"">Sprout Social</a>",,,,,joebiden,0.0065080377569448,the unemployment rate has been below 4 for 20 months in a row real wages are up over the last year and median wealth for american families has grown by a record amount accounting for inflationi hope republicans in congress will join me in working to build on this progress,False,0.3507898739957505,-0.0202987779610043,78.049225,16.150368,11.514166,6.0913806
1710673450283540915,"Today, I spoke with @IsraeliPM about the appalling Hamas terrorist attacks in Israel. I offered our support and reiterated my unwavering commitment to Israel’s security. @FLOTUS and I express our heartfelt condolences to the families who have lost loved ones.",en,Retweet,326,56007,9422,17579,8637284.0,2023-10-07 11:08:27,"<a href=""https://www.sprinklr.com"" rel=""nofollow"">The White House</a>",,,,,joebiden,0.0064843300278189,today i spoke with israelipm about the appalling hamas terrorist attacks in israel i offered our support and reiterated my unwavering commitment to israels security flotus and i express our heartfelt condolences to the families who have lost loved ones,False,-0.3352975281689234,-0.1766257274707854,-78.28789,2.2708144,1.1648464,4.638956
1714023436559782226,"From day one, I vowed to strengthen Medicare for the millions of Americans that have paid into this program from their very first paycheck. 

During Medicare open enrollment, seniors and their families will be able to see the progress we’ve made in lowering health care costs.",en,Tweet,14,7584,2204,2688,1172780.0,2023-10-16 17:00:06,"<a href=""https://sproutsocial.com"" rel=""nofollow"">Sprout Social</a>",,,,,joebiden,0.006466685993963,from day one i vowed to strengthen medicare for the millions of americans that have paid into this program from their very first paycheck during medicare open enrollment seniors and their families will be able to see the progress weve made in lowering health care costs,False,0.1502340833301756,0.1722183988498613,-23.9484,68.26942,10.001797,0.8969178
1699219866069213374,"Over 340,000 veteran survivors are already benefiting from the PACT Act just one year after it was signed. Veterans are getting the care they deserve in every corner of the country.",en,Tweet,16,5157,1098,1126,797982.0,2023-09-05 20:36:00,"<a href=""https://sproutsocial.com"" rel=""nofollow"">Sprout Social</a>",,,,,joebiden,0.0064625517868824,over 340000 veteran survivors are already benefiting from the pact act just one year after it was signed veterans are getting the care they deserve in every corner of the country,False,0.0441487570961751,0.1416839184665563,-39.77918,47.176334,7.3618817,1.6869543
1666529715581079566,"We capped the cost of insulin at $35 a month for seniors on Medicare last year. Now, all three of the leading insulin producers in America have agreed to substantially reduce their prices.",en,Tweet,15,6226,1010,2215,965518.0,2023-06-07 15:37:01,"<a href=""https://sproutsocial.com"" rel=""nofollow"">Sprout Social</a>",,,,,joebiden,0.0064483520762947,we capped the cost of insulin at 35 a month for seniors on medicare last year now all three of the leading insulin producers in america have agreed to substantially reduce their prices,False,0.1802758300009985,0.2584679751297296,-14.383646,84.19809,11.194728,1.542831
1691804694677540939,"In the year since I signed the Inflation Reduction Act into law, we brought down inflation, lowered energy and health care costs, and made corporations pay their fair share.

We’re just getting started. https://t.co/lJI6vYcKhd",en,Tweet,53,12300,2693,8992,1910252.0,2023-08-16 09:30:46,"<a href=""https://sproutsocial.com"" rel=""nofollow"">Sprout Social</a>",,,video,https://video.twimg.com/amplify_video/1691804515236810752/vid/1080x1920/2FRuDjIUidpx0Z4L.mp4?tag=16,joebiden,0.0064389410402397,in the year since i signed the inflation reduction act into law we brought down inflation lowered energy and health care costs and made corporations pay their fair sharewere just getting started,False,0.3433415679905135,0.0841399185838136,3.1000662,55.88847,10.138199,2.794762
1756679486811111519,"1987 with my boys.
 
This Super Bowl Sunday, I hope you can take part in the age-old American traditions of eating great food, gathering with great friends, and watching a great game. https://t.co/HNYvqpEg9P",en,Retweet,1905,123847,11690,11973,19246727.0,2024-02-11 09:00:01,"<a href=""https://www.sprinklr.com"" rel=""nofollow"">The White House</a>",,,photo,https://pbs.twimg.com/media/GGD6rlMWcAEs0IB.jpg,joebiden,0.0064347044565031,1987 with my boys this super bowl sunday i hope you can take part in the ageold american traditions of eating great food gathering with great friends and watching a great game,False,-0.1363337034148268,-0.1044104089590616,-5.7939625,-17.83095,4.825575,5.5182886
1736184182093594997,"While Congressional Republicans fight for the wealthy and big corporations, leaving hardworking families to pay the price, I’ll keep fighting to bring down costs and grow our economy with a strong middle class.",en,Tweet,28,7049,1562,4442,1095632.0,2023-12-16 19:39:00,"<a href=""https://sproutsocial.com"" rel=""nofollow"">Sprout Social</a>",,,,,joebiden,0.0064337295734334,while congressional republicans fight for the wealthy and big corporations leaving hardworking families to pay the price ill keep fighting to bring down costs and grow our economy with a strong middle class,False,0.1801348009430663,0.2844494040684784,-7.544319,56.18596,9.589316,2.0258305
1711491436011504088,"As we continue to account for the horrors of the terrorist assault against Israel this weekend and the hundreds of civilians murdered, we are seeing the immense scale and reach of this tragedy.

Sadly, we now know that at least 11 American citizens were among those killed. https://t.co/64GmhuoRob",en,Retweet,139,21792,4576,8453,3389120.0,2023-10-09 17:18:50,"<a href=""https://www.sprinklr.com"" rel=""nofollow"">The White House</a>",,,photo,https://pbs.twimg.com/media/F8BwYz2XsAA7ZzF.jpg,joebiden,0.0064299877254272,as we continue to account for the horrors of the terrorist assault against israel this weekend and the hundreds of civilians murdered we are seeing the immense scale and reach of this tragedysadly we now know that at least 11 american citizens were among those killed,False,-0.3169885635965107,-0.1336550006190614,-82.783005,-0.35719332,1.4045768,4.885996
1678136210210930693,"This week, we issued a new rule to crack down on health insurance plans that seem inexpensive but stick consumers with hidden fees.

Under our rule, short-term plans must be four months or less, and insurance companies must provide a disclaimer about what is and is not covered. https://t.co/ZfSXRdFnQL",en,Tweet,21,8298,1668,2222,1291041.0,2023-07-09 16:17:05,"<a href=""https://sproutsocial.com"" rel=""nofollow"">Sprout Social</a>",,,photo,https://pbs.twimg.com/media/F0nv-RAWYAITDZM.jpg,joebiden,0.0064273714002886,this week we issued a new rule to crack down on health insurance plans that seem inexpensive but stick consumers with hidden feesunder our rule shortterm plans must be four months or less and insurance companies must provide a disclaimer about what is and is not covered,False,0.0668521662893452,0.2029995032853888,17.02783,67.075516,11.530253,2.2007887
1689351593911521280,"The CHIPS and Science Act is investing $52 billion to supercharge our efforts to make semiconductors in America. 

It’s stimulating an enormous response, unlocking hundreds of billions of dollars in private-sector investments across the country.",en,Tweet,18,4046,785,708,629997.0,2023-08-09 15:03:01,"<a href=""https://sproutsocial.com"" rel=""nofollow"">Sprout Social</a>",,,,,joebiden,0.0064222528043784,the chips and science act is investing 52 billion to supercharge our efforts to make semiconductors in america its stimulating an enormous response unlocking hundreds of billions of dollars in privatesector investments across the country,False,0.2563543161624471,0.0098562282685266,45.205933,33.58813,8.97054,4.4476757
1710766686343713080,Let there be no mistake: the United States stands with the State of Israel. https://t.co/lRbPLflhzc,en,Tweet,397,57356,8428,15051,8957100.0,2023-10-07 17:18:57,"<a href=""https://sproutsocial.com"" rel=""nofollow"">Sprout Social</a>",,,video,https://video.twimg.com/amplify_video/1710766599953620992/vid/avc1/1080x1920/BcKlbDsoC3utSU7Q.mp4?tag=16,joebiden,0.0064034118185573,let there be no mistake the united states stands with the state of israel,False,-0.2464967597528005,-0.2144442967322122,-72.45143,2.8513467,1.5426806,4.335371
1692630199622341111,"Bidenomics is about growing the economy by strengthening the middle class and making things in America again.

It’s a stark contrast to MAGA Republicans who are only focused on corporate profits.",en,Tweet,38,9320,1875,8258,1455701.0,2023-08-18 16:11:01,"<a href=""https://sproutsocial.com"" rel=""nofollow"">Sprout Social</a>",,,,,joebiden,0.0064024136824801,bidenomics is about growing the economy by strengthening the middle class and making things in america againits a stark contrast to maga republicans who are only focused on corporate profits,False,0.364660588312841,0.0120729819802055,57.534565,1.4403956,10.260189,4.9022927
1697028958829609456,"Thanks to the Inflation Reduction Act, we’re taking on Big Pharma and special interests, overcoming opposition from every Republican in Congress.

Prices on negotiated drugs will decrease for up to 9 million seniors. https://t.co/4wFK6t2CLo",en,Tweet,34,13315,2316,2786,2080330.0,2023-08-30 19:30:07,"<a href=""https://sproutsocial.com"" rel=""nofollow"">Sprout Social</a>",,,photo,https://pbs.twimg.com/media/F40O090XkAABGz5.jpg,joebiden,0.0064004268553546,thanks to the inflation reduction act were taking on big pharma and special interests overcoming opposition from every republican in congressprices on negotiated drugs will decrease for up to 9 million seniors,False,0.2337515545101177,0.3529801116869037,-9.009047,71.096,10.409086,1.8231359
1658189261529571355,"We passed the PACT Act to help millions of veterans who were exposed to toxic substances during their military service.

Now, Republican members of Congress want to cut veterans’ programs, resulting in tens of millions fewer health care visits and putting our progress in danger.",en,Tweet,13,5755,1521,2714,899548.0,2023-05-15 15:15:02,"<a href=""https://sproutsocial.com"" rel=""nofollow"">Sprout Social</a>",,,,,joebiden,0.0063976574902061,we passed the pact act to help millions of veterans who were exposed to toxic substances during their military servicenow republican members of congress want to cut veterans programs resulting in tens of millions fewer health care visits and putting our progress in danger,False,-0.0581451225245976,0.4265142030677302,-38.010372,46.42067,7.6598625,1.7409514
1658471867022467077,"My plan cuts wasteful spending on Big Oil and Big Pharma. 

MAGA Republicans’ bill cuts veterans’ health care, Meals on Wheels, and education. They’re showing us their values—loud and clear.",en,Tweet,31,11741,3075,9404,1836864.0,2023-05-16 09:58:00,"<a href=""https://sproutsocial.com"" rel=""nofollow"">Sprout Social</a>",,,,,joebiden,0.0063918722344169,my plan cuts wasteful spending on big oil and big pharma maga republicans bill cuts veterans health care meals on wheels and education theyre showing us their valuesloud and clear,False,0.0557253685130596,0.398346612088651,-24.214605,35.6682,8.477557,1.6810173
1657525005461200897,To the Class of 2023: you are the reason I have never been more optimistic about the future of America. https://t.co/qY9L7oyXXY,en,Tweet,92,12346,1897,4748,1931665.0,2023-05-13 19:15:31,"<a href=""https://sproutsocial.com"" rel=""nofollow"">Sprout Social</a>",,,video,https://video.twimg.com/amplify_video/1657524877425881088/vid/1080x1920/cJ3cH9lUSvqRS9Eo.mp4?tag=16,joebiden,0.0063913773868657,to the class of 2023 you are the reason i have never been more optimistic about the future of america,False,-0.0470953896221243,-0.1811230934771124,-12.683203,-34.94999,4.6278853,4.115545
1713666306094858676,"We’re investing in America.

This week, I announced one of the largest advanced manufacturing investments in the history of this nation—$7 billion in federal investments, which is going to attract $40 billion in private investment in clean hydrogen power.",en,Tweet,40,11114,2643,4118,1739881.0,2023-10-15 17:21:00,"<a href=""https://sproutsocial.com"" rel=""nofollow"">Sprout Social</a>",,,,,joebiden,0.0063877931881548,were investing in americathis week i announced one of the largest advanced manufacturing investments in the history of this nation7 billion in federal investments which is going to attract 40 billion in private investment in clean hydrogen power,False,0.2649417789972018,-0.1056364367450713,47.6626,18.003128,8.935091,5.103613
1651288799064752136,"Our campaign will be powered by folks talking to friends, family, and communities about what is at stake in this election. I need you behind me. 

Get started today: https://t.co/Vl8NP4iZjJ",en,Tweet,17,5490,1123,2710,860965.0,2023-04-26 14:15:03,"<a href=""https://sproutsocial.com"" rel=""nofollow"">Sprout Social</a>",,http://JoeBiden.com/share,,,joebiden,0.0063765658302021,our caign will be powered by folks talking to friends family and communities about what is at stake in this election i need you behind me get started today,False,-0.1253993612998668,-0.0476553947855309,15.736249,-43.34161,6.229505,4.066565
1672975461276680194,"As a nation, we have many obligations, but we have only one truly sacred obligation: To prepare those we send into harm’s way and care for them and their families when they come home. https://t.co/Ij64GpLwSs",en,Tweet,21,7677,1281,3777,1204114.0,2023-06-25 10:30:07,"<a href=""https://sproutsocial.com"" rel=""nofollow"">Sprout Social</a>",,,photo,https://pbs.twimg.com/media/FzeaTJTX0AA4acu.jpg,joebiden,0.0063756421734154,as a nation we have many obligations but we have only one truly sacred obligation to prepare those we send into harms way and care for them and their families when they come home,False,-0.1981238018551491,-0.0642149114687662,-28.857521,3.4496734,6.7272882,2.2136762
1664710989302857729,"Today is a good day for the American economy and American workers.

We learned that the economy created 339,000 jobs last month, creating over 13 million jobs since I took office. That is more jobs in 28 months than any president has created in an entire 4-year term.",en,Tweet,21,7008,1283,2784,1101106.0,2023-06-02 15:10:03,"<a href=""https://sproutsocial.com"" rel=""nofollow"">Sprout Social</a>",,,,,joebiden,0.0063645098655351,today is a good day for the american economy and american workerswe learned that the economy created 339000 jobs last month creating over 13 million jobs since i took office that is more jobs in 28 months than any president has created in an entire 4year term,False,0.4032000083061127,-0.2352335396224282,79.665436,7.4713373,11.272841,6.6097846
1679540120536375333,"When Russian bombs began to fall, the United States did not hesitate to act. 
 
We rallied the world to support the brave people of Ukraine as they defend their liberty and their very sovereignty. https://t.co/D2462qc7oX",en,Retweet,63,11101,1996,5890,1744739.0,2023-07-13 13:15:43,"<a href=""https://www.sprinklr.com"" rel=""nofollow"">The White House</a>",,,photo,https://pbs.twimg.com/media/F07s1d4WYB8mP8y.jpg,joebiden,0.0063625562333391,when russian bombs began to fall the united states did not hesitate to act  we rallied the world to support the brave people of ukraine as they defend their liberty and their very sovereignty,False,-0.19656595834278,-0.1100033438158608,-53.108356,16.82782,2.084364,4.155946
1733887297647460584,"On my watch, we have achieved better growth and lower inflation than any other advanced country. A year ago, forecasters said it couldn't be done.

But I know prices are still too high. That's why my top economic priority is to lower costs for hardworking Americans.",en,Tweet,70,8360,2466,7195,1316413.0,2023-12-10 11:32:00,"<a href=""https://sproutsocial.com"" rel=""nofollow"">Sprout Social</a>",,,,,joebiden,0.0063505905821349,on my watch we have achieved better growth and lower inflation than any other advanced country a year ago forecasters said it couldnt be donebut i know prices are still too high thats why my top economic priority is to lower costs for hardworking americans,False,0.3332188251720616,-0.0021884403290142,0.70519,57.257217,10.535307,3.1313946
1683875359819792384,Join @POTUS and me as he signs the proclamation to establish the Emmett Till and Mamie Till-Mobley National Monument in Illinois and Mississippi.  https://t.co/po0o2zaPKk,en,Retweet,20,4765,1112,680,750892.0,2023-07-25 12:22:25,"<a href=""https://studio.twitter.com"" rel=""nofollow"">Twitter Media Studio</a>",,https://twitter.com/i/broadcasts/1YqKDogMryaxV,,,joebiden,0.006345786078424,join potus and me as he signs the proclamation to establish the emmett till and mamie tillmobley national monument in illinois and mississippi,False,-0.1523700117584858,-0.146923477057845,-36.75104,-16.742188,4.3185754,3.0432348
1647759343004033027,I’m so grateful for the continued leadership of @KamalaHarris. https://t.co/bFUxenO88R,en,Tweet,69,16702,2486,7131,2635213.0,2023-04-16 20:30:15,"<a href=""https://sproutsocial.com"" rel=""nofollow"">Sprout Social</a>",,,photo,"https://pbs.twimg.com/media/Ft4EVa9XwAAKYO-.jpg,https://pbs.twimg.com/media/Ft4EWoeWwAEk7oh.jpg,https://pbs.twimg.com/media/Ft4EX2oWcAAqt9d.jpg",joebiden,0.0063380075917961,im so grateful for the continued leadership of kamalaharris,False,-0.1269544593717811,-0.1610593231979062,-38.85714,-45.16891,4.9817753,1.4633018
1723714816974430678,"Over the course of generations, South Asian Americans have woven Diwali traditions into the fabric of our nation – symbolizing the message of seeking the light of wisdom, love, and unity over the darkness of ignorance, hate, and division.

It’s a message that has helped our nation emerge stronger from the past few difficult years, and matters now more than ever. On this Diwali, may we reflect on the strength of our shared light and embrace the enduring spirit of this holiday and of our nation.

To the more than one billion Hindus, Jains, Sikhs, and Buddhists celebrating in America and around the world, we wish you a happy Diwali.",en,Retweet,109,14656,2827,5164,2315248.0,2023-11-12 09:50:12,"<a href=""http://twitter.com/download/iphone"" rel=""nofollow"">Twitter for iPhone</a>",,,,,joebiden,0.0063302073903098,over the course of generations south asian americans have woven diwali traditions into the fabric of our nation  symbolizing the message of seeking the light of wisdom love and unity over the darkness of ignorance hate and divisionits a message that has helped our nation emerge stronger from the past few difficult years and matters now more than everon this diwali may we reflect on the strength of our shared light andembrace the enduring spirit of this holiday and of our nationto the more than one billion hindus jains sikhs and buddhists celebrating in america and around the world we wish you a happy diwali,False,-0.1319436601580091,-0.1681057430241909,-16.665121,-11.208475,4.0547943,6.3756022
1673799639722610689,"For today's economy to work for everyone, internet access is just as important as electricity, water, or other basic services.

That's why we're making equally historic investments to connect everyone in America to affordable high-speed internet. https://t.co/qrfVtoqrl8",en,Tweet,13,5325,1067,1700,841621.0,2023-06-27 17:05:06,"<a href=""https://sproutsocial.com"" rel=""nofollow"">Sprout Social</a>",,,photo,https://pbs.twimg.com/media/FzqH4omWAAM6q63.jpg,joebiden,0.0063270759641216,for todays economy to work for everyone internet access is just as important as electricity water or other basic servicesthats why were making equally historic investments to connect everyone in america to affordable highspeed internet,False,0.1535886083945359,-0.0967706947977046,29.955534,28.00808,8.543203,5.1275115
1692534372157497560,"I've ordered all available federal assets on Hawai'i, including the U.S. Coast Guard, Navy Third Fleet, U.S. Army, and FEMA search and rescue teams to assist emergency response.

We’re working around the clock to surge resources and personnel, and get residents the aid they need.",en,Retweet,128,22807,4607,13118,3606545.0,2023-08-18 09:50:14,"<a href=""https://www.sprinklr.com"" rel=""nofollow"">The White House</a>",,,,,joebiden,0.0063237807929749,ive ordered all available federal assets on hawaii including the us coast guard navy third fleet us army and fema search and rescue teams to assist emergency responsewere working around the clock to surge resources and personnel and get residents the aid they need,False,-0.127573574129346,-0.1205554160130125,-16.42954,13.690031,2.7308705,6.360975
1668635108117495809,No one. https://t.co/hulL00YOxH,en,Tweet,165,23699,4476,17187,3749207.0,2023-06-13 11:03:06,"<a href=""https://sproutsocial.com"" rel=""nofollow"">Sprout Social</a>",,,photo,https://pbs.twimg.com/media/FyguxV2aYAI35Cb.jpg,joebiden,0.0063210700289421,no one,False,-0.1220243770591182,-0.0655261914223367,49.241238,-51.171165,5.947583,5.9865785
1672601262716493826,"One year ago, the Supreme Court took away a constitutional right from the American people, denying women the right to choose.

My Administration has taken swift and strong action – but the job isn't finished until Congress codifies the protections of Roe v. Wade once and for all. https://t.co/NjoQrW6Kj3",en,Retweet,68,15490,3733,6095,2454508.0,2023-06-24 09:43:11,"<a href=""https://www.sprinklr.com"" rel=""nofollow"">The White House</a>",,,photo,"https://pbs.twimg.com/media/FzZF-oQWIAYEpj6.png,https://pbs.twimg.com/media/FzZF-5aXoAEcTGF.png",joebiden,0.0063108370394392,one year ago the supreme court took away a constitutional right from the american people denying women the right to choosemy administration has taken swift and strong action  but the job isnt finished until congress codifies the protections of roe v wade once and for all,False,-0.0830532805102881,0.1509554680021914,-30.527657,-66.25693,5.5854707,0.4194453
1684951117111672832,"We announced new steps to dramatically expand access to mental health care in America.

Our plan would require health insurance companies to identify gaps in the mental health care they provide—from measuring how many providers are in their network to how much they’re paying. https://t.co/yjcBVoGNzB",en,Tweet,19,4674,1059,944,740963.0,2023-07-28 11:37:05,"<a href=""https://sproutsocial.com"" rel=""nofollow"">Sprout Social</a>",,,photo,https://pbs.twimg.com/media/F2ImGD6XAAAoTT6.jpg,joebiden,0.0063080072824149,we announced new steps to dramatically expand access to mental health care in americaour plan would require health insurance companies to identify gaps in the mental health care they providefrom measuring how many providers are in their network to how much theyre paying,False,0.0029007073870512,0.1050849305636863,-32.9131,3.374912,5.914198,1.6230675
1674509445718503460,"Diversity is our strength, and we will find a way forward. https://t.co/gjuKQq9Fv6",en,Tweet,37,6459,1150,3220,1025178.0,2023-06-29 16:05:37,"<a href=""https://sproutsocial.com"" rel=""nofollow"">Sprout Social</a>",,,video,https://video.twimg.com/amplify_video/1674509296996872222/vid/1080x1920/ZMJkhNL9pYvxa06H.mp4?tag=16,joebiden,0.0063003693017212,diversity is our strength and we will find a way forward,False,-0.1344180428722045,-0.2074908486134517,-4.4242525,-35.656082,4.548804,3.6240811
1674139878496391175,"We’re creating jobs.
We’re lowering costs.

Bidenomics is about growing the economy from the bottom up and middle out, not the top down. https://t.co/zm7wxoDzsb",en,Tweet,21,7637,1414,5862,1212402.0,2023-06-28 15:37:05,"<a href=""https://sproutsocial.com"" rel=""nofollow"">Sprout Social</a>",,,photo,https://pbs.twimg.com/media/Fzu9VJaX0CA3kS3.jpg,joebiden,0.0062990658214024,were creating jobswere lowering costsbidenomics is about growing the economy from the bottom up and middle out not the top down,False,0.4765054740014481,-0.1295751657391065,62.56282,5.8823833,10.271069,5.103307
1718251733342650829,"This was a tragic two days for the families in Maine who have been devastated by gun violence.

At least eighteen souls brutally slain and more injured, and scores of family and friends praying and experiencing trauma no one ever wants to imagine.

We’re grateful that Lewiston and surrounding communities are now safe. I thank the brave law enforcement officers who worked around the clock to find this suspect.",en,Retweet,94,18448,3253,8773,2931646.0,2023-10-28 09:01:51,"<a href=""https://mobile.twitter.com"" rel=""nofollow"">Twitter Web App</a>",,,,,joebiden,0.0062927106478749,this was a tragic two days for the families in maine who have been devastated by gun violenceat least eighteen souls brutally slain and more injured and scores of family and friends praying and experiencing trauma no one ever wants to imaginewere grateful that lewiston and surrounding communities are now safe i thank the brave law enforcement officers who worked around the clock to find this suspect,False,-0.2412722954752474,-0.0552158234387105,-71.565125,-26.072958,2.4980989,1.5518398
1657880217950601218,"How do MAGA Republicans choose to repay those who fought to defend our country?

They are proposing cutting veterans’ health care funding, which would result in as many as 30 million fewer veteran outpatient visits.",en,Tweet,54,18503,5362,15590,2943774.0,2023-05-14 18:47:00,"<a href=""https://sproutsocial.com"" rel=""nofollow"">Sprout Social</a>",,,,,joebiden,0.0062854689252639,how do maga republicans choose to repay those who fought to defend our countrythey are proposing cutting veterans health care funding which would result in as many as 30 million fewer veteran outpatient visits,False,-0.0559019242936428,0.4046681523573205,-26.43249,32.93488,7.815171,1.657991
1651968788504494080,"By investing in manufacturing and building out our supply chains, we are creating good-paying jobs that you can raise a family on, lowering the costs of energy and the internet, and making sure that no community is left behind. https://t.co/ZLr12VlTj2",en,Tweet,10,5153,993,1627,821675.0,2023-04-28 11:17:05,"<a href=""https://sproutsocial.com"" rel=""nofollow"">Sprout Social</a>",,,photo,https://pbs.twimg.com/media/Fuz412eXoAQw3xe.jpg,joebiden,0.0062713359905071,by investing in manufacturing and building out our supply chains we are creating goodpaying jobs that you can raise a family on lowering the costs of energy and the internet and making sure that no community is left behind,False,0.3536925916049818,-0.132054179008434,45.463245,11.561552,9.092796,5.469821
1701959462964080719,"Twenty-nine years ago, we passed the Violence Against Women Act—one of my proudest achievements. In the years since, the law has saved countless lives and helped change the culture around abuse and assault.

We’ve made important progress—but we have more work to do building a society where everyone can thrive without fear of violence or abuse.",en,Tweet,70,8630,2049,3246,1377084.0,2023-09-13 10:02:11,"<a href=""https://mobile.twitter.com"" rel=""nofollow"">Twitter Web App</a>",,,video,https://video.twimg.com/ext_tw_video/1701955990180999168/pu/vid/avc1/720x1280/MeIK1sCpCtv7nxdN.mp4?tag=12,joebiden,0.0062668653473571,twentynine years ago we passed the violence against women actone of my proudest achievements in the years since the law has saved countless lives and helped change the culture around abuse and assaultweve made important progressbut we have more work to do building a society where everyone can thrive without fear of violence or abuse,False,-0.0960260299017567,0.0396825816438658,-41.36048,-53.486866,4.541892,1.1013013
1746226922709737836,"Hey, big head.

If you order a sign from our campaign store, you could receive one signed by me.

Get yours today: https://t.co/IUMwQqDCcL https://t.co/rQyBVezzll",en,Tweet,406,13304,2191,10281,2123714.0,2024-01-13 12:45:16,"<a href=""https://sproutsocial.com"" rel=""nofollow"">Sprout Social</a>",,http://joe.link/yardsign,video,https://video.twimg.com/amplify_video/1746226858553671680/vid/avc1/1080x1920/6K43UcTdIuGJru_V.mp4?tag=16,joebiden,0.0062644970085425,hey big headif you order a sign from our caign store you could receive one signed by meget yours today,False,-0.1028369153075241,-0.0446120924613196,20.087555,-35.89501,6.4028625,4.4167414
1734257800170086669,"Instead of fighting to lower costs for middle-class families, Republicans in Congress are fighting to raise prescription drug costs and increase profits for Big Pharma. 

They're fighting to lower taxes for the wealthiest Americans and large corporations that have earned record profits in recent years.

Congressional Republicans are fighting to cut Medicare and Social Security. That’s just wrong.",en,Tweet,37,5099,1520,4098,814469.0,2023-12-11 12:04:15,"<a href=""https://mobile.twitter.com"" rel=""nofollow"">Twitter Web App</a>",,,,,joebiden,0.0062605206582448,instead of fighting to lower costs for middleclass families republicans in congress are fighting to raise prescription drug costs and increase profits for big pharma theyre fighting to lower taxes for the wealthiest americans and large corporations that have earned record profits in recent yearscongressional republicans are fighting to cut medicare and social security thats just wrong,False,0.0986651675365344,0.5114561499157778,-9.128025,56.613556,9.395837,1.724584
1696611428914872548,"Medicare can now negotiate lower costs for these prescription drugs thanks to my Inflation Reduction Act:

—Eliquis
—Jardiance
—Xarelto
—Januvia
—Farxiga
—Entresto
—Enbrel
—Imbruvica
—Stelara
—Fiasp

Every single Republican in Congress voted against this.",en,Tweet,160,22653,5817,3803,3618892.0,2023-08-29 15:51:00,"<a href=""https://sproutsocial.com"" rel=""nofollow"">Sprout Social</a>",,,,,joebiden,0.0062596507439293,medicare can now negotiate lower costs for these prescription drugs thanks to my inflation reduction acteliquisjardiancexareltojanuviafarxigaentrestoenbrelimbruvicastelarafiaspevery single republican in congress voted against this,False,0.137128564021075,0.4294324982969676,-7.060695,69.36778,10.339664,1.82769
1731034271538716966,I won’t stop fighting to end gun violence. https://t.co/lGy0AegRsn,en,Tweet,92,11801,2803,11330,1885952.0,2023-12-02 14:35:06,"<a href=""https://sproutsocial.com"" rel=""nofollow"">Sprout Social</a>",,,photo,https://pbs.twimg.com/media/GAXeerYXMAABAQD.jpg,joebiden,0.0062573172594,i wont stop fighting to end gun violence,False,-0.2755609226638227,0.1003489115361465,-55.339382,-45.778492,3.7872617,0.98350143
1699875569784017200,"We’re canceling all remaining oil and gas leases issued under the previous administration in the Arctic Refuge and protecting more than 13 million acres in the Western Arctic. 

As the climate crisis warms the Arctic, we have a responsibility to protect this treasured region for all ages.",en,Tweet,719,67810,8861,22163,10841753.0,2023-09-07 16:01:32,"<a href=""https://mobile.twitter.com"" rel=""nofollow"">Twitter Web App</a>",,,,,joebiden,0.0062545235996429,were canceling all remaining oil and gas leases issued under the previous administration in the arctic refuge and protecting more than 13 million acres in the western arctic as the climate crisis warms the arctic we have a responsibility to protect this treasured region for all ages,False,0.0197318156100743,0.0386476294305489,2.3115127,20.659262,8.060067,3.19456
1665132778336182273,"We averted an economic crisis and an economic collapse.
 
We’re cutting spending and bringing deficits down. We’re protecting important priorities from Social Security, Medicare, and Medicaid to veterans and our transformational investments in infrastructure and clean energy. https://t.co/xTr7RsAd5t",en,Tweet,20,9185,1498,3571,1471009.0,2023-06-03 19:06:05,"<a href=""https://sproutsocial.com"" rel=""nofollow"">Sprout Social</a>",,,photo,https://pbs.twimg.com/media/Fxu9a6rWIAI37hf.jpg,joebiden,0.006244013462868,we averted an economic crisis and an economic collapse were cutting spending and bringing deficits down were protecting important priorities from social security medicare and medicaid to veterans and our transformational investments in infrastructure and clean energy,False,0.3148899262358163,0.0334795937095619,-38.37076,36.729465,8.08249,0.6827438
1733264636714102926,"When I ran for president, I made a commitment to finally bring high-speed rail to our nation.

Today, I'm delivering on that vision. https://t.co/gCHOlzR5lI",en,Retweet,471,27220,3800,5831,4361622.0,2023-12-08 18:17:46,"<a href=""https://www.sprinklr.com"" rel=""nofollow"">The White House</a>",,,photo,https://pbs.twimg.com/media/GA3LADLWMAAZ2ea.jpg,joebiden,0.0062407975748471,when i ran for president i made a commitment to finally bring highspeed rail to our nationtoday im delivering on that vision,False,0.0571337203598356,-0.0903893250947291,38.28659,25.456516,8.344684,5.424401
1689719012765126657,"Today’s CPI report shows that our economy remains strong. 

Annual inflation has fallen by around two-thirds since last summer, and inflation outside of food and energy has fallen to its lowest level in any three-month period since September 2021.",en,Tweet,13,5721,1152,2806,919713.0,2023-08-10 15:23:00,"<a href=""https://sproutsocial.com"" rel=""nofollow"">Sprout Social</a>",,,,,joebiden,0.00622041876107,todays cpi report shows that our economy remains strong annual inflation has fallen by around twothirds since last summer and inflation outside of food and energy has fallen to its lowest level in any threemonth period since september 2021,False,0.3443133156580643,-0.1044996930697092,86.624115,23.60207,12.094023,5.5292892
1653476726867935252,"We passed the CHIPS and Science Act, the most significant investment in manufacturing and research and development in American history. It led to $400 billion in private investment in manufacturing and clean energy, creating tens of thousands of jobs all across America. https://t.co/DyFPQnHhZl",en,Tweet,16,5061,1013,1275,814262.0,2023-05-02 15:09:06,"<a href=""https://sproutsocial.com"" rel=""nofollow"">Sprout Social</a>",,,photo,https://pbs.twimg.com/media/FvJUTZzWwAMZCFi.jpg,joebiden,0.0062154441690758,we passed the chips and science act the most significant investment in manufacturing and research and development in american history it led to 400 billion in private investment in manufacturing and clean energy creating tens of thousands of jobs all across america,False,0.3006319572158956,-0.0066546577000139,45.0167,32.61794,8.90032,4.3191614
1724601614214807992,"My predecessor and much of the MAGA Republican Party still deny that climate change is a problem.

Anyone who willfully denies the impact of climate change is condemning the American people to a very dangerous future.",en,Tweet,122,20879,4148,16699,3361722.0,2023-11-14 20:34:01,"<a href=""https://sproutsocial.com"" rel=""nofollow"">Sprout Social</a>",,,,,joebiden,0.006210805057646,my predecessor and much of the maga republican party still deny that climate change is a problemanyone who willfully denies the impact of climate change is condemning the american people to a very dangerous future,False,-0.1130973389741819,0.1667963541308766,2.2824347,28.83887,8.405979,3.218583
1683178941521993729,"As much as @KamalaHarris and I have accomplished, we still have some unfinished business on our agenda. We must finish the job.

Grassroots contributions from supporters like you are laying the strong foundation we’ll need to win in 2024. Chip in today: https://t.co/ntAZfydKMn https://t.co/J3NRWc4Pnb",en,Tweet,27,8439,1600,5798,1360791.0,2023-07-23 14:15:06,"<a href=""https://sproutsocial.com"" rel=""nofollow"">Sprout Social</a>",,http://joe.link/3On0RdB,photo,https://pbs.twimg.com/media/F1vaT2vXsAISZZY.jpg,joebiden,0.0062015401336428,as much as kamalaharris and i have accomplished we still have some unfinished business on our agenda we must finish the jobgrassroots contributions from supporters like you are laying the strong foundation well need to win in 2024 chip in today,False,-0.0838067660894273,-0.1066338112044443,22.043098,-46.864216,6.42352,3.8753035
1697237128722223114,"Earlier this week, before Idalia made landfall, I approved an Emergency Declaration at the request of Governor DeSantis and directed FEMA to pre-deploy resources so we could respond in the hurricane’s aftermath as quickly as possible.

As we continue to monitor the storm, teams are on the ground to work with the first responders in Florida, Georgia, South Carolina, and North Carolina, get people to safety, and begin to recover from the storm’s impact.",en,Retweet,42,14501,2941,2548,2338779.0,2023-08-31 09:17:19,"<a href=""https://mobile.twitter.com"" rel=""nofollow"">Twitter Web App</a>",,,,,joebiden,0.0062002438024285,earlier this week before idalia made landfall i approved an emergency declaration at the request of governor desantis and directed fema to predeploy resources so we could respond in the hurricanes aftermath as quickly as possibleas we continue to monitor the storm teams are on the ground to work with the first responders in florida georgia south carolina and north carolina get people to safety and begin to recover from the storms impact,False,-0.1239541942802037,-0.0847517923995252,-11.909067,15.887523,2.854093,6.4808435
1655739864820723714,"A year ago, almost no major airline guaranteed any compensation for delays and cancellations beyond the price of the ticket.

We challenged them to do better. Now, nine major airlines cover hotels. 10 cover meals. 10 rebook for free. That’s real savings for middle class families.",en,Tweet,32,9275,1337,3138,1498263.0,2023-05-08 21:02:00,"<a href=""https://sproutsocial.com"" rel=""nofollow"">Sprout Social</a>",,,,,joebiden,0.0061905019345735,a year ago almost no major airline guaranteed any compensation for delays and cancellations beyond the price of the ticketwe challenged them to do better now nine major airlines cover hotels 10 cover meals 10 rebook for free thats real savings for middle class families,False,0.1275894603798218,0.1083400348438836,21.359488,58.789864,11.349816,2.862861
1732165763132170683,"We’ve been able to push back on MAGA Republicans so far, but they haven’t given up on undoing the progress we're making. 

They’re proposing cuts to investments in roads, bridges, and high-speed internet across the board that could result in the loss of jobs in infrastructure and manufacturing.",en,Tweet,50,8721,2474,9615,1410789.0,2023-12-05 17:31:14,"<a href=""https://mobile.twitter.com"" rel=""nofollow"">Twitter Web App</a>",,,,,joebiden,0.0061816472909839,weve been able to push back on maga republicans so far but they havent given up on undoing the progress were making theyre proposing cuts to investments in roads bridges and highspeed internet across the board that could result in the loss of jobs in infrastructure and manufacturing,False,0.1445558239392339,0.2829467982933386,-4.61911,33.89479,8.596098,2.06589
1685397539304964096,"Last week, the Small Business Administration reported that we’ve made progress leveling the playing field in federal contracts, with a record $163 billion going to small businesses.",en,Tweet,26,6335,1206,1141,1025239.0,2023-07-29 17:11:01,"<a href=""https://sproutsocial.com"" rel=""nofollow"">Sprout Social</a>",,,,,joebiden,0.0061790470319603,last week the small business administration reported that weve made progress leveling the playing field in federal contracts with a record 163 billion going to small businesses,False,0.2512614638434537,-0.0281276549272599,69.81538,30.725815,10.429333,7.394692
1657047252605575170,"We’ve created 12.7 million jobs—nearly 800,000 new manufacturing jobs.
Unemployment is at a 50-year low.
Workforce participation is at its highest in 15 years.

We're building an economy that leaves no one behind. https://t.co/LLG8PiE3Ms",en,Tweet,50,16652,3419,15508,2695201.0,2023-05-12 11:37:06,"<a href=""https://sproutsocial.com"" rel=""nofollow"">Sprout Social</a>",,,photo,https://pbs.twimg.com/media/Fv8DrXgWIAAbS2A.jpg,joebiden,0.0061783889216425,weve created 127 million jobsnearly 800000 new manufacturing jobsunemployment is at a 50year lowworkforce participation is at its highest in 15 yearswere building an economy that leaves no one behind,False,0.4396914401148147,-0.2127314386650053,68.804886,19.603426,10.688595,6.3103743
1678782721768972288,"Junk fees cost hundreds of dollars a month, weighing down family budgets and making it harder for people to pay their bills. That's why we're cracking down on junk fees for concerts, hotels, airlines, banking, health care, and more.",en,Tweet,27,8658,1504,4087,1403117.0,2023-07-11 11:06:05,"<a href=""https://sproutsocial.com"" rel=""nofollow"">Sprout Social</a>",,,,,joebiden,0.0061705474311835,junk fees cost hundreds of dollars a month weighing down family budgets and making it harder for people to pay their bills thats why were cracking down on junk fees for concerts hotels airlines banking health care and more,False,0.1330292389084543,0.28527944213992,18.055094,72.91518,11.811876,2.4219117
1656376086412812290,"A record number of Americans have signed up for coverage through the Affordable Care Act on my watch.

Meanwhile, this is what House Republicans voted for. https://t.co/awttinprNq",en,Tweet,13,5225,1688,2016,850013.0,2023-05-10 15:10:07,"<a href=""https://sproutsocial.com"" rel=""nofollow"">Sprout Social</a>",,,photo,https://pbs.twimg.com/media/FvyhQWnX0AI8KJE.jpg,joebiden,0.0061469648111264,a record number of americans have signed up for coverage through the affordable care act on my watchmeanwhile this is what house republicans voted for,False,0.0585553944940313,0.1864154173558432,-26.02713,73.29255,10.531439,0.3755917
1677381207347085312,"This is Bidenomics in action: Our economy added more than 200,000 jobs last month—for a total of 13.2 million jobs since I took office. 

That’s more jobs added in two and a half years than any president has ever created in a four-year term.",en,Tweet,18,5587,1069,2828,909501.0,2023-07-07 14:16:58,"<a href=""https://sproutsocial.com"" rel=""nofollow"">Sprout Social</a>",,,,,joebiden,0.006142928924762,this is bidenomics in action our economy added more than 200000 jobs last monthfor a total of 132 million jobs since i took office thats more jobs added in two and a half years than any president has ever created in a fouryear term,False,0.4643262255504211,-0.2187415753842603,78.59951,6.525926,11.1776705,6.8431354
1672382856989999117,It’s time to restore Roe v. Wade once and for all. https://t.co/clMks641a7,en,Tweet,69,15559,2629,7652,2540463.0,2023-06-23 19:15:19,"<a href=""https://sproutsocial.com"" rel=""nofollow"">Sprout Social</a>",,,video,https://video.twimg.com/amplify_video/1672382781224103936/vid/1080x1920/55VTTp6P_tkzXqN9.mp4?tag=16,joebiden,0.0061244741608124,its time to restore roe v wade once and for all,False,-0.1700176895620657,0.1385251003985274,-30.739328,-74.775764,5.2539177,0.33755118
1662143585544814597,"Since I’ve been in office, we’ve seen 10.5 million new small business applications—the highest two years on record. 

They’re the engine of our economy, the soul of our communities, and one of the best investments America can make. https://t.co/tlchzvxx1N",en,Tweet,21,4798,863,1970,784015.0,2023-05-26 13:08:06,"<a href=""https://sproutsocial.com"" rel=""nofollow"">Sprout Social</a>",,,photo,https://pbs.twimg.com/media/FxEew_EXwA4Ai4G.jpg,joebiden,0.0061197808715394,since ive been in office weve seen 105 million new small business applicationsthe highest two years on record theyre the engine of our economy the soul of our communities and one of the best investments america can make,False,0.287198007479277,-0.1733462456463663,67.20236,30.993784,10.478857,7.5161633
1655327144652701698,"MAGA Republicans are laying out two options for us:
 
1. Cut veterans’ benefits, Meals on Wheels, education, and health care.
 
2. Force America to default on its debt.
 
They’re holding the American economy hostage.",en,Tweet,99,23291,6719,19840,3811556.0,2023-05-07 17:42:00,"<a href=""https://sproutsocial.com"" rel=""nofollow"">Sprout Social</a>",,,,,joebiden,0.0061106277856077,maga republicans are laying out two options for us 1 cut veterans benefits meals on wheels education and health care 2 force america to default on its debt theyre holding the american economy hostage,False,0.0082359132020664,0.3804660834573408,-17.931063,41.139454,8.246677,1.5329946
1666474853057134593,"It is within our power to realize a future where our schools, malls, grocery stores, movie theaters, and places of worship are safe from the threat of gun violence.

But it will require Congress to take action by passing an assault weapons ban.",en,Tweet,16,6428,1323,5071,1052319.0,2023-06-07 11:59:01,"<a href=""https://sproutsocial.com"" rel=""nofollow"">Sprout Social</a>",,,,,joebiden,0.0061084138935056,it is within our power to realize a future where our schools malls grocery stores movie theaters and places of worship are safe from the threat of gun violencebut it will require congress to take action by passing an assault weapons ban,False,-0.2020792206770209,0.163565455595609,-61.181202,-34.063248,3.2889788,0.1592255
1672290015181717509,"When Roe v. Wade was overturned, we committed that we'd never stop fighting for your reproductive rights.

That hasn't changed.

Today, I signed a third reproductive health care Executive Order that strengthens access to contraception – an essential part of reproductive care. https://t.co/66jVxlTzUz",en,Retweet,88,14463,3642,5972,2368310.0,2023-06-23 13:06:23,"<a href=""https://www.sprinklr.com"" rel=""nofollow"">The White House</a>",,,video,https://video.twimg.com/amplify_video/1672289877809872900/vid/1080x1920/03cEmPw0evXgJnel.mp4?tag=16,joebiden,0.0061068863451152,when roe v wade was overturned we committed that wed never stop fighting for your reproductive rightsthat hasnt changedtoday i signed a third reproductive health care executive order that strengthens access to contraception  an essential part of reproductive care,False,-0.1170028839404784,0.1595566144597063,-30.880991,-64.09427,5.5110483,0.48212934
1720138749021954291,"This week, I announced new funding that will go directly to rural communities. 

We’re investing over $5 billion to fix aging and critical rural infrastructure, install clean energy technologies, help more farmers adopt practices to fight climate change, and more.",en,Tweet,24,6745,1546,4112,1105115.0,2023-11-02 14:00:11,"<a href=""https://sproutsocial.com"" rel=""nofollow"">Sprout Social</a>",,,,,joebiden,0.0061034371988435,this week i announced new funding that will go directly to rural communities were investing over 5 billion to fix aging and critical rural infrastructure install clean energy technologies help more farmers adopt practices to fight climate change and more,False,0.1636002336560895,0.0096523689098204,17.96627,27.25992,8.473836,4.5339265
1654617741381255168,"Good news: 

Our economy added 250,000 jobs last month. That's on top of the 12 million jobs we've added since we came into office. The unemployment rate is at the lowest in 50 years, and working-age Americans are participating in the labor force at the highest rate in 15 years. https://t.co/PpdoqQSYnL",en,Tweet,25,7466,1430,3424,1223582.0,2023-05-05 18:43:05,"<a href=""https://sproutsocial.com"" rel=""nofollow"">Sprout Social</a>",,,photo,https://pbs.twimg.com/media/FvZiDNtWIAAci9r.jpg,joebiden,0.0061017569725608,good news our economy added 250000 jobs last month thats on top of the 12 million jobs weve added since we came into office the unemployment rate is at the lowest in 50 years and workingage americans are participating in the labor force at the highest rate in 15 years,False,0.3803586030579738,-0.2054622298564669,70.72805,20.138237,11.001392,6.25699
1747404686993313906,"Iowa’s over, and there’s still only one person who’s ever defeated Donald Trump. https://t.co/uE1tylKuGf",en,Tweet,877,45045,8264,29599,7382436.0,2024-01-16 18:45:17,"<a href=""https://sproutsocial.com"" rel=""nofollow"">Sprout Social</a>",,,video,https://video.twimg.com/amplify_video/1747404622040375296/vid/avc1/1080x1920/J15sXt3vt2xpGoI0.mp4?tag=16,joebiden,0.0061016444978324,iowas over and theres still only one person whos ever defeated donald trump,True,-0.0930596856433859,-0.0288771498495961,16.675196,-62.155384,6.2689066,3.1028109
1758144673388855519,"Yesterday’s events in Kansas City should move us into action.

How many more families need to be torn apart?

It’s time for Congress to finally act to ban assault weapons, limit high-capacity magazines, strengthen background checks, and keep guns out of the hands of those who have no business owning them.",en,Tweet,458,48714,7678,17809,7985642.0,2024-02-15 10:02:09,"<a href=""https://mobile.twitter.com"" rel=""nofollow"">Twitter Web App</a>",,,,,joebiden,0.0061001983309544,yesterdays events in kansas city should move us into actionhow many more families need to be torn apartits time for congress to finally act to ban assault weapons limit highcapacity magazines strengthen background checks and keep guns out of the hands of those who have no business owning them,False,-0.279981176349331,0.1566061802050162,-62.453114,-37.575283,3.1862395,0.32706502
1687934503321321472,"Experts say extreme heat is already costing America $100 billion a year, and it hits our most vulnerable the hardest: seniors, people experiencing homelessness, and disadvantaged communities.
 
That's why we've taken unprecedented action to combat the climate crisis.",en,Tweet,55,14044,2548,11281,2305868.0,2023-08-05 17:12:00,"<a href=""https://sproutsocial.com"" rel=""nofollow"">Sprout Social</a>",,,,,joebiden,0.0060905481146362,experts say extreme heat is already costing america 100 billion a year and it hits our most vulnerable the hardest seniors people experiencing homelessness and disadvantaged communities thats why weve taken unprecedented action to combat the climate crisis,False,0.0919234045214093,0.0996258293745104,6.768552,25.24305,8.326477,3.4533617
1657469532569468929,"I’m proud to say we’ve created 800,000 manufacturing jobs on my watch.

Meanwhile, this is what House Republicans voted for. https://t.co/2qSfCwYvyd",en,Tweet,50,12793,3417,7938,2101340.0,2023-05-13 15:35:05,"<a href=""https://sproutsocial.com"" rel=""nofollow"">Sprout Social</a>",,,photo,https://pbs.twimg.com/media/FwCDvTlXgAEhPuw.jpg,joebiden,0.0060880200253171,im proud to say weve created 800000 manufacturing jobs on my watchmeanwhile this is what house republicans voted for,False,0.2677143755119595,-0.0060691357125105,58.238464,21.54897,10.698517,6.5061407
1664400201635749895,"—12.7 million new jobs
—Unemployment is at a 50-year-low
—Historic 800,000 new manufacturing jobs
—Reduced the deficit by a record $1.7 trillion

Our invest in America agenda is working. https://t.co/MFTQRFieUW",en,Tweet,55,13036,2780,8678,2145010.0,2023-06-01 18:35:05,"<a href=""https://sproutsocial.com"" rel=""nofollow"">Sprout Social</a>",,,photo,https://pbs.twimg.com/media/FxkjJVqWwAAhH7R.jpg,joebiden,0.0060773609447042,127 million new jobsunemployment is at a 50yearlowhistoric 800000 new manufacturing jobsreduced the deficit by a record 17 trillionour invest in america agenda is working,False,0.4730122986197575,-0.0939985754745929,67.77319,18.541601,10.487902,6.2236514
1658985812770398210,"To this year's Medal of Valor recipients:

Your bravery is inspiring. 

You have gone above and beyond the call of duty, exhibiting exceptional courage, and extraordinary decisiveness, regardless of your personal safety, in an attempt to save or protect human life. https://t.co/VRueiHIKIc",en,Tweet,8,4977,684,597,819515.0,2023-05-17 20:00:14,"<a href=""https://sproutsocial.com"" rel=""nofollow"">Sprout Social</a>",,,photo,https://pbs.twimg.com/media/FwXmyazXsAA-PT5.jpg,joebiden,0.0060731042140778,to this years medal of valor recipientsyour bravery is inspiring you have gone above and beyond the call of duty exhibiting exceptional courage and extraordinary decisiveness regardless of your personal safety in an attempt to save or protect human life,False,-0.2625052221358779,-0.0802875711777284,-9.869097,-11.0739565,3.6517887,5.5581183
1694131860127826130,That’s Bidenomics. https://t.co/b6U189I5ax,en,Tweet,64,14157,2904,11965,2333105.0,2023-08-22 19:38:05,"<a href=""https://sproutsocial.com"" rel=""nofollow"">Sprout Social</a>",,,photo,https://pbs.twimg.com/media/F4LD7oKWoAERSRf.jpg,joebiden,0.0060678794996367,thats bidenomics,False,0.3159671232329798,-0.0956439412857776,67.373085,-11.008102,10.701164,4.96889
1665019368953053186,We’re keeping the full faith and credit of the United States by passing a budget that continues to grow our economy and reflects our values as a nation. https://t.co/pQVAuNBu3k,en,Tweet,22,6637,1063,2097,1097641.0,2023-06-03 11:35:26,"<a href=""https://sproutsocial.com"" rel=""nofollow"">Sprout Social</a>",,,video,https://video.twimg.com/amplify_video/1665019261515886596/vid/1080x1920/EG3ZSW_OiW2GCAvl.mp4?tag=16,joebiden,0.0060466035798589,were keeping the full faith and credit of the united states by passing a budget that continues to grow our economy and reflects our values as a nation,False,0.172683391071143,-0.0264983102454424,-37.99487,35.700447,7.974134,0.6103459
1667311866073284612,"We've attracted almost half a trillion dollars in private investments all across the country, and have helped create over 13.4 million jobs—including 800,000 manufacturing jobs.",en,Tweet,23,6086,1078,3195,1007453.0,2023-06-09 19:25:00,"<a href=""https://sproutsocial.com"" rel=""nofollow"">Sprout Social</a>",,,,,joebiden,0.0060409766013898,weve attracted almost half a trillion dollars in private investments all across the country and have helped create over 134 million jobsincluding 800000 manufacturing jobs,False,0.4015796735094799,-0.1443753418531392,56.544846,20.866236,10.234317,6.306329
1648053755030523910,"Americans want lawmakers to act on commonsense gun safety reforms. Instead, this past week, Americans saw national Republican elected leaders stand alongside the NRA in a race to the bottom on dangerous laws that further erode gun safety.

Our communities need and deserve better.",en,Tweet,12,5940,1290,3989,987944.0,2023-04-17 16:00:09,"<a href=""https://sproutsocial.com"" rel=""nofollow"">Sprout Social</a>",,,,,joebiden,0.0060124865376984,americans want lawmakers to act on commonsense gun safety reforms instead this past week americans saw national republican elected leaders stand alongside the nra in a race to the bottom on dangerous laws that further erode gun safetyour communities need and deserve better,False,-0.1881494025844885,0.2798640866501493,-64.912155,-38.13009,3.126112,0.40945274
1712182842053066829,"My team has been in constant communication with our Israeli partners and partners all across the world from the moment this crisis began. This week, I spoke with the leaders of France, Germany, Italy, and the UK to discuss the latest developments with our European allies and coordinate our united response. This comes on top of days of steady engagement with partners across the region.

We stand with Israel, and we will make sure they have what they need to take care of their citizens. There is no justification for terrorism.",en,Tweet,94,20325,3292,6904,3394583.0,2023-10-11 15:06:15,"<a href=""https://mobile.twitter.com"" rel=""nofollow"">Twitter Web App</a>",,,,,joebiden,0.0059874806419521,my team has been in constant communication with our israeli partners and partners all across the world from the moment this crisis began this week i spoke with the leaders of france germany italy and the uk to discuss the latest developments with our european allies and coordinate our united response this comes on top of days of steady engagement with partners across the regionwe stand with israel and we will make sure they have what they need to take care of their citizens there is no justification for terrorism,False,-0.2696887670284529,-0.1810578987174961,-76.558586,3.1423228,1.2051054,4.646586
1662247242143526912,"Right now, antisemitic incidents are at a record high in America.
 
It's despicable. And silence is complicity.
 
Under my presidency, we’ll continue to condemn hate wherever it rears its head, including by putting forward the first-ever national strategy to combat antisemitism. https://t.co/gMwK6uXYsE",en,Retweet,93,17626,3307,8842,2946716.0,2023-05-26 20:00:00,"<a href=""https://www.sprinklr.com"" rel=""nofollow"">The White House</a>",,,photo,https://pbs.twimg.com/media/FxFl5ykWcAMsRtj.jpg,joebiden,0.0059815740641446,right now antisemitic incidents are at a record high in america its despicable and silence is complicity under my presidency well continue to condemn hate wherever it rears its head including by putting forward the firstever national strategy to combat antisemitism,False,-0.1785168139024575,-0.0819596687834076,-57.27829,-7.3909965,2.4591048,3.1246583
1692967568892469376,"This Monday, Jill and I will travel to Maui, meeting directly with survivors, first responders and emergency personnel, and state and local officials.

To the people of Hawai'i: our entire nation stands with you in this time of grief and recovery.",en,Retweet,63,21193,3176,9417,3550426.0,2023-08-19 14:31:36,"<a href=""https://www.sprinklr.com"" rel=""nofollow"">The White House</a>",,,,,joebiden,0.0059691428577866,this monday jill and i will travel to maui meeting directly with survivors first responders and emergency personnel and state and local officialsto the people of hawaii our entire nation stands with you in this time of grief and recovery,False,-0.2539932090848416,-0.1969492766642566,-14.172849,9.142821,2.8472686,6.1551676
1674173351193980932,"Today, the U.S. has the highest economic growth rate among the world’s leading economies since the pandemic. We’ve created 13.4 million jobs—more jobs in two years than any president has added in a four-year term.
​
Folks, that’s no accident. That’s Bidenomics in action. https://t.co/k31njQmavW",en,Tweet,49,11333,2949,6341,1903869.0,2023-06-28 17:50:06,"<a href=""https://sproutsocial.com"" rel=""nofollow"">Sprout Social</a>",,,photo,https://pbs.twimg.com/media/FzvbxgUXwAAbUTk.jpg,joebiden,0.0059526154373016,today the us has the highest economic growth rate among the worlds leading economies since the pandemic weve created 134 million jobsmore jobs in two years than any president has added in a fouryear termfolks thats no accident thats bidenomics in action,False,0.4360414043765991,-0.2455496743715283,77.62614,7.5464168,11.163358,6.480872
1747329123779764224,"I encourage all borrowers who may be eligible for early debt cancellation to sign up for the SAVE plan at https://t.co/so4PFkH2UC. Already, 6.9 million borrowers are enrolled in the plan, and 3.9 million have a $0 monthly payment.",en,Tweet,579,8287,2480,3073,1401725.0,2024-01-16 13:45:01,"<a href=""https://sproutsocial.com"" rel=""nofollow"">Sprout Social</a>",,http://StudentAid.gov,,,joebiden,0.005912001284132,i encourage all borrowers who may be eligible for early debt cancellation to sign up for the save plan at  already 69 million borrowers are enrolled in the plan and 39 million have a 0 monthly payment,False,0.0764963873203118,0.0568246839554295,43.86688,64.16886,7.2509527,-2.0742853
1719390296373407777,"One thing is clear: to realize the promise of AI and avoid the risk, we need to govern this technology. There’s no other way around it.

Yesterday, I signed an executive order that is the most significant action any government has ever taken on AI safety, security, and trust. https://t.co/9sRE8tcUne",en,Tweet,39,6841,1394,4582,1159019.0,2023-10-31 12:26:06,"<a href=""https://sproutsocial.com"" rel=""nofollow"">Sprout Social</a>",,,photo,https://pbs.twimg.com/media/F9yAWHXWEAAHkLH.jpg,joebiden,0.0059024053962877,one thing is clear to realize the promise of ai and avoid the risk we need to govern this technology theres no other way around ityesterday i signed an executive order that is the most significant action any government has ever taken on ai safety security and trust,False,-0.0572870356639064,-0.0590953793914699,-26.88795,-53.113747,4.491681,1.9139863
1715160946585284867,"We cannot let petty, partisan, angry politics get in the way of our responsibilities as a nation.

We cannot—and will not—let terrorists like Hamas and tyrants like Putin win.

I refuse to let that happen.",en,Tweet,102,14962,3003,8140,2541276.0,2023-10-19 20:20:10,"<a href=""https://mobile.twitter.com"" rel=""nofollow"">Twitter Web App</a>",,,,,joebiden,0.0058875934766629,we cannot letpetty partisan angry politicsget in the way of our responsibilities as a nationwe cannotand will notlet terrorists like hamas and tyrants like putin wini refuse to let that happen,False,-0.2434980061081874,-0.0109706628651342,-63.4554,10.654764,1.6730242,3.7667015
1653840374803177472,"We’re going to build an America that’s more fair, more just, and more free. That fills me with optimism. https://t.co/JVZ7HDLX4k",en,Tweet,66,16802,2270,18084,2859304.0,2023-05-03 15:14:06,"<a href=""https://sproutsocial.com"" rel=""nofollow"">Sprout Social</a>",,,photo,https://pbs.twimg.com/media/FvOfChfWYAI_cGU.jpg,joebiden,0.0058762552005662,were going to build an america thats more fair more just and more free that fills me with optimism,False,0.0608128781957458,-0.169702366367358,-7.8727245,-34.954876,4.8440166,3.8788452
1720930694770176279,"Whether it's protecting a woman's right to make her own health care decisions, defending voting rights, or standing up for common sense gun safety laws, so much is on the line in Virginia.

Let's keep Virginia and our country moving forward: https://t.co/rqHXR7xuqW. https://t.co/XT9GKxyfXa",en,Tweet,22,5721,3721,3500,973886.0,2023-11-04 18:27:05,"<a href=""https://sproutsocial.com"" rel=""nofollow"">Sprout Social</a>",,http://IWillVote.com/VA,photo,https://pbs.twimg.com/media/F-H5VHPWAAAyNUc.jpg,joebiden,0.0058744041910449,whether its protecting a womans right to make her own health care decisions defending voting rights or standing up for common sense gun safety laws so much is on the line in virginialets keep virginia and our country moving forward,False,-0.1820130662818123,0.1090554612457646,-25.175793,-70.26807,5.561161,1.1237072
1673851327615766528,"If somehow Congress were to pass a national abortion ban, I will veto it. https://t.co/c07oaTLgaT",en,Tweet,29,8056,1238,3282,1372983.0,2023-06-27 20:30:29,"<a href=""https://sproutsocial.com"" rel=""nofollow"">Sprout Social</a>",,,video,https://video.twimg.com/amplify_video/1673851209910833159/vid/1080x1920/J-2tUepgUT84jvUq.mp4?tag=16,joebiden,0.0058675162037694,if somehow congress were to pass a national abortion ban i will veto it,False,-0.1572788511116521,0.2348624036321317,-37.929382,-74.17715,5.6197047,0.08053046
1697766144059265267,I had a great time meeting a future president at Eliot-Hine Middle School this week. https://t.co/N6JJ6kGZRR,en,Tweet,124,16352,2184,1677,2797245.0,2023-09-01 20:19:26,"<a href=""https://sproutsocial.com"" rel=""nofollow"">Sprout Social</a>",,,video,https://video.twimg.com/amplify_video/1697766036496437248/vid/1080x1920/xquulHIYGmr2CjaW.mp4?tag=16,joebiden,0.0058457518022196,i had a great time meeting a future president at eliothine middle school this week,False,-0.1162692328083318,-0.1791951472677104,14.086976,-13.138848,4.8296394,4.9417686
1679988165354872833,This campaign is powered by grassroots donors. https://t.co/WAABaB1twv,en,Tweet,34,7426,1754,4439,1275425.0,2023-07-14 18:56:05,"<a href=""https://sproutsocial.com"" rel=""nofollow"">Sprout Social</a>",,,photo,https://pbs.twimg.com/media/F1CEUO9XwAEhP_-.jpg,joebiden,0.005822372934512,this caign is powered by grassroots donors,False,-0.0702289275244816,-0.0143217714228115,18.372839,-41.71205,6.5705466,4.168227
1663945994608824322,"Our infrastructure investments have led to repairs on over 4,900 bridges and 69,000 miles of road.

It’s about strengthening our economy and creating good-paying jobs. https://t.co/0F9MsOBvwJ",en,Tweet,18,6495,1425,1930,1117925.0,2023-05-31 12:30:14,"<a href=""https://sproutsocial.com"" rel=""nofollow"">Sprout Social</a>",,,photo,https://pbs.twimg.com/media/FxeGDAMWYAQYqTT.jpg,joebiden,0.0058098709662991,our infrastructure investments have led to repairs on over 4900 bridges and 69000 miles of roadits about strengthening our economy and creating goodpaying jobs,False,0.3315001744977782,-0.1782230914526181,36.063824,18.355583,8.363325,5.1995482
1714778418783395875,"The vast majority of Palestinians are not Hamas. 

Hamas does not represent the Palestinian people.",en,Tweet,316,41963,4826,17602,7224188.0,2023-10-18 19:00:08,"<a href=""https://sproutsocial.com"" rel=""nofollow"">Sprout Social</a>",,,,,joebiden,0.0058086805049923,the vast majority of palestinians are not hamas hamas does not represent the palestinian people,False,-0.2214065865127839,-0.0109646525142908,-69.20331,9.211589,1.1588533,3.8737633
1651221357575667712,"Welcome to the White House, President Yoon and Mrs. Kim. https://t.co/Soolh6Lx9S",en,Retweet,296,42991,3142,3135,7421440.0,2023-04-26 09:47:04,"<a href=""https://www.sprinklr.com"" rel=""nofollow"">The White House</a>",,,photo,https://pbs.twimg.com/media/FupREjMWcAcKa66.jpg,joebiden,0.0057928110986547,welcome to the white house president yoon and mrs kim,False,-0.1252242178697272,-0.2047723300769548,8.963935,-2.417437,4.094755,4.943259
1713593349343453536,"We have to reject hate in every form.

History has taught us again and again, antisemitism, Islamophobia, homophobia, transphobia—they're all connected. Hate toward one group left unanswered opens the door for more hate towards more groups.

That’s why the laws that actually protect equality matter to every single American, no matter who you are, who you love, or where you come from.",en,Tweet,201,32356,6395,12187,5597274.0,2023-10-15 12:31:06,"<a href=""https://mobile.twitter.com"" rel=""nofollow"">Twitter Web App</a>",,,photo,https://pbs.twimg.com/media/F8fnQsOWUAAr48w.jpg,joebiden,0.0057806710909632,we have to reject hate in every formhistory has taught us again and again antisemitism islamophobia homophobia transphobiatheyre all connected hate toward one group left unanswered opens the door for more hate towards more groupsthats why the laws that actually protect equality matter to every single american no matter who you are who you love or where you come from,False,-0.2365419253685955,-0.0005900003267039,-51.231518,-8.215267,2.7918236,3.1278834
1666101418023895041,"In the last two years, I've been able to sign the most significant gun safety legislation in decades and have taken dozens of executive actions—but it's not nearly enough. 

It will take Congressional action to make the meaningful reforms we need to keep our communities safe.",en,Tweet,13,5020,862,3090,871072.0,2023-06-06 11:15:07,"<a href=""https://sproutsocial.com"" rel=""nofollow"">Sprout Social</a>",,,,,joebiden,0.0057630138496014,in the last two years ive been able to sign the most significant gun safety legislation in decades and have taken dozens of executive actionsbut its not nearly enough it will take congressional action to make the meaningful reforms we need to keep our communities safe,False,-0.1284710319621968,0.1549589471287155,-51.760834,-35.15008,3.7353303,0.64309025
1661839597909712940,"Trickle-down economics doesn’t work. 

That’s why we’re rebuilding an economy from the bottom up and the middle out.",en,Tweet,37,9844,1589,10068,1709867.0,2023-05-25 17:00:10,"<a href=""https://sproutsocial.com"" rel=""nofollow"">Sprout Social</a>",,,,,joebiden,0.0057571729263153,trickledown economics doesnt work thats why were rebuilding an economy from the bottom up and the middle out,False,0.3122591832974632,-0.0179678860192203,56.82104,6.192552,9.952779,4.734851
1670038584005390336,"Juneteenth as a federal holiday is meant to breathe new life into the very essence of America.
 
To make sure all Americans feel the power of this day and the progress we can make for our country.
 
Earlier this week, I felt that power at the White House. https://t.co/Ogo6SBvZBA",en,Retweet,73,10496,2030,2673,1830232.0,2023-06-17 08:00:00,"<a href=""https://www.sprinklr.com"" rel=""nofollow"">The White House</a>",,,video,https://video.twimg.com/amplify_video/1669943327775399936/vid/1080x1920/5AjswL95wrx8nhvc.mp4?tag=16,joebiden,0.0057347920919315,juneteenth as a federal holiday is meant to breathe new life into the very essence of america to make sure all americans feel the power of this day and the progress we can make for our country earlier this week i felt that power at the white house,False,-0.053252432395018,-0.192859514658125,-29.571985,-17.457184,3.816642,3.2142317
1666840538585219072,"The core pillars of my Investing in America agenda are creating good jobs across the country, fueling a resurgence in manufacturing, rebuilding our infrastructure, and advancing clean energy.

Let’s keep it up.",en,Tweet,11,4317,801,2310,753303.0,2023-06-08 12:12:07,"<a href=""https://sproutsocial.com"" rel=""nofollow"">Sprout Social</a>",,,,,joebiden,0.0057307617253615,the core pillars of my investing in america agenda are creating good jobs across the country fueling a resurgence in manufacturing rebuilding our infrastructure and advancing clean energylets keep it up,False,0.310048552981809,-0.1286822461419131,46.950752,14.878577,9.1508875,5.3511014
1658959709041221646,"Nancy Pelosi is going to go down in history as one of the most consequential speakers in the history of the United States of America. 

When Nancy was speaker, we never had to worry about whether a bill would pass. If she said she had the votes—she had the votes. Every time. https://t.co/AxgvGPjmJ9",en,Tweet,119,21998,3198,16414,3842587.0,2023-05-17 18:16:31,"<a href=""https://sproutsocial.com"" rel=""nofollow"">Sprout Social</a>",,,video,https://video.twimg.com/amplify_video/1658959581349912576/vid/1080x1920/iEwy2Dehu3lmkqW9.mp4?tag=16,joebiden,0.0057247890548737,nancy pelosi is going to go down in history as one of the most consequential speakers in the history of the united states of america when nancy was speaker we never had to worry about whether a bill would pass if she said she had the votesshe had the votes every time,False,-0.0579052554630194,0.0774867590426191,-38.916508,25.260597,7.4581733,0.7897552
1650855293406904320,"Joe and Kamala are the best people for the job of defending our democracy, fighting for our rights, and making sure everyone has a fair shot. 

Join me in becoming a part of their re-election campaign, starting today. https://t.co/RH881JCR75",en,Retweet,99,23513,3867,17371,4111901.0,2023-04-25 09:32:28,"<a href=""https://mobile.twitter.com"" rel=""nofollow"">Twitter Web App</a>",,https://secure.actblue.com/donate/social-bfp_launch-apr-2023?refcode=hrc,,,joebiden,0.0057182796959362,joe and kamala are the best people for the job of defending our democracy fighting for our rights and making sure everyone has a fair shot join me in becoming a part of their reelection caign starting today,False,-0.0852749702409662,-0.0736331853739923,13.254118,-47.01017,6.184956,3.6236465
1681424737384435713,I approve this message. https://t.co/f1q5giNM8j,en,Tweet,7602,252832,59259,13893,44215828.0,2023-07-18 18:04:31,"<a href=""https://sproutsocial.com"" rel=""nofollow"">Sprout Social</a>",,,video,https://video.twimg.com/amplify_video/1681424608442941441/vid/1080x1350/TPQKOcfQLPRzJWQn.mp4?tag=16,joebiden,0.0057181333345154,i approve this message,False,-0.1487957393978855,-0.1104984805406171,48.23957,-42.134567,5.990002,6.246299
1681424737384435713,I approve this message. https://t.co/f1q5giNM8j,en,Tweet,7602,252832,59259,13893,44215828.0,2023-07-18 18:04:31,"<a href=""https://sproutsocial.com"" rel=""nofollow"">Sprout Social</a>",,,video,https://video.twimg.com/amplify_video/1681424608442941441/vid/1080x1350/TPQKOcfQLPRzJWQn.mp4?tag=16,joebiden,0.0057181333345154,i approve this message,False,-0.1487957393978855,-0.1104984805406171,48.240673,-42.13402,5.9520335,6.2131324
1666166343614230528,"We’re ready to continue the historic work we’ve accomplished these last two years. 

Let’s finish the job. https://t.co/AXZ7QGuWLr",en,Tweet,67,15652,2206,15219,2741870.0,2023-06-06 15:33:06,"<a href=""https://sproutsocial.com"" rel=""nofollow"">Sprout Social</a>",,,photo,https://pbs.twimg.com/media/Fx9pcVXXwAQL3tb.jpg,joebiden,0.0057085128033057,were ready to continue the historic work weve accomplished these last two years lets finish the job,False,0.0055088818313439,-0.1525191195503579,24.636644,-48.644344,6.2306557,4.079435
1669068188691185665,"We have taken action to bring down the cost of gas at the pump, prescription drugs, and health insurance premiums. While there is more work to do, the plan that I laid out a year ago to bring down the cost of living and sustain stable and steady growth is working.",en,Tweet,19,5142,923,5056,900773.0,2023-06-14 15:44:00,"<a href=""https://sproutsocial.com"" rel=""nofollow"">Sprout Social</a>",,,,,joebiden,0.0057084304258675,we have taken action to bring down the cost of gas at the pump prescription drugs and health insurance premiums while there is more work to do the plan that i laid out a year ago to bring down the cost of living and sustain stable and steady growth is working,False,0.3368932679405358,0.1539715286807411,-0.4097543,57.520393,10.62531,2.6743863
1729919417511784586,"Junk fees can add up to hundreds of dollars, weighing down family budgets and making it harder for a family to pay their bills. 

Over the past two years, we have taken steps to crack down on unfair and deceptive junk fees from concerts, airlines, health care, and more.",en,Tweet,19,4501,957,2282,790466.0,2023-11-29 12:45:04,"<a href=""https://sproutsocial.com"" rel=""nofollow"">Sprout Social</a>",,,,,joebiden,0.0056941095505689,junk fees can add up to hundreds of dollars weighing down family budgets and making it harder for a family to pay their bills over the past two years we have taken steps to crack down on unfair and deceptive junk fees from concerts airlines health care and more,False,0.1164065838264225,0.2722396865906297,18.474386,73.04999,11.915482,2.5884755
1674047611483856896,"Under Bidenomics, we’re creating union jobs at home and exporting products abroad, all while cutting the deficit.",en,Tweet,19,6838,1224,3203,1204134.0,2023-06-28 09:30:27,"<a href=""https://sproutsocial.com"" rel=""nofollow"">Sprout Social</a>",,,,,joebiden,0.0056787699707839,under bidenomics were creating union jobs at home and exporting products abroad all while cutting the deficit,False,0.4200882488394138,-0.1292992430427667,42.81761,-0.60218704,9.917036,5.912081
1648022766589734916,"Guns are the leading killer of children in America, and the numbers are rising.

What has our nation come to when children cannot attend a birthday party without fear? When parents have to worry every time their kids walk out the door to school, the movie theater, or to the park?",en,Tweet,62,13141,2661,11110,2316412.0,2023-04-17 13:57:00,"<a href=""https://sproutsocial.com"" rel=""nofollow"">Sprout Social</a>",,,,,joebiden,0.0056729977223395,guns are the leading killer of children in america and the numbers are risingwhat has our nation come to when children cannot attend a birthday party without fear when parents have to worry every time their kids walk out the door to school the movie theater or to the park,False,-0.2128324249317347,0.120114794342988,-71.62541,-39.0634,2.9211016,0.56601614
1699144172496707694,"Nearly 13.5 million new jobs. 

That’s Bidenomics. https://t.co/Q0HO7mKin7",en,Tweet,86,13129,2535,6915,2316097.0,2023-09-05 15:35:13,"<a href=""https://sproutsocial.com"" rel=""nofollow"">Sprout Social</a>",,,video,https://video.twimg.com/amplify_video/1699144118839005184/vid/avc1/1080x1920/SW0L4AV_wDJcGLG1.mp4?tag=16,joebiden,0.0056685881463513,nearly 135 million new jobs thats bidenomics,False,0.4343922050455902,-0.2289186677789308,76.83771,3.4737327,11.247703,6.834787
1648854111788384259,"You’ve got to ask yourself, what are MAGA Republicans in Congress doing? https://t.co/d1JqKgzqVA",en,Tweet,74,11552,2654,10130,2039562.0,2023-04-19 21:00:29,"<a href=""https://sproutsocial.com"" rel=""nofollow"">Sprout Social</a>",,,video,https://video.twimg.com/amplify_video/1648854005068492801/vid/1080x1080/XK1ZY50VH2T2HmWq.mp4?tag=16,joebiden,0.0056639611838228,youve got to ask yourself what are maga republicans in congress doing,False,-0.1148866047227276,0.2134850313731685,-12.76449,35.681797,7.459912,2.1943617
1681305769801846787,"As a proud son of the state of Delaware, I’m honored to announce that our campaign headquarters will be in Wilmington. https://t.co/wiRevzCLL3",en,Tweet,57,11335,2001,3536,2002066.0,2023-07-18 10:11:47,"<a href=""https://sproutsocial.com"" rel=""nofollow"">Sprout Social</a>",,,video,https://video.twimg.com/amplify_video/1681305577778221061/vid/1080x1920/gKslnVZMnBMYHLaW.mp4?tag=16,joebiden,0.005661651513986,as a proud son of the state of delaware im honored to announce that our caign headquarters will be in wilmington,False,-0.1012474282779697,-0.1466168291059443,18.501125,-74.21617,5.769238,4.165783
1729290257927901498,"A two-state solution is the only way to guarantee the long-term security of both the Israeli and the Palestinian people.

To make sure Israelis and Palestinians alike live in equal measure of freedom and dignity, we will not give up on working towards that goal.",en,Tweet,157,14308,2914,7021,2529882.0,2023-11-27 19:05:00,"<a href=""https://sproutsocial.com"" rel=""nofollow"">Sprout Social</a>",,,,,joebiden,0.0056555997473399,a twostate solution is the only way to guarantee the longterm security of both the israeli and the palestinian peopleto make sure israelis and palestinians alike live in equal measure of freedom and dignity we will not give up on working towards that goal,False,-0.1999641583694278,-0.1240710475024646,-77.10776,9.676138,1.15439,4.218713
1665476773889421313,"No one earning less than $400,000 a year will pay a penny more in federal taxes.",en,Tweet,477,35159,3908,23171,6216974.0,2023-06-04 17:53:00,"<a href=""https://sproutsocial.com"" rel=""nofollow"">Sprout Social</a>",,,,,joebiden,0.0056553236349387,no one earning less than 400000 a year will pay a penny more in federal taxes,False,0.1726442287706682,0.1174079860785944,-13.926466,48.31218,9.502352,1.7732537
1675890142299422720,"Cracking down on junk fees is about transparency, which leads to more competition, brings down costs for working Americans, and keeps growing our economy from the bottom up and the middle out, not the top down.",en,Tweet,18,6214,1191,3344,1099311.0,2023-07-03 11:32:01,"<a href=""https://sproutsocial.com"" rel=""nofollow"">Sprout Social</a>",,,,,joebiden,0.0056526315119197,cracking down on junk fees is about transparency which leads to more competition brings down costs for working americans and keeps growing our economy from the bottom up and the middle out not the top down,False,0.2506764587990126,0.1600218858986808,15.595896,69.96457,11.759262,2.456434
1647983004441100288,"Ban assault weapons.
Require safe storage of firearms. 
Require background checks for all gun sales. 
Eliminate gun manufacturers’ immunity from liability.

We can and must do these things now.",en,Tweet,145,36317,5637,22231,6429171.0,2023-04-17 11:19:00,"<a href=""https://sproutsocial.com"" rel=""nofollow"">Sprout Social</a>",,,,,joebiden,0.0056487842678317,ban assault weaponsrequire safe storage of firearms require background checks for all gun sales eliminate gun manufacturers immunity from liabilitywe can and must do these things now,False,-0.1523028712681312,0.1975551717771682,-60.77297,-31.680765,3.1617823,-0.12611625
1720094320714498148,"This week, we are taking an additional action to eliminate junk fees in retirement savings.

The Department of Labor is proposing a new rule that when you pay someone for retirement advice, they must give you advice that’s in your best interest, not whether it gets them the best payday. 

People should be able to trust that when they get advice from a so-called expert, they’re getting real help, not getting ripped off.",en,Tweet,26,5144,1032,1900,911422.0,2023-11-02 11:03:38,"<a href=""https://mobile.twitter.com"" rel=""nofollow"">Twitter Web App</a>",,,,,joebiden,0.005643927840232,this week we are taking an additional action to eliminate junk fees in retirement savingsthe department of labor is proposing a new rule that when you pay someone for retirement advice they must give you advice thats in your best interest not whether it gets them the best payday people should be able to trust that when they get advice from a socalled expert theyre getting real help not getting ripped off,False,0.0800460985277457,0.1523729695537941,19.11888,64.845665,11.733307,2.3939967
1665797641672835072,"We’re done talking about Infrastructure “Week.” 

Thanks to the Bipartisan Infrastructure Law, we’re living through an Infrastructure Decade. Our investments have touched over 4,500 communities across all 50 states, D.C., and territories.",en,Tweet,13,5474,1094,1416,973052.0,2023-06-05 15:08:01,"<a href=""https://sproutsocial.com"" rel=""nofollow"">Sprout Social</a>",,,,,joebiden,0.0056255986319333,were done talking about infrastructure week thanks to the bipartisan infrastructure law were living through an infrastructure decade our investments have touched over 4500 communities across all 50 states dc and territories,False,0.2160387051637596,-0.1202170676873483,29.240053,17.013443,8.081459,4.8380947
1682505983845711873,"Here’s what Bidenomics looks like:

Over 13 million new jobs, including 800,000 manufacturing jobs.
Unemployment below 4%, the longest stretch in the last 50 years.
Inflation has slowed every single month for the last 12 months.

We're building the economy for the middle class.",en,Tweet,118,14484,3046,9097,2576397.0,2023-07-21 17:41:00,"<a href=""https://sproutsocial.com"" rel=""nofollow"">Sprout Social</a>",,,,,joebiden,0.0056218044035915,heres what bidenomics looks likeover 13 million new jobs including 800000 manufacturing jobsunemployment below 4 the longest stretch in the last 50 yearsinflation has slowed every single month for the last 12 monthswere building the economy for the middle class,False,0.5449143300788819,-0.1652011140491051,71.02085,14.493331,11.063261,6.1647825
1651396242893594625,"MAGA extremists are telling women what health care choices they are allowed to make. 

They’re telling you what books should be in your kids’ schools. 

And if you don’t like it, tough luck: They’re going after your right to vote, too. 

That’s not who we are.",en,Tweet,138,26037,5381,20929,4631632.0,2023-04-26 21:22:00,"<a href=""https://sproutsocial.com"" rel=""nofollow"">Sprout Social</a>",,,,,joebiden,0.0056215606075784,maga extremists are telling women what health care choices they are allowed to make theyre telling you what books should be in your kids schools and if you dont like it tough luck theyre going after your right to vote too thats not who we are,False,-0.1695551374860351,0.2831246042093277,-15.780202,-73.64536,6.4702587,0.898909
1651685167428169750,"The American economy remains strong as it transitions to steady and stable growth.

Our economy added over 300,000 jobs a month during the quarter, the unemployment rate remained near a 50-year low, and workforce participation for working-age Americans is the highest in 15 years.",en,Tweet,9,4070,822,2557,725251.0,2023-04-27 16:30:05,"<a href=""https://sproutsocial.com"" rel=""nofollow"">Sprout Social</a>",,,,,joebiden,0.005611850242192,the american economy remains strong as it transitions to steady and stable growthour economy added over 300000 jobs a month during the quarter the unemployment rate remained near a 50year low and workforce participation for workingage americans is the highest in 15 years,False,0.4026257525506158,-0.2034386952680832,74.0369,16.815954,11.405189,6.25367
1657197993374654464,"We’re proposing a new rule later this year to make it mandatory for all U.S. airlines to compensate you with meals, hotels, taxis, rebooking fees, and cash miles or travel vouchers when they’re the ones to blame for cancellation or delay.

It matters for hardworking families. https://t.co/RctePSK8pq",en,Tweet,108,23807,3401,8394,4243154.0,2023-05-12 21:36:05,"<a href=""https://sproutsocial.com"" rel=""nofollow"">Sprout Social</a>",,,photo,https://pbs.twimg.com/media/Fv-MxouWcAEFu4w.jpg,joebiden,0.0056106848820476,were proposing a new rule later this year to make it mandatory for all us airlines to compensate you with meals hotels taxis rebooking fees and cash miles or travel vouchers when theyre the ones to blame for cancellation or delayit matters for hardworking families,False,0.0238036466936384,0.1288907041717906,21.975763,59.60643,11.444902,2.8215117
1675192544404074496,"With a combination of the Bipartisan Infrastructure Law, the Inflation Reduction Act, and the CHIPS and Science Act, we’ve invested more than $50 billion in climate resilience so far.",en,Tweet,21,5187,1106,2076,924531.0,2023-07-01 13:20:00,"<a href=""https://sproutsocial.com"" rel=""nofollow"">Sprout Social</a>",,,,,joebiden,0.0056104121981848,with a combination of the bipartisan infrastructure law the inflation reduction act and the chips and science act weve invested more than 50 billion in climate resilience so far,False,0.2234157555668114,0.0588774104954337,16.407892,28.321278,8.536172,3.6858811
1670217357443190790,Proud to have the support of unions in this campaign. https://t.co/wDhfFUz86U,en,Tweet,24,7197,1074,2695,1283684.0,2023-06-17 19:50:23,"<a href=""https://sproutsocial.com"" rel=""nofollow"">Sprout Social</a>",,,video,https://video.twimg.com/amplify_video/1670217261565505541/vid/1080x1080/pQREz6NWc0-2CiNq.mp4?tag=16,joebiden,0.0056065199846691,proud to have the support of unions in this caign,False,-0.0401283376413833,-0.1007943370003556,26.304382,-17.701803,7.3190846,7.3853025
1719716183836917766,"One of my favorite parts of my job is meeting with supporters. It was great to meet the winners of our “Meet the Bidens” contest, Carmel-Ann and her daughter Giana.

Chip in and the next winner could be you and a friend: https://t.co/z5ZojyGBPj https://t.co/r6HagirTrh",en,Tweet,15,3783,844,2574,675146.0,2023-11-01 10:01:03,"<a href=""https://sproutsocial.com"" rel=""nofollow"">Sprout Social</a>",,http://joe.link/MeetTheBidens,video,https://video.twimg.com/amplify_video/1719716056258764800/vid/avc1/1080x1920/NGAApeXoq9OwWwRS.mp4?tag=16,joebiden,0.0056032324860104,one of my favorite parts of my job is meeting with supporters it was great to meet the winners of our meet the bidens contest carmelann and her daughter gianachip in and the next winner could be you and a friend,False,-0.1046447174918118,-0.1140791237430422,13.32162,-24.524511,5.6885905,4.754479
1674099341789626379,"Over 13 million new jobs created.
More Americans are working than ever.
Record number of small business applications.

Bidenomics is growing our economy.",en,Tweet,17,5945,1164,4094,1067677.0,2023-06-28 12:56:01,"<a href=""https://sproutsocial.com"" rel=""nofollow"">Sprout Social</a>",,,,,joebiden,0.0055681634052246,over 13 million new jobs createdmore americans are working than everrecord number of small business applicationsbidenomics is growing our economy,False,0.4936069200065436,-0.2018593754424179,76.4651,2.6391354,11.116691,6.839626
1665367148770783233,"Yesterday, I signed our bipartisan budget agreement into law:
—Preventing a default that could have caused an economic crisis and cost millions of jobs
—Protecting Social Security, Medicare &amp; Medicaid, veterans’ benefits and historic investments in infrastructure and clean energy https://t.co/mHpTn6wzug",en,Tweet,21,9172,1368,1974,1649038.0,2023-06-04 10:37:23,"<a href=""https://sproutsocial.com"" rel=""nofollow"">Sprout Social</a>",,,video,https://video.twimg.com/amplify_video/1665367052842926080/vid/1080x1920/j6hsbt5sr9xWXD88.mp4?tag=16,joebiden,0.0055620307112389,yesterday i signed our bipartisan budget agreement into lawpreventing a default that could have caused an economic crisis and cost millions of jobsprotecting social security medicare  medicaid veterans benefits and historic investments in infrastructure and clean energy,False,0.1837985735328864,0.1076646283888861,-40.769382,35.973045,7.7356186,0.4465955
1716830666623717848,Many Medicare beneficiaries will continue to save hundreds of dollars on their health care costs because Democrats capped the price of insulin at $35 per month and made recommended vaccines free.,en,Tweet,17,6585,1396,3849,1185179.0,2023-10-24 10:55:02,"<a href=""https://sproutsocial.com"" rel=""nofollow"">Sprout Social</a>",,,,,joebiden,0.0055561227460155,many medicare beneficiaries will continue to save hundreds of dollars on their health care costs because democrats capped the price of insulin at 35 per month and made recommended vaccines free,False,0.1455511310283722,0.3141326178844789,-13.500464,85.17633,11.1189575,1.3696443
1670446368786137092,"Happy Father’s Day to all the dads working to help raise their children—and all our children—to be honorable, generous, and kind. https://t.co/cZqtHclWHy",en,Tweet,24,9262,1294,4023,1667132.0,2023-06-18 11:00:24,"<a href=""https://sproutsocial.com"" rel=""nofollow"">Sprout Social</a>",,,photo,https://pbs.twimg.com/media/Fy6eGlMWAAEz14M.png,joebiden,0.0055556488628374,happy fathers day to all the dads working to help raise their childrenand all our childrento be honorable generous and kind,False,-0.1471989920837307,-0.1680008363654135,1.3896056,-10.583757,4.333764,5.30228
1691508210346106895,"I just got off the phone with @GovJoshGreenMD – following a call with @FEMA_Deanne – to discuss Hawai'i's recovery after the deadliest wildfire in a century that has claimed 99 lives.

I reassured the Governor that Hawai'i will continue to have everything it needs from the federal government, and directed Administrator Criswell to keep surging resources and personnel as long as it takes.

Every asset they need will be there for them.",en,Retweet,98,17946,3753,6535,3231775.0,2023-08-15 13:52:38,"<a href=""https://mobile.twitter.com"" rel=""nofollow"">Twitter Web App</a>",,,photo,https://pbs.twimg.com/media/F3lw-3gWIBYXAiK.jpg,joebiden,0.005552985588415,i just got off the phone with govjoshgreenmd  following a call with femadeanne  to discuss hawaiis recovery after the deadliest wildfire in a century that has claimed 99 livesi reassured the governor that hawaii will continue to have everything it needs from the federal government and directed administrator criswell to keep surging resources and personnel as long as it takesevery asset they need will be there for them,False,-0.1549764095199549,-0.092925416920804,-16.485924,12.635182,2.6875017,6.374655
1705690929636520407,"We’re achieving the largest increases in Pell Grants in over a decade, fixing the Public Service Loan Forgiveness program, and creating the most generous Income-Driven Repayment plan in history, called SAVE.  

And we're not done getting student loan borrowers the relief they need to reach their dreams.",en,Tweet,50,8970,1676,2652,1616119.0,2023-09-23 17:09:42,"<a href=""https://mobile.twitter.com"" rel=""nofollow"">Twitter Web App</a>",,,,,joebiden,0.0055503338553658,were achieving the largest increases in pell grants in over a decade fixing the public service loan forgiveness program and creating the most generous incomedriven repayment plan in history called save  and were not done getting student loan borrowers the relief they need to reach their dreams,False,0.1663050817213166,0.085636591586975,43.60214,60.4414,7.0728416,-2.0525296
1668744807504662529,"Today’s report is good news for hard-working families. It shows continued progress tackling inflation at the same time that unemployment remains at historic lows. 

Annual inflation is now at the lowest level since March 2021, and less than half of what it was last June.",en,Tweet,8,4932,986,2264,888669.0,2023-06-13 18:19:00,"<a href=""https://sproutsocial.com"" rel=""nofollow"">Sprout Social</a>",,,,,joebiden,0.0055498728998085,todays report is good news for hardworking families it shows continued progress tackling inflation at the same time that unemployment remains at historic lows annual inflation is now at the lowest level since march 2021 and less than half of what it was last june,False,0.3644459139582386,-0.0732155592416251,86.789635,24.94281,12.196439,5.5764503
1650831475347017728,Pitch in here to support our campaign from the very beginning: https://t.co/NZif5djxGP,en,Reply,47,6392,1884,2778,1151914.0,2023-04-25 07:57:49,"<a href=""https://mobile.twitter.com"" rel=""nofollow"">Twitter Web App</a>",,https://secure.actblue.com/donate/social-bfp_launch-apr-2023?refcode=social_20230425_jb_tw_1,,,joebiden,0.0055490253612682,pitch in here to support our caign from the very beginning,False,-0.0857675479429551,-0.0242683554197562,20.457254,-39.86553,6.797079,4.162751
1657141875201961987,"We kept our promise to put the first Black woman on the Supreme Court, and we’ve appointed more Black women to the federal circuit courts than all previous presidents combined—and we’re not done yet. https://t.co/gOqUTTbW5W",en,Tweet,82,16652,2349,16316,3003574.0,2023-05-12 17:53:05,"<a href=""https://sproutsocial.com"" rel=""nofollow"">Sprout Social</a>",,,photo,https://pbs.twimg.com/media/Fv9ZvIAX0AAZt_W.jpg,joebiden,0.0055440618409934,we kept our promise to put the first black woman on the supreme court and weve appointed more black women to the federal circuit courts than all previous presidents combinedand were not done yet,False,0.0028063613662944,-0.0844968667436286,52.158695,46.41979,9.393371,6.689289
1667600017224245248,"To have the best economy in the world, we need the best infrastructure in the world. 

We invested more money in our roads, bridges, high-speed internet, clean water, and more, making the largest investment in infrastructure since Dwight Eisenhower's interstate highway system.",en,Tweet,24,5643,1045,3199,1019005.0,2023-06-10 14:30:01,"<a href=""https://sproutsocial.com"" rel=""nofollow"">Sprout Social</a>",,,,,joebiden,0.0055377549668549,to have the best economy in the world we need the best infrastructure in the world we invested more money in our roads bridges highspeed internet clean water and more making the largest investment in infrastructure since dwight eisenhowers interstate highway system,False,0.2962139240982706,-0.1184100486144736,37.24012,17.989286,8.560782,5.2715335
1670200987166863363,Unions aren’t just good for the workers who join them. We’re rebuilding America with union labor—it’s smart for business and for our entire country. https://t.co/hBDMlz0oQP,en,Tweet,13,5018,967,1450,909419.0,2023-06-17 18:45:20,"<a href=""https://sproutsocial.com"" rel=""nofollow"">Sprout Social</a>",,,photo,"https://pbs.twimg.com/media/Fy2-3zjWAAEimh_.jpg,https://pbs.twimg.com/media/Fy2-5A-XwAY-wee.jpg,https://pbs.twimg.com/media/Fy2-6PLWIAEXYI6.jpg,https://pbs.twimg.com/media/Fy2-7dTWYAQAGei.jpg",joebiden,0.005517808622868,unions arent just good for the workers who join them were rebuilding america with union laborits smart for business and for our entire country,False,0.2269360454071682,-0.1493754621516798,20.919716,-6.462676,7.926492,6.921719
1690143670568386563,".@KamalaHarris and I are humbled to earn the historic, unified endorsement from some of the country’s leading gun violence prevention groups. https://t.co/gauNhzICxn",en,Tweet,29,6243,1427,1650,1132309.0,2023-08-11 19:30:27,"<a href=""https://sproutsocial.com"" rel=""nofollow"">Sprout Social</a>",,,video,https://video.twimg.com/amplify_video/1690143564083105792/vid/1080x1920/fgGUPqewKuDvfr9g.mp4?tag=16,joebiden,0.0055135126542313,kamalaharris and i are humbled to earn the historic unified endorsement from some of the countrys leading gun violence prevention groups,False,-0.1967459343289043,-0.0411738982291738,-46.301277,-44.547127,4.3094864,1.0160824
1663674159237414913,"The bipartisan budget agreement prevents what could have been a catastrophic default and would have led to an economic recession, retirement accounts devastated, and millions of jobs lost.",en,Tweet,14,4934,844,1560,895337.0,2023-05-30 18:30:03,"<a href=""https://sproutsocial.com"" rel=""nofollow"">Sprout Social</a>",,,,,joebiden,0.0055107741554297,the bipartisan budget agreement prevents what could have been a catastrophic default and would have led to an economic recession retirement accounts devastated and millions of jobs lost,False,0.1767274986881483,0.2269375324478498,-42.920784,34.534786,7.81737,0.42770585
1674460493803577344,"For decades, the Supreme Court recognized a college’s freedom to decide how to build a diverse student body and provide opportunity.

Today, the Court walked away from precedent, effectively ending affirmative action in higher education.

I strongly disagree with this decision.",en,Retweet,281,33805,6114,19302,6135425.0,2023-06-29 12:51:06,"<a href=""https://www.sprinklr.com"" rel=""nofollow"">The White House</a>",,,,,joebiden,0.0055098057591772,for decades the supreme court recognized a colleges freedom to decide how to build a diverse student body and provide opportunitytoday the court walked away from precedent effectively ending affirmative action in higher educationi strongly disagree with this decision,False,-0.1029236735307378,0.0949309675056349,35.451187,50.041893,6.9063363,-0.9022602
1710392036635934720,"We used to lead the world in manufacturing, and by investing in America and in our people, we are leading the world in manufacturing growth. https://t.co/CgVHaUM0Rd",en,Tweet,86,13292,3123,5198,2413727.0,2023-10-06 16:30:13,"<a href=""https://sproutsocial.com"" rel=""nofollow"">Sprout Social</a>",,,video,https://video.twimg.com/amplify_video/1710391992809631744/vid/avc1/1080x1920/QfbKezAGoJWuinym.mp4?tag=16,joebiden,0.0055068365229373,we used to lead the world in manufacturing and by investing in america and in our people we are leading the world in manufacturing growth,False,0.2640637325506021,-0.2152556245884413,45.863335,7.0467134,9.487234,5.907181
1688945064263749632,"Folks, this is what Bidenomics in action looks like. https://t.co/R5D4YFRGZB",en,Tweet,280,21063,4562,9587,3827334.0,2023-08-08 12:07:37,"<a href=""https://sproutsocial.com"" rel=""nofollow"">Sprout Social</a>",,,video,https://video.twimg.com/amplify_video/1688945020798197761/vid/1080x1080/7_rherhxRQGsFSN0.mp4?tag=16,joebiden,0.0055033085693592,folks this is what bidenomics in action looks like,False,0.2966718445667983,-0.0823011123583022,68.83176,-12.855654,10.693026,4.8588023
1735390729013272659,"The latest CPI report demonstrates continued progress bringing inflation down and lowering costs for American families. 

Despite this, I know many Americans still find too many things unaffordable. That’s why I’m fighting to bring down insulin and prescription drug costs, health insurance premiums, utility bills, and more.",en,Tweet,11,3380,796,1774,614823.0,2023-12-14 15:06:06,"<a href=""https://mobile.twitter.com"" rel=""nofollow"">Twitter Web App</a>",,,,,joebiden,0.0054975171716087,the latest cpi report demonstrates continued progress bringing inflation down and lowering costs for american families despite this i know many americans still find too many things unaffordable thats why im fighting to bring down insulin and prescription drug costs health insurance premiums utility bills and more,False,0.2688237943840533,0.168038781010224,-1.718526,57.48283,10.561415,2.725365
1715496241704935742,"I know these conflicts can seem far away. And it’s natural to ask: Why does this matter to America?

Let me share why making sure Israel and Ukraine succeed is vital for America’s national security. https://t.co/WSOCbJwYKr",en,Tweet,104,9551,1985,6252,1740479.0,2023-10-20 18:32:31,"<a href=""https://sproutsocial.com"" rel=""nofollow"">Sprout Social</a>",,,video,https://video.twimg.com/amplify_video/1715496114344824833/vid/avc1/1080x1920/SysbH1eStEwMf_xZ.mp4?tag=16,joebiden,0.0054875698011869,i know these conflicts can seem far away and its natural to ask why does this matter to americalet me share why making sure israel and ukraine succeed is vital for americas national security,False,-0.1853805764991055,-0.1868843857084317,-60.526924,17.00802,1.94199,4.1831656
1659008430835658756,"Made a surprise visit to @EMILYsList to thank everyone for leading on the critical fight for women’s rights.

It’s about freedom. It’s about democracy. There is too much at stake to sit this out. https://t.co/rkyMyuMTAb",en,Tweet,15,4573,820,1573,836475.0,2023-05-17 21:30:07,"<a href=""https://sproutsocial.com"" rel=""nofollow"">Sprout Social</a>",,,photo,https://pbs.twimg.com/media/FwX7W9qWAAAUYcy.jpg,joebiden,0.0054669894497743,made a surprise visit to emilyslist to thank everyone for leading on the critical fight for womens rightsits about freedom its about democracy there is too much at stake to sit this out,False,-0.1865252152937337,0.0154659403532194,-24.08063,-68.802536,5.578353,1.3084412
1671986446780055552,"Last year, we launched a nationwide crisis hotline for people who are feeling isolated and overwhelmed.

If you need help, are worried, or are just concerned, you can now pick up the phone and call 988 and talk to a counselor who can help you.",en,Tweet,45,5844,1394,2671,1068987.0,2023-06-22 17:00:07,"<a href=""https://sproutsocial.com"" rel=""nofollow"">Sprout Social</a>",,,,,joebiden,0.0054668578757272,last year we launched a nationwide crisis hotline for people who are feeling isolated and overwhelmedif you need help are worried or are just concerned you can now pick up the phone and call 988 and talk to a counselor who can help you,False,-0.1029341761219245,-0.0167245506160666,-34.17387,4.1791186,5.4818583,1.5885657
1702662205815112026,"Hispanic history is American history.
 
It's a history that beats in the soul of our nation — and no where is the power of possibilities more evident than in the Hispanic community in the United States. https://t.co/fvqHkJlh6l",en,Retweet,22,4943,1202,1179,904685.0,2023-09-15 08:34:38,"<a href=""https://www.sprinklr.com"" rel=""nofollow"">The White House</a>",,,photo,https://pbs.twimg.com/media/F6ESQB2WAAARYjb.jpg,joebiden,0.0054637802107916,hispanic history is american history its a history that beats in the soul of our nation  and no where is the power of possibilities more evident than in the hispanic community in the united states,False,-0.0877614141440499,-0.1596937953844567,-27.898296,-25.263798,4.0746403,3.3006244
1672312818442424321,"In my first week in office, I issued an executive order establishing the country’s first-ever national conservation goal. It’s a nationwide campaign to conserve at least 30% of the lands and waters that support and sustain our nation.",en,Tweet,19,4610,749,2223,843832.0,2023-06-23 14:37:00,"<a href=""https://sproutsocial.com"" rel=""nofollow"">Sprout Social</a>",,,,,joebiden,0.0054631727642469,in my first week in office i issued an executive order establishing the countrys firstever national conservation goal its a nationwide caign to conserve at least 30 of the lands and waters that support and sustain our nation,False,0.0380393029800426,-0.0022203116554367,0.3098351,19.565376,7.7940345,3.1397285
1687120734793986048,"A cup of Joe never tasted better.

Grab yours: https://t.co/4fbxCBQNPZ https://t.co/s2qboyE7C1",en,Tweet,3902,118493,18786,18011,21707442.0,2023-08-03 11:18:23,"<a href=""https://sproutsocial.com"" rel=""nofollow"">Sprout Social</a>",,http://joe.link/DarkRoast,video,https://video.twimg.com/amplify_video/1687120649590890496/vid/1080x1920/g_eKsBe9Z_G19WQy.mp4?tag=16,joebiden,0.0054586348773844,a cup of joe never tasted bettergrab yours,False,-0.045466844386112,-0.1911782453070956,20.59032,-34.012676,6.360542,4.894182
1696645238683582564,"My Inflation Reduction Act is lowering your costs.

2024 Republicans want to raise your costs. https://t.co/xZDTYjbczm",en,Tweet,187,27295,7004,13440,5011235.0,2023-08-29 18:05:21,"<a href=""https://sproutsocial.com"" rel=""nofollow"">Sprout Social</a>",,,video,https://video.twimg.com/amplify_video/1696645153082036224/vid/1080x1350/V3Qs_AEngyz_0JVa.mp4?tag=16,joebiden,0.0054467611277459,my inflation reduction act is lowering your costs2024 republicans want to raise your costs,False,0.2457407627103917,0.3525888934698374,3.2067845,52.548325,10.375388,2.2164705
1712839425233657957,"We’re growing the economy from the middle out and bottom up, not the top down. https://t.co/nPuwpzhIjz",en,Tweet,144,14627,3132,10447,2695969.0,2023-10-13 10:35:16,"<a href=""https://sproutsocial.com"" rel=""nofollow"">Sprout Social</a>",,,video,https://video.twimg.com/amplify_video/1712839360637218816/vid/avc1/1080x1920/rPVb_FMJg8AUXRK-.mp4?tag=16,joebiden,0.0054255074891439,were growing the economy from the middle out and bottom up not the top down,False,0.3369018129516986,-0.1321125249566461,58.117302,7.2997656,9.817796,4.7209964
1682047699514712068,"I’ve never been more optimistic about America’s future. 

There is nothing beyond our capacity if we work together. https://t.co/7cZkQMWzca",en,Tweet,45,13188,1792,11339,2430969.0,2023-07-20 11:19:57,"<a href=""https://sproutsocial.com"" rel=""nofollow"">Sprout Social</a>",,,photo,https://pbs.twimg.com/media/F1fVdL-XgAETnSS.jpg,joebiden,0.0054249971924775,ive never been more optimistic about americas future there is nothing beyond our capacity if we work together,False,0.0333301965862864,-0.244092543531006,-9.471723,-36.95776,4.6983814,3.9666142
1652055338399547395,"My Investing in America agenda is rebuilding the economy from the middle out and the bottom up, following decades of failed trickle-down economic policies.",en,Tweet,21,6040,1128,4283,1114737.0,2023-04-28 17:01:01,"<a href=""https://sproutsocial.com"" rel=""nofollow"">Sprout Social</a>",,,,,joebiden,0.0054183184015601,my investing in america agenda is rebuilding the economy from the middle out and the bottom up following decades of failed trickledown economic policies,False,0.3178563011710565,-0.0043244495696367,48.709873,12.977017,9.451756,5.0895114
1665735361681661952,"The bipartisan budget agreement fully funds the PACT Act I signed last year. 

It expands health care access and disability benefits to veterans and is the most significant law in decades for veterans and their families who were exposed to toxic burn pits.",en,Tweet,6,3857,680,707,712159.0,2023-06-05 11:00:32,"<a href=""https://sproutsocial.com"" rel=""nofollow"">Sprout Social</a>",,,,,joebiden,0.0054159253762151,the bipartisan budget agreement fully funds the pact act i signed last year it expands health care access and disability benefits to veterans and is the most significant law in decades for veterans and their families who were exposed to toxic burn pits,False,0.0302330160700506,0.228709461148854,-39.606613,45.893948,7.472837,1.5397286
1693022534898164069,"When I think climate, I think jobs—good-paying, union jobs.",en,Tweet,74,13979,1947,8640,2581950.0,2023-08-19 18:10:01,"<a href=""https://sproutsocial.com"" rel=""nofollow"">Sprout Social</a>",,,,,joebiden,0.0054141249830554,when i think climate i think jobsgoodpaying union jobs,False,0.1650571718872319,-0.0966769172724134,17.850855,35.810146,9.006303,4.6569886
1715159577396744386,"As I said in Israel, as hard as it is, we cannot give up on peace. 

We cannot give up on a two-state solution. 

Israelis and Palestinians deserve to live in safety, dignity, and peace.",en,Tweet,101,12088,2344,4939,2233384.0,2023-10-19 20:14:44,"<a href=""https://mobile.twitter.com"" rel=""nofollow"">Twitter Web App</a>",,,,,joebiden,0.0054124145243272,as i said in israel as hard as it is we cannot give up on peace we cannot give up on a twostate solution israelis and palestinians deserve to live in safety dignity and peace,False,-0.247276121186937,-0.1450203596844,-77.11264,9.695724,1.0956875,4.201643
1651251056779640833,"Freedom is more than a value. It’s who we are.

That’s been the work of my first term: To protect your rights. To put more money in your pocket. To bring down costs.

But MAGA Republicans are lining up to roll this progress back. We can stop them if we do it together.",en,Tweet,26,6018,1175,5898,1116140.0,2023-04-26 11:45:05,"<a href=""https://sproutsocial.com"" rel=""nofollow"">Sprout Social</a>",,,,,joebiden,0.005391796728009,freedom is more than a value its who we arethats been the work of my first term to protect your rights to put more money in your pocket to bring down costsbut maga republicans are lining up to roll this progress back we can stop them if we do it together,False,0.0418948532188644,0.1383616865773906,13.372223,-50.851337,6.0071917,2.9580789
1661134936521285632,"We’ve created over 12 million jobs since we’ve been in office, unemployment matches the lowest level since 1969, and we’re seeing the highest share of working-age people in the workforce since 2008. https://t.co/QZ8bS52ij5",en,Tweet,26,7895,1473,6970,1464766.0,2023-05-23 18:20:05,"<a href=""https://sproutsocial.com"" rel=""nofollow"">Sprout Social</a>",,,photo,https://pbs.twimg.com/media/Fw2JZ3vWIAE8DoU.jpg,joebiden,0.0053899394169444,weve created over 12 million jobs since weve been in office unemployment matches the lowest level since 1969 and were seeing the highest share of workingage people in the workforce since 2008,False,0.3911963057686233,-0.2179819979170282,69.323204,20.260555,10.888841,6.4489894
1743461196827693151,There is no confusion about who Trump is and what he intends to do. https://t.co/TyDL3SFCpN,en,Tweet,1389,50341,9543,12663,9342036.0,2024-01-05 21:35:15,"<a href=""https://sproutsocial.com"" rel=""nofollow"">Sprout Social</a>",,,video,https://video.twimg.com/amplify_video/1743461132705099776/vid/avc1/1080x1080/-kaQRJQNnEGHvb22.mp4?tag=16,joebiden,0.0053886540364434,there is no confusion about who trump is and what he intends to do,True,-0.1099761099593102,-0.025222380395136,4.0038266,-42.164143,5.9254217,2.6223538
1684357225999917063,This is made possible by our historic investments. https://t.co/ISNp7JbKAM,en,Tweet,83,9136,2541,2427,1695873.0,2023-07-26 20:17:11,"<a href=""https://sproutsocial.com"" rel=""nofollow"">Sprout Social</a>",,,video,https://video.twimg.com/amplify_video/1684357182614126596/vid/1080x1080/IiWzwu1kPZJCDOjH.mp4?tag=16,joebiden,0.0053871958572369,this is made possible by our historic investments,False,0.1783355980058595,-0.1274892459316576,51.918484,15.056562,8.732243,5.668025
1714764553110638868,"What sets us apart from the terrorists is we believe in the fundamental dignity of every human life.

Israeli.
Palestinian.
Arab.
Jew.
Muslim.
Christian.

If we give that up – the terrorists win.

And we can never let them win. https://t.co/HwslgZXLBx",en,Retweet,486,42101,6933,24531,7831000.0,2023-10-18 18:05:02,"<a href=""https://www.sprinklr.com"" rel=""nofollow"">The White House</a>",,,photo,https://pbs.twimg.com/media/F8wRRP-WIAA1isI.jpg,joebiden,0.005376197165113,what sets us apart from the terrorists is we believe in the fundamental dignity of every human lifeisraelipalestinianarabjewmuslimchristianif we give that up  the terrorists winand we can never let them win,False,-0.340346576199424,-0.1609016138334901,-64.651955,8.910816,1.6935984,3.8302777
1717602516446142487,"Once again, our nation is in mourning after yet another senseless and tragic mass shooting. Jill and I are praying for the Americans who’ve lost their lives, for those still in critical care, and for the families, survivors, and community members enduring shock and grief.

Far too many Americans have now had a family member killed or injured as a result of gun violence.

That is not normal, and we cannot accept it.",en,Tweet,55,11325,1931,6376,2107965.0,2023-10-26 14:02:06,"<a href=""https://mobile.twitter.com"" rel=""nofollow"">Twitter Web App</a>",,,,,joebiden,0.0053724800933601,once again our nation is in mourning after yet another senseless and tragic mass shooting jill and i are praying for the americans whove lost their lives for those still in critical care and for the families survivors and community members enduring shock and grieffar too many americans have now had a family member killed or injured as a result of gun violencethat is not normal and we cannot accept it,False,-0.2593072661792996,-0.0272422618446125,-74.18411,-28.783237,2.785173,1.3304635
1673098746945589248,"When @KamalaHarris and I were elected, we vowed to enact the most ambitious climate and environmental justice campaign in American history. That’s exactly what we’ve done.",en,Tweet,31,9169,1527,8481,1711333.0,2023-06-25 18:40:00,"<a href=""https://sproutsocial.com"" rel=""nofollow"">Sprout Social</a>",,,,,joebiden,0.0053578117175324,when kamalaharris and i were elected we vowed to enact the most ambitious climate and environmental justice caign in american history thats exactly what weve done,False,0.0271506850764046,-0.0773917674841906,1.7011473,24.521292,7.724032,3.4320574
1732525064774410663,"My Administration just approved another $4.8 billion in student debt cancellation for 80,300 Americans because of fixes to Public Service Loan Forgiveness and Income-Driven Repayment plans.

Higher education should provide Americans with opportunity – not burdens of debt.",en,Retweet,154,13332,3038,7214,2488999.0,2023-12-06 17:18:58,"<a href=""https://www.sprinklr.com"" rel=""nofollow"">The White House</a>",,,,,joebiden,0.0053563701713017,my administration just approved another 48 billion in student debt cancellation for 80300 americans because of fixes to public service loan forgiveness and incomedriven repayment planshigher education should provide americans with opportunity  not burdens of debt,False,0.1424708723096783,0.0200139419476892,43.631145,55.743504,7.1651425,-1.8247958
1716101603931931126,"We’re a nation of religious freedom and freedom of expression. We all have a right to debate and disagree without fear of being targeted at schools, workplaces, or our communities.
 
We must renounce violence and vitriol and see each other not as enemies but as fellow Americans.",en,Tweet,129,16503,3076,12494,3082257.0,2023-10-22 10:38:00,"<a href=""https://sproutsocial.com"" rel=""nofollow"">Sprout Social</a>",,,,,joebiden,0.0053541933719349,were a nation of religious freedom and freedom of expression we all have a right to debate and disagree without fear of being targeted at schools workplaces or our communities we must renounce violence and vitriol and see each other not as enemies but as fellow americans,False,-0.2269659635385475,-0.061326935113711,-49.184353,-9.218151,2.9292655,3.1017756
1676976816165142534,"Bidenomics is about the future. It’s rooted in what’s always worked best in this country: Investing in Americans. 

When we invest in our people, we strengthen the middle class and see the economy grow.",en,Tweet,16,5542,1094,4010,1036934.0,2023-07-06 11:30:04,"<a href=""https://sproutsocial.com"" rel=""nofollow"">Sprout Social</a>",,,,,joebiden,0.0053446024530008,bidenomics is about the future its rooted in whats always worked best in this country investing in americans when we invest in our people we strengthen the middle class and see the economy grow,False,0.3455231920803085,-0.1421508697871218,60.551487,-1.5027255,10.1150465,5.2301598
1664737415322320900,"The unemployment rate has been under 4% for 16 months in a row. The last time our nation had such a long stretch of low unemployment was in the 1960s.

Our economic plan is working.",en,Tweet,51,12023,1958,7706,2252551.0,2023-06-02 16:55:03,"<a href=""https://sproutsocial.com"" rel=""nofollow"">Sprout Social</a>",,,,,joebiden,0.0053375040121178,the unemployment rate has been under 4 for 16 months in a row the last time our nation had such a long stretch of low unemployment was in the 1960sour economic plan is working,False,0.4119592131889327,-0.1486617063030807,73.719826,13.478615,11.322605,6.047522
1671637893192794113,"The players of the U.S. Women’s National Soccer Team epitomize what it means to be a champion. Whether it’s lifting trophies or fighting for gender equity, this team has been an inspiration to people of all ages.

We can’t wait to watch them at the 2023 World Cup. https://t.co/dgZ2JCdPwa",en,Tweet,34,7322,935,2427,1372027.0,2023-06-21 17:55:05,"<a href=""https://sproutsocial.com"" rel=""nofollow"">Sprout Social</a>",,,photo,https://pbs.twimg.com/media/FzLZycCXsAAr5Wd.jpg,joebiden,0.0053366296727396,the players of the us womens national soccer team epitomize what it means to be a chion whether its lifting trophies or fighting for gender equity this team has been an inspiration to people of all ageswe cant wait to watch them at the 2023 world cup,False,-0.1448714616032781,-0.1604081343882535,-19.527245,-43.461327,4.066095,3.95786
1673448299892822017,"Today, we announced over $40 billion to be distributed across the country to deliver high-speed internet to places with either no or slow service.

With this funding and other federal investments, we will connect every person in America to reliable, high-speed internet by 2030.",en,Tweet,74,8752,1527,3345,1640181.0,2023-06-26 17:49:00,"<a href=""https://sproutsocial.com"" rel=""nofollow"">Sprout Social</a>",,,,,joebiden,0.0053359964540498,today we announced over 40 billion to be distributed across the country to deliver highspeed internet to places with either no or slow servicewith this funding and other federal investments we will connect every person in america to reliable highspeed internet by 2030,False,0.134599310952501,-0.0429043793354051,29.1391,27.260637,8.516045,5.037519
1685315504527781888,"Every contribution from supporters like you will have an enormous impact on our ability to share our message with voters across the country. 

If you can, chip in to our reelection campaign today: https://t.co/TkoZDNe2eY",en,Tweet,15,4726,1264,2936,887684.0,2023-07-29 11:45:02,"<a href=""https://sproutsocial.com"" rel=""nofollow"">Sprout Social</a>",,https://secure.actblue.com/donate/social-bfp-july-2023?refcode=social_20230729_jb_tw_1,,,joebiden,0.0053239666367761,every contribution from supporters like you will have an enormous impact on our ability to share our message with voters across the country if you can chip in to our reelection caign today,False,-0.076171692223792,0.0122896871017544,19.747986,-38.305412,6.5693173,4.2144337
1647711464428298242,"MAGA Republicans have put forward plans to cut Social Security and Medicare.

I’m determined to protect those programs.",en,Tweet,46,16475,3174,11794,3096980.0,2023-04-16 17:20:00,"<a href=""https://sproutsocial.com"" rel=""nofollow"">Sprout Social</a>",,,,,joebiden,0.0053196985450341,maga republicans have put forward plans to cut social security and medicareim determined to protect those programs,False,-0.0060586310595701,0.3929399851593154,-21.049026,57.30301,9.319835,1.0898803
1714740986088210514,I came to Israel with a single message: You are not alone. https://t.co/BydtLPxBkv,en,Tweet,190,21077,3421,13604,3964376.0,2023-10-18 16:31:24,"<a href=""https://sproutsocial.com"" rel=""nofollow"">Sprout Social</a>",,,video,https://video.twimg.com/amplify_video/1714740900209831936/vid/avc1/1080x1920/yh9-we0pFAnovZFi.mp4?tag=16,joebiden,0.0053165996363614,i came to israel with a single message you are not alone,False,-0.3013713222172344,-0.2427837181769008,-80.105,-1.0909874,1.6576196,4.659563
1651609650813616129,"I had a few big calls to make this week.

It means so much to me that grassroots supporters like Robin are the backbone of our campaign. Pitch in here to join her: https://t.co/uqi38HESI2 https://t.co/aNFjIFXq5Y",en,Tweet,30,4617,823,1366,875911.0,2023-04-27 11:30:00,"<a href=""https://studio.twitter.com"" rel=""nofollow"">Twitter Media Studio</a>",,http://joe.link/pitch-in,video,https://video.twimg.com/amplify_video/1651600200824238081/vid/1080x1920/VXKbswytTP4nmL3g.mp4?tag=16,joebiden,0.0052710834776592,i had a few big calls to make this weekit means so much to me that grassroots supporters like robin are the backbone of our caign pitch in here to join her,False,-0.1423739232615623,-0.0230031579246962,17.722334,-40.508118,6.605228,4.291428
1671312224197963778,We included the Butch-Lewis Act in the American Rescue Plan to protect the pension of millions of workers. It’s one of the most significant achievements for union workers and retirees in over 50 years—and not a single Republican voted for it.,en,Tweet,18,4603,1210,1969,873740.0,2023-06-20 20:21:00,"<a href=""https://sproutsocial.com"" rel=""nofollow"">Sprout Social</a>",,,,,joebiden,0.0052681575754801,we included the butchlewis act in the american rescue plan to protect the pension of millions of workers its one of the most significant achievements for union workers and retirees in over 50 yearsand not a single republican voted for it,False,0.1554252380022498,0.2474170920946281,7.2996335,37.89812,8.709927,2.4034941
1707387686154121488,That’s right. https://t.co/SI9hNEOEEJ,en,Tweet,546,42477,8474,3765,8066001.0,2023-09-28 09:32:00,"<a href=""https://sproutsocial.com"" rel=""nofollow"">Sprout Social</a>",,,video,https://video.twimg.com/ext_tw_video/1707375917679476736/pu/vid/avc1/720x900/NIVwJDxzEYbERqOJ.mp4?tag=12,joebiden,0.0052661783701737,thats right,False,-0.0785589666027953,-0.1266604076169208,50.762558,-47.120274,6.3513384,5.9621253
1670090424357093382,"The first bill MAGA Republicans passed in Congress this year would have repealed the climate provisions of the Inflation Reduction Act and replaced them with handouts to the fossil fuel industry.

They want to undo all of our progress.",en,Tweet,29,6121,1420,7357,1166147.0,2023-06-17 11:26:00,"<a href=""https://sproutsocial.com"" rel=""nofollow"">Sprout Social</a>",,,,,joebiden,0.005248909442806,the first bill maga republicans passed in congress this year would have repealed the climate provisions of the inflation reduction act and replaced them with handouts to the fossil fuel industrythey want to undo all of our progress,False,0.0509376616605478,0.3992815738930604,-2.5919576,32.99149,8.765747,2.5305457
1673353683524804613,"The average billionaire in America pays 8% in federal taxes.

Teachers and firefighters pay more than that.

That’s why I proposed a minimum tax for billionaires. Republicans are against it, but I’m going to keep fighting for it.",en,Tweet,249,28352,4976,17533,5404732.0,2023-06-26 11:33:02,"<a href=""https://sproutsocial.com"" rel=""nofollow"">Sprout Social</a>",,,,,joebiden,0.0052457735184649,the average billionaire in america pays 8 in federal taxesteachers and firefighters pay more than thatthats why i proposed a minimum tax for billionaires republicans are against it but im going to keep fighting for it,False,0.066373527331565,0.2519067144795722,-8.519365,49.001446,9.575624,1.8517979
1659012177817133062,I’m confident that Congressional leaders and I will reach an agreement on the budget and that America won’t default. https://t.co/uTxYbu0iI3,en,Retweet,38,7548,1394,3062,1441941.0,2023-05-17 21:45:00,"<a href=""https://www.sprinklr.com"" rel=""nofollow"">The White House</a>",,,video,https://video.twimg.com/amplify_video/1659003074050965505/vid/1080x1920/_qKVTHwTtwYGtXBm.mp4?tag=16,joebiden,0.0052346108474618,im confident that congressional leaders and i will reach an agreement on the budget and that america wont default,False,0.0174169647229555,0.0243617374287055,-39.648956,30.617382,7.677673,0.2345548
1675526242370453507,We are committed to working with our federal enforcement agencies to rigorously enforce federal laws that protect Americans from discrimination based on gender identity or sexual orientation.,en,Tweet,26,7126,1451,4708,1362115.0,2023-07-02 11:26:00,"<a href=""https://sproutsocial.com"" rel=""nofollow"">Sprout Social</a>",,,,,joebiden,0.0052315700216207,we are committed to working with our federal enforcement agencies to rigorously enforce federal laws that protect americans from discrimination based on gender identity or sexual orientation,False,-0.0947878661193513,-0.0328077808670038,-26.804365,-33.38989,3.302965,2.9153063
1758586695203647588,"If you elect Donald Trump, he’ll implement a national abortion ban.

If you elect me, a Democratic House, and more Democratic senators, we’ll restore Roe.",en,Tweet,34,5345,1487,1344,1024793.0,2024-02-16 15:18:35,"<a href=""https://mobile.twitter.com"" rel=""nofollow"">Twitter Web App</a>",,,,,joebiden,0.0052156874607847,if you elect donald trump hell implement a national abortion banif you elect me a democratic house and more democratic senators well restore roe,True,-0.0860820906140192,0.238244052899022,-34.872856,-77.78441,5.8296127,0.24686442
1673727714891530241,"The Inflation Reduction Act includes $369 billion to combat climate change. From day one, we’ve been working to reduce our carbon emissions. 

Thanks to the historic law, by 2030, we’ll be reducing emissions by 1 billion tons a year.",en,Tweet,20,5041,1006,4610,969533.0,2023-06-27 12:19:18,"<a href=""https://sproutsocial.com"" rel=""nofollow"">Sprout Social</a>",,,,,joebiden,0.0051994104378087,the inflation reduction act includes 369 billion to combat climate change from day one weve been working to reduce our carbon emissions thanks to the historic law by 2030 well be reducing emissions by 1 billion tons a year,False,0.2615719904294072,0.1496364244143616,16.03552,33.562866,9.090261,3.2712326
1713757676889309524,"Jill and I were sickened to learn of the brutal murder of a child and the attempted murder of the child’s mother yesterday in Illinois. Our condolences and prayers are with the family.

This act of hate against a Palestinian Muslim family has no place in America.",en,Retweet,866,64463,10494,16681,12409822.0,2023-10-15 23:24:04,"<a href=""https://mobile.twitter.com"" rel=""nofollow"">Twitter Web App</a>",,,,,joebiden,0.0051945144740996,jill and i were sickened to learn of the brutal murder of a child and the attempted murder of the childs mother yesterday in illinois our condolences and prayers are with the familythis act of hate against a palestinian muslim family has no place in america,False,-0.3433656582250377,-0.0380372690681915,-76.551,-25.112598,2.4789507,2.087302
1655251902026711043,"Eight Americans, including children, were killed in Allen, Texas yesterday – the latest act of gun violence to devastate our nation.

Jill and I are praying for their families and those critically injured. We're grateful to the first responders who acted quickly and courageously.",en,Retweet,76,24412,3291,7244,4704825.0,2023-05-07 12:43:01,"<a href=""https://www.sprinklr.com"" rel=""nofollow"">The White House</a>",,,,,joebiden,0.0051887158395902,eight americans including children were killed in allen texas yesterday  the latest act of gun violence to devastate our nationjill and i are praying for their families and those critically injured were grateful to the first responders who acted quickly and courageously,False,-0.2682768619773524,-0.0250019876345937,-74.926445,-29.420105,2.524632,1.7218513
1714055478487941198,Bidenomics is investing in a future that’s made in America. https://t.co/Eky2c5xFfx,en,Tweet,50,9917,2636,5104,1912562.0,2023-10-16 19:07:26,"<a href=""https://sproutsocial.com"" rel=""nofollow"">Sprout Social</a>",,,video,https://video.twimg.com/amplify_video/1714055371306815488/vid/avc1/1080x1920/jecO9Ntga4p71gOZ.mp4?tag=16,joebiden,0.005185191382031,bidenomics is investing in a future thats made in america,False,0.3685369555929826,-0.1743618954845485,61.704185,-1.7207707,9.750267,5.552032
1653891184471711745,"Every time someone starts a new business, it’s an act of hope. 

A record 10.5 million new business applications were filed in my first two years in office, the largest number ever on record.",en,Tweet,21,5348,959,2814,1031624.0,2023-05-03 18:36:00,"<a href=""https://sproutsocial.com"" rel=""nofollow"">Sprout Social</a>",,,,,joebiden,0.0051840593084302,every time someone starts a new business its an act of hope a record 105 million new business applications were filed in my first two years in office the largest number ever on record,False,0.2173520189013236,-0.1335709673149795,65.69196,32.94259,10.566683,7.414707
1669411704537587712,"At a time when guns are the number one killer of kids in America, it shouldn’t be this hard to convince Republicans in Congress to keep weapons of war off our streets and to keep guns out of the hands of dangerous people.",en,Tweet,35,9497,1888,14583,1833371.0,2023-06-15 14:29:01,"<a href=""https://sproutsocial.com"" rel=""nofollow"">Sprout Social</a>",,,,,joebiden,0.0051800753911783,at a time when guns are the number one killer of kids in america it shouldnt be this hard to convince republicans in congress to keep weapons of war off our streets and to keep guns out of the hands of dangerous people,False,-0.2068248202314148,0.2582213582917812,-70.538605,-39.43153,3.0070555,0.35211226
1669727787152752642,"My Investing in America agenda is rebuilding our infrastructure, manufacturing, and supply chains here at home, and creating good-paying jobs.",en,Tweet,12,3627,628,3038,700738.0,2023-06-16 11:25:01,"<a href=""https://sproutsocial.com"" rel=""nofollow"">Sprout Social</a>",,,,,joebiden,0.0051759716184936,my investing in america agenda is rebuilding our infrastructure manufacturing and supply chains here at home and creating goodpaying jobs,False,0.3313603212929089,-0.0541150560356403,47.244114,14.916459,9.046745,5.560144
1679614936274685953,.@KamalaHarris and I are ready to finish the job. https://t.co/13U6ZHVCWD,en,Tweet,147,25065,3190,22219,4857233.0,2023-07-13 18:13:01,"<a href=""https://sproutsocial.com"" rel=""nofollow"">Sprout Social</a>",,,photo,https://pbs.twimg.com/media/F08wbTtXsAUm_Y3.jpg,joebiden,0.0051603454065308,kamalaharris and i are ready to finish the job,False,-0.0977341591026741,-0.1374375186126211,23.269217,-47.460114,6.263671,3.7530797
1720863499981656265,"Bidenomics is about investing in America—including rural America. 

The historic legislation we’ve passed is creating new and better markets and new income streams so that generations of rural Americans can begin to thrive again.",en,Tweet,23,5011,1109,3633,971713.0,2023-11-04 14:00:05,"<a href=""https://sproutsocial.com"" rel=""nofollow"">Sprout Social</a>",,,,,joebiden,0.005156872451022,bidenomics is about investing in americaincluding rural america the historic legislation weve passed is creating new and better markets and new income streams so that generations of rural americans can begin to thrive again,False,0.364832797095659,-0.0748649667063452,61.049923,-3.0729082,10.000659,5.379297
1671605158378102791,"I believe America is big enough for all of us to succeed. That is the nation we’re building: one where no one is left behind. 

Let’s continue the fight together: https://t.co/KPpn7xBD3z",en,Tweet,18,6286,1152,3847,1223246.0,2023-06-21 15:45:01,"<a href=""https://sproutsocial.com"" rel=""nofollow"">Sprout Social</a>",,https://secure.actblue.com/donate/social-bfp-june-2023?refcode=sm_20230621_jrb,,,joebiden,0.0051387864746747,i believe america is big enough for all of us to succeed that is the nation were building one where no one is left behind lets continue the fight together,False,0.0202401389717685,-0.1574543217316175,-6.066304,-34.94377,4.988886,3.628676
1664786476259844099,"The bipartisan budget agreement protects my Investing in America agenda, safeguards folks’ health care and retirement security, and protects programs families rely on — from child care to Meals on Wheels.
 
And now, it’s on its way to my desk. https://t.co/KAAl1RSio2",en,Retweet,21,5940,1187,1048,1160195.0,2023-06-02 20:10:00,"<a href=""https://www.sprinklr.com"" rel=""nofollow"">The White House</a>",,,photo,https://pbs.twimg.com/media/FxqCeihWcAAiS9U.jpg,joebiden,0.0051198289942638,the bipartisan budget agreement protects my investing in america agenda safeguards folks health care and retirement security and protects programs families rely on  from child care to meals on wheels and now its on its way to my desk,False,0.1450346578734445,0.1902057143271302,-41.421688,37.104107,7.865581,0.89998543
1675660375340072960,"While my Investing in America agenda is creating clean energy jobs right here in America, House Republicans are proposing a plan to ship these jobs overseas. All while giving hundreds of billions of dollars in tax breaks to big corporations.",en,Tweet,17,6386,1661,3609,1247459.0,2023-07-02 20:19:00,"<a href=""https://sproutsocial.com"" rel=""nofollow"">Sprout Social</a>",,,,,joebiden,0.0051192063226126,while my investing in america agenda is creating clean energy jobs right here in america house republicans are proposing a plan to ship these jobs overseas all while giving hundreds of billions of dollars in tax breaks to big corporations,False,0.2146404144655179,0.1621073594368265,-3.374307,42.289413,9.254939,3.3177614
1648099541860614144,"All over the country, semiconductor companies are investing hundreds of billions of dollars to bring chip production back home. Now, “Made in America” isn’t just a slogan: it’s a reality. https://t.co/hVp0BT20L0",en,Tweet,17,5296,1063,1182,1037495.0,2023-04-17 19:02:05,"<a href=""https://sproutsocial.com"" rel=""nofollow"">Sprout Social</a>",,,photo,https://pbs.twimg.com/media/Ft85yDcWAAMl6Z2.jpg,joebiden,0.0051046029137489,all over the country semiconductor companies are investing hundreds of billions of dollars to bring chip production back home now made in america isnt just a slogan its a reality,False,0.1942950373056636,-0.1129272272788694,43.617317,34.566593,9.184267,4.9011106
1711830253000077647,"Vice President @KamalaHarris and I met with our teams for an update on the terrorist attack in Israel and to direct next steps.

The United States and the State of Israel are inseparable partners, and I affirmed to Prime Minister Netanyahu that the United States will continue to make sure Israel has what it needs to defend itself and its people.",en,Tweet,114,17027,2994,7142,3336866.0,2023-10-10 15:45:11,"<a href=""https://mobile.twitter.com"" rel=""nofollow"">Twitter Web App</a>",,,photo,https://pbs.twimg.com/media/F8GffyKWcAAJBd5.jpg,joebiden,0.0051026921668415,vice president kamalaharris and i met with our teams for an update on the terrorist attack in israel and to direct next stepsthe united states and the state of israel are inseparable partners and i affirmed to prime minister netanyahu that the united states will continue to make sure israel has what it needs to defend itself and its people,False,-0.2638011868184109,-0.194249035507301,-76.75296,3.302054,1.2667783,4.5279894
1660316196909072390,"MAGA House Republicans are threatening a default that could cost us millions of jobs and trigger a recession.
 
All because they are demanding deep cuts that will hurt hardworking families – even while they protect tax breaks for the wealthy and corporations.

I’ve got a plan to continue reducing the deficit – if only they’d listen.",en,Retweet,717,46259,14732,21450,9087522.0,2023-05-21 12:06:43,"<a href=""http://twitter.com/download/iphone"" rel=""nofollow"">Twitter for iPhone</a>",,,photo,https://pbs.twimg.com/media/Fwqgx86WIAE-Aer.jpg,joebiden,0.0050903865762305,maga house republicans are threatening a default that could cost us millions of jobs and trigger a recessionall because they are demanding deep cuts that will hurt hardworking families  even while they protect tax breaks for the wealthy and corporationsive got a plan to continue reducing the deficit  if only theyd listen,False,0.164637278945406,0.3696968390525429,-19.102484,41.91206,8.497384,1.3309053
1714017120315445289,"An attack on one group of us is an attack on all of us.

In America, hate will not prevail.

Venom and violence against any one community cannot – and will not – be the story of our time.",en,Retweet,167,22686,4559,11680,4487057.0,2023-10-16 16:35:01,"<a href=""https://www.sprinklr.com"" rel=""nofollow"">The White House</a>",,,,,joebiden,0.0050558751538034,an attack on one group of us is an attack on all of usin america hate will not prevailvenom and violence against any one community cannot  and will not  be the story of our time,False,-0.2434643442207557,-0.0811144134795084,-50.212025,-7.9917593,2.6916246,3.1643083
1710286284864770200,"September was another good month for American workers, with 336,000 jobs created and inflation coming down.

That’s nearly 14 million jobs – including 815,000 in manufacturing – created under Bidenomics.",en,Retweet,89,24380,5682,6776,4823449.0,2023-10-06 09:30:00,"<a href=""https://www.sprinklr.com"" rel=""nofollow"">The White House</a>",,,,,joebiden,0.0050544745056908,september was another good month for american workers with 336000 jobs created and inflation coming downthats nearly 14 million jobs  including 815000 in manufacturing  created under bidenomics,False,0.4693104706511085,-0.1853761923450783,75.48452,6.1662884,11.293519,6.6021357
1649544800109043714,"Environmental inequity and injustice goes against everything we stand for as a nation, but it continues to exist.

Vice President @KamalaHarris and I vowed to take action on the most ambitious climate agenda in American history, and that’s exactly what we are doing.",en,Tweet,8,4905,912,2808,983936.0,2023-04-21 18:45:02,"<a href=""https://sproutsocial.com"" rel=""nofollow"">Sprout Social</a>",,,,,joebiden,0.0049850803304279,environmental inequity and injustice goes against everything we stand for as a nation but it continues to existvice president kamalaharris and i vowed to take action on the most ambitious climate agenda in american history and thats exactly what we are doing,False,-0.0153272793185976,-0.0233270094049264,1.654708,24.474089,7.9194913,3.4072134
1712487592740978801,"Our nation’s support for Israel is resolute and unwavering. 

And the right time to praise the terrorists who seek to destroy them is never.",en,Tweet,367,33900,7818,5893,6803743.0,2023-10-12 11:17:13,"<a href=""https://mobile.twitter.com"" rel=""nofollow"">Twitter Web App</a>",,,,,joebiden,0.0049825515161286,our nations support for israel is resolute and unwavering and the right time to praise the terrorists who seek to destroy them is never,False,-0.2879918747696574,-0.1112014177319768,-72.70972,-0.41309738,1.4463323,4.2861786
1717289362256236756,"While House Republicans spent the last 22 days determining who would lead their conference, I proposed a historic supplemental funding package that advances our bipartisan national security interests in Israel and Ukraine, secures our border, and invests in the American people.

We need to move swiftly to address our national security needs and to avoid a shutdown in 22 days.",en,Tweet,83,11995,2636,10142,2410706.0,2023-10-25 17:17:44,"<a href=""https://mobile.twitter.com"" rel=""nofollow"">Twitter Web App</a>",,,,,joebiden,0.0049757208054403,while house republicans spent the last 22 days determining who would lead their conference i proposed a historic supplemental funding package that advances our bipartisan national security interests in israel and ukraine secures our border and invests in the american peoplewe need to move swiftly to address our national security needs and to avoid a shutdown in 22 days,False,-0.0812669240700459,0.1983605795200402,-52.154404,36.1515,8.3055,0.56572825
1689769915417346048,"Thanks to Bidenomics, we’re restoring the American dream. https://t.co/zhqyxlaQ8n",en,Tweet,84,17219,3044,12801,3464038.0,2023-08-10 18:45:16,"<a href=""https://sproutsocial.com"" rel=""nofollow"">Sprout Social</a>",,,video,https://video.twimg.com/amplify_video/1689769851030585344/vid/1080x1080/6rAX6Bb8oxGPkTOg.mp4?tag=16,joebiden,0.0049707884266858,thanks to bidenomics were restoring the american dream,False,0.3322612634848914,-0.1934400253005578,54.807697,-2.4309716,10.240721,5.4424863
1651720362378375168,"Together, we can finish the job for the American people. Tune in now for a campaign strategy call. https://t.co/yl5a9row3i",en,Tweet,16,4497,963,2025,905685.0,2023-04-27 18:49:56,"<a href=""https://studio.twitter.com"" rel=""nofollow"">Twitter Media Studio</a>",,https://twitter.com/i/broadcasts/1YpKkgVbmeNKj,,,joebiden,0.0049653025058381,together we can finish the job for the american people tune in now for a caign strategy call,False,-0.0395456935809818,-0.094958058625219,31.929295,-49.51353,6.094358,3.9756536
1648777262202773507,"Over 12 million jobs have been created since we took office.
Unemployment has been below 4% for 14 straight months.
More Americans are applying to start small businesses.

The progress we’ve made is creating strong, sustainable economic growth. https://t.co/tAwb1ovVwj",en,Tweet,21,4895,1078,2952,985904.0,2023-04-19 15:55:06,"<a href=""https://sproutsocial.com"" rel=""nofollow"">Sprout Social</a>",,,photo,https://pbs.twimg.com/media/FuGiKk6XsAAhqRl.jpg,joebiden,0.0049649864489848,over 12 million jobs have been created since we took officeunemployment has been below 4 for 14 straight monthsmore americans are applying to start small businessesthe progress weve made is creating strong sustainable economic growth,False,0.4186894024681576,-0.2271241930012633,68.86686,21.29528,10.837092,6.7619424
1657538741047549952,Investing in America is the core of our work to build our economy from the middle out and the bottom up. https://t.co/d9m57doeKe,en,Tweet,18,5188,890,1962,1050362.0,2023-05-13 20:10:06,"<a href=""https://sproutsocial.com"" rel=""nofollow"">Sprout Social</a>",,,photo,https://pbs.twimg.com/media/FwDCrwHWcAAfrcz.jpg,joebiden,0.0049392495158811,investing in america is the core of our work to build our economy from the middle out and the bottom up,False,0.2964786509660271,-0.1429691671070556,49.031654,11.968272,9.181195,5.459333
1692553186102378962,"My Administration's whole-of-government response to the Maui wildfires will continue as long as it takes.
 
Residents can apply for FEMA assistance by:
- Visiting https://t.co/swj8W7NBov
- Calling 1-800-621-3362
- Using the FEMA app https://t.co/o3WiuodSO9",en,Retweet,31,6010,1791,2373,1227761.0,2023-08-18 11:05:00,"<a href=""https://www.sprinklr.com"" rel=""nofollow"">The White House</a>",,http://DisasterAssistance.gov,photo,https://pbs.twimg.com/media/F30g2XcWMAAjwcI.jpg,joebiden,0.0048950895166078,my administrations wholeofgovernment response to the maui wildfires will continue as long as it takes residents can apply for fema assistance by visiting  calling 18006213362 using the fema app,False,-0.1488774350469011,-0.0757515340492285,-16.49518,12.071007,2.5847275,6.1364846
1648395976774696960,Congress must pass a law restoring Roe vs. Wade.,en,Tweet,66,29229,3618,12140,6014255.0,2023-04-18 14:40:01,"<a href=""https://sproutsocial.com"" rel=""nofollow"">Sprout Social</a>",,,,,joebiden,0.0048599535603329,congress must pass a law restoring roe vs wade,False,-0.1417000378768791,0.3112954328460949,-33.1839,-75.59952,5.3472586,0.2511086
1672332889051246592,"Tomorrow will mark one year since the Supreme Court overturned Roe v. Wade—and Vice President Harris and I are not giving up the fight to protect reproductive rights. 

Tune in as we deliver remarks with abortion rights groups.
 https://t.co/NpiFwXeFIm",en,Tweet,8,3196,758,1125,659076.0,2023-06-23 15:56:45,"<a href=""https://studio.twitter.com"" rel=""nofollow"">Twitter Media Studio</a>",,https://twitter.com/i/broadcasts/1LyxBqdEmqPJN,,,joebiden,0.0048492131408213,tomorrow will mark one year since the supreme court overturned roe v wadeand vice president harris and i are not giving up the fight to protect reproductive rights tune in as we deliver remarks with abortion rights groups,False,-0.2173981954513701,0.1066481770718545,-25.526447,-66.98607,5.627825,0.74099773
1748759825628925966,We have spent the last three years working on behalf of the American people. Let's keep it going. https://t.co/kIRFvCgwpc,en,Tweet,197,20977,3975,15245,4330880.0,2024-01-20 12:30:07,"<a href=""https://sproutsocial.com"" rel=""nofollow"">Sprout Social</a>",,,photo,https://pbs.twimg.com/media/GETXxtfXkAEtTVq.jpg,joebiden,0.004843588370031,we have spent the last three years working on behalf of the american people lets keep it going,False,0.0610258840404287,-0.0844813787303309,23.219069,-50.02373,6.628455,3.9188316
1703429439789441036,This is MAGAnomics. https://t.co/mokUDqX0un,en,Tweet,42,7380,1829,4101,1528092.0,2023-09-17 11:23:21,"<a href=""https://sproutsocial.com"" rel=""nofollow"">Sprout Social</a>",,,video,https://video.twimg.com/amplify_video/1703429353604861953/vid/avc1/1080x1920/uXKq8YnjzqBXTsqL.mp4?tag=16,joebiden,0.0048295521473837,this is maganomics,False,0.2685911180270594,-0.0663638366077193,65.732925,-16.587732,10.827501,4.6417947
1694854654834643104,"Apropos of nothing, I think today's a great day to give to my campaign. https://t.co/Tj5cURqgQT",en,Tweet,177,29390,6112,17840,6087971.0,2023-08-24 19:30:13,"<a href=""https://mobile.twitter.com"" rel=""nofollow"">Twitter Web App</a>",,https://secure.actblue.com/donate/social-bfp-august-2023?refcode=social_20230824_jb_tw_1,,,joebiden,0.0048275525622576,apropos of nothing i think todays a great day to give to my caign,False,-0.131361464884499,-0.066853378169563,13.690734,-34.32187,6.653334,4.534433
1713184081549173046,"The U.S. is working with the governments of Israel, Egypt, Jordan — and with the UN — to surge support to ease the humanitarian consequences of Hamas’s attack, create conditions needed to resume the flow of assistance, and advocate for the upholding of the law of war.",en,Retweet,249,25719,5350,12665,5330498.0,2023-10-14 09:24:49,"<a href=""https://www.sprinklr.com"" rel=""nofollow"">The White House</a>",,,,,joebiden,0.0048248775255145,the us is working with the governments of israel egypt jordan  and with the un  to surge support to ease the humanitarian consequences of hamass attack create conditions needed to resume the flow of assistance and advocate for the upholding of the law of war,False,-0.1875802950229135,-0.1181459612801575,-79.280045,15.178415,0.7103119,4.5775623
1655620858751201299,"We’re creating jobs.
We’re lowering costs.

Our plan to grow the economy from the bottom up and middle out is working. https://t.co/8BL5278opZ",en,Tweet,19,6870,1287,8373,1426931.0,2023-05-08 13:09:07,"<a href=""https://sproutsocial.com"" rel=""nofollow"">Sprout Social</a>",,,photo,https://pbs.twimg.com/media/FvnyYUcXsAQzZ3h.jpg,joebiden,0.004814528523103,were creating jobswere lowering costsour plan to grow the economy from the bottom up and middle out is working,False,0.4582781975489971,-0.1020372665168742,62.151577,6.567507,10.093788,4.948548
1664769145223741443,Tune in as I deliver remarks on the passage of the bipartisan budget agreement. https://t.co/NAnAAvVmtG,en,Retweet,57,8012,1728,1516,1667103.0,2023-06-02 19:01:08,"<a href=""https://studio.twitter.com"" rel=""nofollow"">Twitter Media Studio</a>",,https://twitter.com/i/broadcasts/1LyGBqNVrLPKN,,,joebiden,0.0048059418044355,tune in as i deliver remarks on the passage of the bipartisan budget agreement,False,-0.0082546982126323,0.0466887634053864,-46.69632,27.072653,7.530791,0.13866018
1653784091278417921,We're investing in the backbone of America and building an economy that leaves no one behind. https://t.co/0ApgNOzVvX,en,Tweet,24,4663,1050,2663,971463.0,2023-05-03 11:30:27,"<a href=""https://studio.twitter.com"" rel=""nofollow"">Twitter Media Studio</a>",,,video,https://video.twimg.com/amplify_video/1653577678409322496/vid/1080x1080/ErfVvraPrJnydy-r.mp4?tag=16,joebiden,0.0047999769419936,were investing in the backbone of america and building an economy that leaves no one behind,False,0.2802311884030774,-0.1559103268804548,45.819603,11.475162,8.992847,5.5010757
1714090576076038360,"On Wednesday, I'll travel to Israel to stand in solidarity in the face of Hamas's brutal terrorist attack.

I'll then travel to Jordan to address dire humanitarian needs, meet with leaders, and make clear that Hamas does not stand for Palestinians' right to self-determination.",en,Retweet,549,58021,9372,22437,12089242.0,2023-10-16 21:26:54,"<a href=""https://www.sprinklr.com"" rel=""nofollow"">The White House</a>",,,,,joebiden,0.0047993910619044,on wednesday ill travel to israel to stand in solidarity in the face of hamass brutal terrorist attackill then travel to jordan to address dire humanitarian needs meet with leaders and make clear that hamas does not stand for palestinians right to selfdetermination,False,-0.3224651696052245,-0.1309360869627199,-73.02067,13.236435,1.0159744,4.320451
1676751673501384707,"Bidenomics is about growing the economy from the middle out and the bottom up, not from the top down.

That's in clear contrast to the MAGA economic vision for America. https://t.co/aeo4dFbsgs",en,Tweet,30,7317,1690,5082,1534824.0,2023-07-05 20:35:26,"<a href=""https://sproutsocial.com"" rel=""nofollow"">Sprout Social</a>",,,video,https://video.twimg.com/amplify_video/1676751566869610497/vid/1080x1920/6oq0ZS-PNBb6iuTS.mp4?tag=16,joebiden,0.0047673218557958,bidenomics is about growing the economy from the middle out and the bottom up not from the top downthats in clear contrast to the maga economic vision for america,False,0.3459197003257857,-0.0707799579695284,57.822342,1.9109352,10.194432,4.8025894
1712232741897384364,"Today, I'm proud to announce that we are taking our most comprehensive action ever to eliminate junk fees.  

The Federal Trade Commission is proposing a new rule that would ban hidden fees across the economy and require companies to show consumers the all-in pricing upfront. The Consumer Financial Protection Bureau is also banning banks and credit unions from charging fees for basic services like checking your account balance.  

These actions are going to save Americans tens of billions of dollars.",en,Tweet,216,22726,2992,7508,4769330.0,2023-10-11 18:24:32,"<a href=""https://mobile.twitter.com"" rel=""nofollow"">Twitter Web App</a>",,,,,joebiden,0.0047650298888942,today im proud to announce that we are taking our most comprehensive action ever to eliminate junk fees  the federal trade commission is proposing a new rule that would ban hidden fees across the economy and require companies to show consumers the allin pricing upfront the consumer financial protection bureau is also banning banks and credit unions from charging fees for basic services like checking your account balance  these actions are going to save americans tens of billions of dollars,False,0.1752493453080965,0.1698406578741529,17.496138,68.68397,11.728677,2.3225524
1724521340533629011,"Today, I am announcing $6 billion in new investments from the Inflation Reduction Act and the Bipartisan Infrastructure Law to make communities more resilient to climate change.",en,Tweet,103,11036,2181,10164,2316495.0,2023-11-14 15:15:02,"<a href=""https://sproutsocial.com"" rel=""nofollow"">Sprout Social</a>",,,,,joebiden,0.0047640940299892,today i am announcing 6 billion in new investments from the inflation reduction act and the bipartisan infrastructure law to make communities more resilient to climate change,False,0.2022149800314339,0.0420881843483527,16.893644,27.953949,8.579044,3.9277017
1671205050226552843,"The investments we’ve made in these past three years have the power to transform our country for the next five decades, with unions and working people at the center. https://t.co/ac1ffvHmbE",en,Tweet,6,3350,691,1890,705685.0,2023-06-20 13:15:08,"<a href=""https://sproutsocial.com"" rel=""nofollow"">Sprout Social</a>",,,photo,https://pbs.twimg.com/media/FzFQHqRXsAo5AYY.jpg,joebiden,0.0047471605603066,the investments weve made in these past three years have the power to transform our country for the next five decades with unions and working people at the center,False,0.2289874081255794,-0.1130001901063831,51.726456,14.668029,8.699868,5.920238
1717156632549892196,"We must, without equivocation, denounce antisemitism.
We must, without equivocation, denounce Islamophobia.
 
To all of you hurting: You belong.

You’re all America.",en,Retweet,297,30230,5227,19963,6381272.0,2023-10-25 08:30:19,"<a href=""https://www.sprinklr.com"" rel=""nofollow"">The White House</a>",,,,,joebiden,0.0047373000241958,we must without equivocation denounce antisemitismwe must without equivocation denounce islamophobia to all of you hurting you belongyoure all america,False,-0.2912242355189784,-0.093585731651242,-52.333996,-4.693937,2.584241,3.0824986
1659319725359345665,"I'm proud of the progress we have made. 

We reduced the deficit in our first two years by $1.7 trillion. That includes more revenue by asking the wealthy and large corporations to begin to pay their fair share and cutting subsidies to Big Oil and Big Pharma. https://t.co/p6Y4cZWYTe",en,Tweet,247,13882,3325,10454,2956343.0,2023-05-18 18:07:05,"<a href=""https://sproutsocial.com"" rel=""nofollow"">Sprout Social</a>",,,photo,https://pbs.twimg.com/media/FwcWesIWIAA9KLI.jpg,joebiden,0.0046956662335865,im proud of the progress we have made we reduced the deficit in our first two years by 17 trillion that includes more revenue by asking the wealthy and large corporations to begin to pay their fair share and cutting subsidies to big oil and big pharma,False,0.2541072978239533,0.0414529317041715,-37.224777,37.94526,9.629382,2.5051386
1678424321243463681,"The Republican Study Committee, which includes over three-quarters of the House Republicans, just released a plan trying to repeal the Inflation Reduction Act again. 

It hasn’t stopped them from claiming credit now that billions of dollars and thousands of jobs are coming to the United States.",en,Tweet,40,10012,2995,3176,2133737.0,2023-07-10 11:21:56,"<a href=""https://mobile.twitter.com"" rel=""nofollow"">Twitter Web App</a>",,,,,joebiden,0.0046922371407535,the republican study committee which includes over threequarters of the house republicans just released a plan trying to repeal the inflation reduction act again it hasnt stopped them from claiming credit now that billions of dollars and thousands of jobs are coming to the united states,False,0.1993354869639761,0.3186697118055319,3.3321533,46.1925,9.424867,2.3675249
1670603576299737089,"Starting in September, Live Nation will automatically list all the prices upfront for event tickets at more than 200 venues, benefitting over 30 million customers.

It will also give customers the option of an all-in price for all other tickets sold on its platform. https://t.co/apMsrW46s7",en,Tweet,25,6008,1003,2325,1281015.0,2023-06-18 21:25:05,"<a href=""https://sproutsocial.com"" rel=""nofollow"">Sprout Social</a>",,,photo,https://pbs.twimg.com/media/Fy8tFROWYAES_9n.jpg,joebiden,0.0046900309520185,starting in september live nation will automatically list all the prices upfront for event tickets at more than 200 venues benefitting over 30 million customersit will also give customers the option of an allin price for all other tickets sold on its platform,False,0.0746945220545191,0.0857025341645403,12.9472885,76.32008,11.605118,2.4352686
1674762206402211842,"Thanks, @BarackObama. 

Chip in $5 before midnight→ https://t.co/AUgU2Gnqqb https://t.co/gYyyseYQLF",en,Tweet,52,4899,1005,4358,1045872.0,2023-06-30 08:50:00,"<a href=""https://studio.twitter.com"" rel=""nofollow"">Twitter Media Studio</a>",,http://joe.link/441eiFB,video,https://video.twimg.com/amplify_video/1674561402759987201/vid/1080x1080/S_2KfkSR3BOdq28Q.mp4?tag=16,joebiden,0.0046841296066822,thanks barackobama chip in 5 before midnight,False,-0.0843249256567495,-0.1084014168915874,15.34196,-35.779797,6.452728,4.3933887
1652832061055533056,Our economic plan is working. https://t.co/V1ccEhDh9o,en,Tweet,42,6752,1342,6126,1449245.0,2023-04-30 20:27:26,"<a href=""https://sproutsocial.com"" rel=""nofollow"">Sprout Social</a>",,,video,https://video.twimg.com/amplify_video/1652831953790353409/vid/1080x1920/wEuLaQCd6k4LgF6S.mp4?tag=16,joebiden,0.0046589776055808,our economic plan is working,False,0.3932354340583091,-0.1397567118217406,67.72709,-4.272337,10.591282,5.443864
1650862300289720326,"Proud of all that @JoeBiden and his administration have accomplished these last few years. He’s delivered for the American people — and he’ll continue to do so once he’s re-elected. 

Let’s get to work! https://t.co/eEt7bAueIT",en,Retweet,216,40343,7316,21473,8782781.0,2023-04-25 10:00:18,"<a href=""http://twitter.com/download/iphone"" rel=""nofollow"">Twitter for iPhone</a>",,http://joebiden.com,,,joebiden,0.0045934197835514,proud of all that joebiden and his administration have accomplished these last few years hes delivered for the american people  and hell continue to do so once hes reelectedlets get to work,False,0.115395457028175,-0.1732056550443465,23.794985,-51.34361,6.5011044,3.6208732
1663632067144347655,"Our bipartisan budget agreement protects Congressional Democrats’ and my key priorities and legislative accomplishments, including the Bipartisan Infrastructure Law, the CHIPS and Science Act, the PACT Act, and the Inflation Reduction Act -- the most aggressive action in our history to tackle the climate crisis, invest in environmental justice, and create millions of clean energy manufacturing jobs.",en,Tweet,25,4845,934,1357,1060350.0,2023-05-30 15:42:48,"<a href=""https://mobile.twitter.com"" rel=""nofollow"">Twitter Web App</a>",,,photo,https://pbs.twimg.com/media/FxZbBMgXwAUBo3F.jpg,joebiden,0.004569246003678,our bipartisan budget agreement protects congressional democrats and my key priorities and legislative accomplishments including the bipartisan infrastructure law the chips and science act the pact act and the inflation reduction act  the most aggressive action in our history to tackle the climate crisis invest in environmental justice and create millions of clean energy manufacturing jobs,False,0.2119464327755993,0.2262413192343486,15.415334,29.579922,8.678028,2.7904677
1670579899625603072,"Thanks to the Bipartisan Infrastructure Law, we’ve already announced over 25,000 infrastructure projects in 4,500 towns across America. 

Union workers are building roads and bridges, laying internet cable, and installing 500,000 electric vehicle chargers throughout America.",en,Tweet,21,5552,1144,1705,1215514.0,2023-06-18 19:51:00,"<a href=""https://sproutsocial.com"" rel=""nofollow"">Sprout Social</a>",,,,,joebiden,0.0045676150171861,thanks to the bipartisan infrastructure law weve already announced over 25000 infrastructure projects in 4500 towns across america union workers are building roads and bridges laying internet cable and installing 500000 electric vehicle chargers throughout america,False,0.2815519004878124,-0.0933565260010708,28.49776,19.809431,8.147579,4.941437
1674560376313372674,Here are 5 reasons why my friend @BarackObama thinks you should donate $5 to my campaign today: https://t.co/AUgU2Gnqqb. https://t.co/xxqEHDQRt7,en,Tweet,156,8218,2277,9999,1812458.0,2023-06-29 19:28:00,"<a href=""https://studio.twitter.com"" rel=""nofollow"">Twitter Media Studio</a>",,http://joe.link/441eiFB,video,https://video.twimg.com/amplify_video/1674548138248380418/vid/1080x1080/pPUVXeVxBjWEWNmg.mp4?tag=16,joebiden,0.0045341740332741,here are 5 reasons why my friend barackobama thinks you should donate 5 to my caign today,False,-0.0722357237450706,-0.0586639777137792,14.957704,-35.841652,6.502626,4.306582
1663696843358756864,Our bipartisan budget agreement is good news for the American people. https://t.co/aGIBDfILwX,en,Tweet,32,5967,1199,2383,1324338.0,2023-05-30 20:00:12,"<a href=""https://sproutsocial.com"" rel=""nofollow"">Sprout Social</a>",,,photo,https://pbs.twimg.com/media/FxajcfWX0AE6c_W.png,joebiden,0.0045056473498457,our bipartisan budget agreement is good news for the american people,False,0.0999170796667614,0.0680569607929067,-44.12682,32.35806,7.7867737,0.3938856
1653201389047234564,"When I took office, small businesses were getting crushed and hundreds of thousands were closed. 

So we moved fast. I signed the American Rescue Plan and delivered $450 billion in relief to 6 million small businesses.",en,Tweet,47,7893,1466,9145,1758893.0,2023-05-01 20:55:00,"<a href=""https://sproutsocial.com"" rel=""nofollow"">Sprout Social</a>",,,,,joebiden,0.0044874816148566,when i took office small businesses were getting crushed and hundreds of thousands were closed so we moved fast i signed the american rescue plan and delivered 450 billion in relief to 6 million small businesses,False,0.2398184799223768,0.0114868093467461,66.0055,29.938488,10.516106,7.4712243
1681379968276746242,Let’s keep it going: https://t.co/fV7C0VWjt1 https://t.co/C1PcBFhyi1,en,Tweet,87,11916,2141,9863,2657605.0,2023-07-18 15:06:37,"<a href=""https://sproutsocial.com"" rel=""nofollow"">Sprout Social</a>",,http://joe.link/43qvL9a,photo,https://pbs.twimg.com/media/F1V2J0RXgAQ1Xdk.jpg,joebiden,0.0044837362964022,lets keep it going,False,-0.0584161448999131,-0.1245978467814972,26.390438,-44.49301,6.3382955,4.9833355
1730327265207009694,"Carmel-Ann and Giana, Jill and I had a great time meeting you both. https://t.co/1XUGYZm86p",en,Tweet,30,3051,612,1323,680712.0,2023-11-30 15:45:42,"<a href=""https://sproutsocial.com"" rel=""nofollow"">Sprout Social</a>",,,video,https://video.twimg.com/amplify_video/1730327096159789056/vid/avc1/1080x1920/1v-451D3QD-mdo7r.mp4?tag=16,joebiden,0.0044820717131474,carmelann and giana jill and i had a great time meeting you both,False,-0.2155062651753353,-0.2031132475361317,13.1695385,-23.151136,4.6096406,5.4797554
1671672117962715138,"Over the past two years, extreme weather events have personally affected a third of Americans.  

We’re doing something about it by reclaiming our leadership on the world stage and making the largest investment in climate, environmental justice, and conservation ever. https://t.co/sA1X70kO0Q",en,Tweet,14,3978,692,2981,888176.0,2023-06-21 20:11:05,"<a href=""https://sproutsocial.com"" rel=""nofollow"">Sprout Social</a>",,,photo,https://pbs.twimg.com/media/FzL46khXsAI0cRI.jpg,joebiden,0.0044788420313091,over the past two years extreme weather events have personally affected a third of americans  were doing something about it by reclaiming our leadership on the world stage and making the largest investment in climate environmental justice and conservation ever,False,0.0808930638364127,-0.0488253481324547,5.6726656,26.89806,8.205341,3.3958652
1714855375311127015,"I grieve with the families of those killed or wounded in the tragedy at the hospital in Gaza.

We’re working with our partners in the region to get life-saving humanitarian assistance to civilians in Gaza as quickly as we can. https://t.co/4biiEEIyBe",en,Retweet,102,11461,2592,11100,2565049.0,2023-10-19 00:05:56,"<a href=""http://twitter.com/download/iphone"" rel=""nofollow"">Twitter for iPhone</a>",,,video,https://video.twimg.com/amplify_video/1714854858891612160/vid/avc1/720x1280/XiDIHOPo-FMZ7G6_.mp4?tag=14,joebiden,0.0044681407645623,i grieve with the families of those killed or wounded in the tragedy at the hospital in gazawere working with our partners in the region to get lifesaving humanitarian assistance to civilians in gaza as quickly as we can,False,-0.3207094274185551,-0.1191780162184096,-85.155846,8.532709,0.6966534,4.876411
1725958020083875952,"The choices we make today will determine the direction of our future for generations to come.

So, will we relentlessly pursue our vision or allow others to drag the world into danger and division?

America cannot, and will not, let that happen.",en,Retweet,296,16546,4843,11910,3717830.0,2023-11-18 14:23:53,"<a href=""https://mobile.twitter.com"" rel=""nofollow"">Twitter Web App</a>",,,,,joebiden,0.0044504455556063,the choices we make today will determine the direction of our future for generations to comeso will we relentlessly pursue our vision or allow others to drag the world into danger and divisionamerica cannot and will not let that happen,False,-0.1459464051483036,-0.0971328882427396,-6.2026653,-38.6732,4.5766525,3.3581111
1672257224939372545,"The Bipartisan Safer Communities Act has already delivered more than $1.5 billion to states and communities to make schools safer, improve access to mental health services, and help young people deal with the grief and trauma resulting from gun violence. https://t.co/e33w36H5Kx",en,Tweet,16,4061,878,1238,915669.0,2023-06-23 10:56:06,"<a href=""https://sproutsocial.com"" rel=""nofollow"">Sprout Social</a>",,,photo,https://pbs.twimg.com/media/FzUNESeWIAMe4mf.jpg,joebiden,0.0044350087204,the bipartisan safer communities act has already delivered more than 15 billion to states and communities to make schools safer improve access to mental health services and help young people deal with the grief and trauma resulting from gun violence,False,-0.0178086887024818,0.1604033433135914,-51.411995,-29.758535,4.450158,0.9639623
1681773467182460935,"Chip in to help us share our message nationwide:
https://t.co/RVtCg6xHhR",en,Reply,14,3113,776,719,702702.0,2023-07-19 17:10:15,"<a href=""https://mobile.twitter.com"" rel=""nofollow"">Twitter Web App</a>",,https://secure.actblue.com/donate/social-bfp-mtg-july-2023?refcode=social_20230719_jb_tw,,,joebiden,0.0044300428915813,chip in to help us share our message nationwide,False,-0.0761239466259924,0.0093837104140045,19.95804,-38.56324,6.576348,4.226814
1699440163124900345,That’s Bidenomics. https://t.co/xGVpZrvKYN,en,Tweet,69,11050,2110,7167,2498191.0,2023-09-06 11:11:23,"<a href=""https://sproutsocial.com"" rel=""nofollow"">Sprout Social</a>",,,video,https://video.twimg.com/amplify_video/1699440077313548288/vid/avc1/1080x1920/Bj1RYNFQDDed3M-8.mp4?tag=16,joebiden,0.0044232006279744,thats bidenomics,False,0.3067247946614348,-0.0961073254906089,67.08554,-11.095852,10.649701,4.902836
1730383718353608726,"Investments we're making spurred by the Inflation Reduction Act are going to communities that historically get left behind. When I took office, I vowed I’d be president for all Americans, and we're delivering on that promise.",en,Tweet,17,3546,827,2141,810983.0,2023-11-30 19:30:02,"<a href=""https://sproutsocial.com"" rel=""nofollow"">Sprout Social</a>",,,,,joebiden,0.0043724714328167,investments were making spurred by the inflation reduction act are going to communities that historically get left behind when i took office i vowed id be president for all americans and were delivering on that promise,False,0.2929022137083329,-0.0121724485136228,61.94282,13.279184,9.304518,5.124375
1666935932811968512,"We’ve invested hundreds of billions of dollars in jobs, manufacturing, and infrastructure since I’ve taken office.

A few of these investments may be coming to your neighborhood—go to https://t.co/DOLVZklLiD to find out. https://t.co/KdM0gxe76w",en,Tweet,50,7937,1753,3031,1816988.0,2023-06-08 18:31:11,"<a href=""https://sproutsocial.com"" rel=""nofollow"">Sprout Social</a>",,http://Invest.gov,video,https://video.twimg.com/amplify_video/1666935889375756289/vid/1080x1080/T16LPFavXzhnyfX5.mp4?tag=16,joebiden,0.0043682181720517,weve invested hundreds of billions of dollars in jobs manufacturing and infrastructure since ive taken officea few of these investments may be coming to your neighborhoodgo to  to find out,False,0.3384861446523097,-0.18387744992435,44.941086,17.83549,8.894127,5.3097844
1674923628666691586,"We’re announcing a new path to provide student debt relief to as many borrowers as possible, as quickly as possible. https://t.co/jlvB86qM7h",en,Tweet,91,9581,1863,5798,2199039.0,2023-06-30 19:31:26,"<a href=""https://sproutsocial.com"" rel=""nofollow"">Sprout Social</a>",,,video,https://video.twimg.com/amplify_video/1674923521728819203/vid/1080x1920/yAFOA1ddUi7OsGpt.mp4?tag=16,joebiden,0.004356903174523,were announcing a new path to provide student debt relief to as many borrowers as possible as quickly as possible,False,0.0621678179875129,0.0079688981554676,41.7871,61.17924,7.333107,-1.9597387
1699958299066614068,This is Bidenomics in action. https://t.co/SupmAZg3nO,en,Tweet,100,10991,2654,4926,2522944.0,2023-09-07 21:30:16,"<a href=""https://sproutsocial.com"" rel=""nofollow"">Sprout Social</a>",,,video,https://video.twimg.com/amplify_video/1699958233476026368/vid/avc1/1080x1920/1BHhXCLXI17JzckW.mp4?tag=16,joebiden,0.004356418533269,this is bidenomics in action,False,0.3145636681381439,-0.0730643252738461,68.92793,-12.470024,10.860721,4.8820114
1679119476325859330,Tune in as I deliver remarks alongside G7 leaders to announce a new Joint Declaration of Support for Ukraine. https://t.co/SowVb23mvt,en,Retweet,38,4818,1139,1129,1112173.0,2023-07-12 09:24:14,"<a href=""https://studio.twitter.com"" rel=""nofollow"">Twitter Media Studio</a>",,https://twitter.com/i/broadcasts/1mrGmkkpMnnxy,,,joebiden,0.0043320598504009,tune in as i deliver remarks alongside g7 leaders to announce a new joint declaration of support for ukraine,False,-0.132326951422651,-0.1812261343829611,-50.63704,19.631672,2.6713076,4.269552
1658124330914525190,"My budget invests in working families by lowering costs on everything from health care to child care.

House Republicans' commitments invest in the biggest corporations and wealthiest Americans.

It's time for us to reward work, not wealth.",en,Tweet,25,6851,1518,5557,1589118.0,2023-05-15 10:57:01,"<a href=""https://sproutsocial.com"" rel=""nofollow"">Sprout Social</a>",,,,,joebiden,0.0043111965253681,my budget invests in working families by lowering costs on everything from health care to child carehouse republicans commitments invest in the biggest corporations and wealthiest americansits time for us to reward work not wealth,False,0.2345589696910377,0.2610571387587184,-7.5725646,54.85789,9.544297,2.12694
1670168807652970498,"Under Bidenomics, we're creating union jobs and exporting products abroad. It’s a big deal. https://t.co/ApoCFjBHHF",en,Tweet,60,7144,1396,5276,1662162.0,2023-06-17 16:37:28,"<a href=""https://sproutsocial.com"" rel=""nofollow"">Sprout Social</a>",,,video,https://video.twimg.com/amplify_video/1670168690514358273/vid/1080x1920/5fi1R7Sz0yPQJRUe.mp4?tag=16,joebiden,0.0042980166794813,under bidenomics were creating union jobs and exporting products abroad its a big deal,False,0.3790205813848096,-0.1951672478632283,42.498814,-0.4484488,9.732023,5.9934435
1756862645360099534,"Hey by the way, we just joined TikTok

Follow us: https://t.co/KbtdOh2O4a https://t.co/vDeXUzhb9W",en,Retweet,1027,24929,5150,2921,5801032.0,2024-02-11 21:07:50,"<a href=""https://mobile.twitter.com"" rel=""nofollow"">Twitter Web App</a>",,https://www.tiktok.com/@bidenhq,video,https://video.twimg.com/ext_tw_video/1756862544893845504/pu/vid/avc1/576x1024/GZUaCzsCjE73uuWC.mp4?tag=12,joebiden,0.0042973388183343,hey by the way we just joined tiktokfollow us,False,-0.0973298025305179,-0.1973892552981968,32.404396,-39.153458,6.1706495,5.093562
1668996825578106886,"Jill and I are excited to fly out one lucky grassroots supporter and a guest to meet us at an event.

If you chip in now, it could be you and your guest: https://t.co/4G4gqzYi63 https://t.co/jsjiWakLwU",en,Tweet,43,7660,1109,5387,1784277.0,2023-06-14 11:00:26,"<a href=""https://sproutsocial.com"" rel=""nofollow"">Sprout Social</a>",,http://joe.link/3NlnVbX,photo,https://pbs.twimg.com/media/Fyl3wDxWcAMNvQB.jpg,joebiden,0.0042930553944258,jill and i are excited to fly out one lucky grassroots supporter and a guest to meet us at an eventif you chip in now it could be you and your guest,False,-0.143265509655678,-0.0638185295797404,13.510343,-25.404348,6.1540103,4.525476
1648725417992364035,That’s why we’re building an economy from the bottom up and middle out. https://t.co/2lTouXoinZ,en,Tweet,43,9285,1815,9326,2218931.0,2023-04-19 12:29:06,"<a href=""https://sproutsocial.com"" rel=""nofollow"">Sprout Social</a>",,,photo,https://pbs.twimg.com/media/FuFzA2qWABMS1Ex.png,joebiden,0.0041844473757859,thats why were building an economy from the bottom up and middle out,False,0.314233309706209,-0.1217506386361433,57.755306,6.9925294,9.758078,4.667687
1652739499426824194,Dark Brandon made an appearance at the White House Correspondents’ Dinner. https://t.co/lNfWrNXj0i,en,Retweet,5116,135007,16825,10911,32773653.0,2023-04-30 14:19:37,"<a href=""https://www.sprinklr.com"" rel=""nofollow"">The White House</a>",,,video,https://video.twimg.com/amplify_video/1652739380539162624/vid/1080x1920/RhP43alZQKBQIbb0.mp4?tag=16,joebiden,0.0041193760121888,dark brandon made an appearance at the white house correspondents dinner,False,-0.1229080642453057,-0.1167748620045552,7.5475354,-1.9733151,4.411525,4.817069
1701739977317454075,"Today, @CDCgov and @US_FDA authorized, approved, and recommended Americans 6 months and up get an updated COVID-19 vaccine.

Schedule your updated COVID-19 vaccine, flu shot, and RSV shot to stay healthy and protect those around you this fall and winter. https://t.co/tw0IvqAIbp",en,Retweet,93,7342,1947,5434,1783536.0,2023-09-12 19:30:02,"<a href=""https://www.sprinklr.com"" rel=""nofollow"">The White House</a>",,,photo,https://pbs.twimg.com/media/F53LfQIWAAA7iOJ.jpg,joebiden,0.0041165415220102,today cdcgov and usfda authorized approved and recommended americans 6 months and up get an updated covid19 vaccineschedule your updated covid19 vaccine flu shot and rsv shot to stay healthy and protect those around you this fall and winter,False,-0.0954764033022034,0.0106854413770577,-36.156815,68.926834,10.169037,0.36318463
1660798439171538945,"I just concluded a productive meeting with Speaker McCarthy about the need to prevent default and avoid a catastrophe for our economy.
 
We reiterated once again that default is off the table and the only way to move forward is in good faith toward a bipartisan agreement.
 
While there are areas of disagreement, the Speaker and I, and his lead negotiators Chairman McHenry and Congressman Graves, and our staffs will continue to discuss the path forward.",en,Retweet,152,25107,3456,9042,6100698.0,2023-05-22 20:02:58,"<a href=""https://mobile.twitter.com"" rel=""nofollow"">Twitter Web App</a>",,,,,joebiden,0.0041154307261234,i just concluded a productive meeting with speaker mccarthy about the need to prevent default and avoid a catastrophe for our economy we reiterated once again that default is off the table and the only way to move forward is in good faith toward a bipartisan agreement while there are areas of disagreement the speaker and i and his lead negotiators chairman mchenry and congressman graves and our staffs will continue to discuss the path forward,False,0.0032814676349253,0.1098788283484039,-41.321423,30.706026,7.665657,0.31938264
1656268074197155849,We have a few new folks joining the team to help get our message out across the country. You’ll be hearing a lot more from them soon — let’s finish the job! https://t.co/XXmIDsKkFv,en,Tweet,170,15003,3860,13683,3647634.0,2023-05-10 08:00:55,"<a href=""https://studio.twitter.com"" rel=""nofollow"">Twitter Media Studio</a>",,,video,https://video.twimg.com/amplify_video/1656255421206724609/vid/1080x1920/1n7TG2p1bd97LvbW.mp4?tag=16,joebiden,0.0041130771343835,we have a few new folks joining the team to help get our message out across the country youll be hearing a lot more from them soon  lets finish the job,False,-0.0051951291895478,-0.1307168755403252,30.528471,-48.473995,6.201494,4.262629
1661800660570980352,"Guns remain the number one killer of children in America.

It’s time to act. https://t.co/v7JgfN6QTZ",en,Tweet,52,8988,1766,11620,2192207.0,2023-05-25 14:25:26,"<a href=""https://sproutsocial.com"" rel=""nofollow"">Sprout Social</a>",,,video,https://video.twimg.com/amplify_video/1661800553981067264/vid/1080x1920/kmoxUyd542lRSa1M.mp4?tag=16,joebiden,0.0040999777849445,guns remain the number one killer of children in americaits time to act,False,-0.2289878493057388,0.1086333877207371,-71.35369,-39.16972,3.0528054,0.4452277
1738016731040235680,"My heart is with those who lost their lives in today’s senseless shooting in Prague, those injured, and the Czech people. Our authorities are in touch with Czech law enforcement, and we stand ready to offer additional support if needed.",en,Retweet,68,5224,760,1975,1277761.0,2023-12-21 21:00:54,"<a href=""https://www.sprinklr.com"" rel=""nofollow"">The White House</a>",,,,,joebiden,0.0040884015085763,my heart is with those who lost their lives in todays senseless shooting in prague those injured and the czech people our authorities are in touch with czech law enforcement and we stand ready to offer additional support if needed,False,-0.3158641770091024,-0.1224788241308417,-77.638374,-28.646124,2.351254,1.6265795
1665103569786109952,"The annual inflation rate has fallen for 10 months in a row, and it’s down more than 40% since last summer.",en,Tweet,61,12652,2101,12549,3106363.0,2023-06-03 17:10:01,"<a href=""https://sproutsocial.com"" rel=""nofollow"">Sprout Social</a>",,,,,joebiden,0.0040729303046681,the annual inflation rate has fallen for 10 months in a row and its down more than 40 since last summer,False,0.304416934837886,0.0300343634047196,86.72704,28.627691,12.152582,5.4995484
1711126823201919437,"We’ve canceled $127 billion in student debt for nearly 3.6 million Americans.

It’s a big deal.",en,Tweet,771,79558,9691,33020,19576701.0,2023-10-08 17:10:00,"<a href=""https://sproutsocial.com"" rel=""nofollow"">Sprout Social</a>",,,,,joebiden,0.0040639125049721,weve canceled 127 billion in student debt for nearly 36 million americansits a big deal,False,0.1602162612867914,0.0477511877994501,45.967148,54.06254,7.397681,-1.7886026
1732078642547605825,"We’ve created close to 800,000 manufacturing jobs since I’ve taken office.",en,Tweet,293,16805,3189,11002,4143862.0,2023-12-05 11:45:03,"<a href=""https://sproutsocial.com"" rel=""nofollow"">Sprout Social</a>",,,,,joebiden,0.0040553956671337,weve created close to 800000 manufacturing jobs since ive taken office,False,0.3516011477216332,-0.1539687471243656,57.898575,21.40113,10.629689,6.55752
1678886597046190080,"Since I’ve been in office, we’ve created more jobs than any president has created in their first two years. https://t.co/OUZxtYmO4w",en,Tweet,130,12509,2667,11593,3091561.0,2023-07-11 17:58:51,"<a href=""https://sproutsocial.com"" rel=""nofollow"">Sprout Social</a>",,,video,https://video.twimg.com/amplify_video/1678886532306853891/vid/1080x1920/FIaS6e8tJLbGUONY.mp4?tag=16,joebiden,0.0040461760256388,since ive been in office weve created more jobs than any president has created in their first two years,False,0.2786996916641399,-0.2022350850943226,85.57611,2.6554909,10.716403,6.65951
1712891221750788274,"In May, we released the first-ever national strategy to counter antisemitism. It's the most ambitious, comprehensive effort to combat antisemitism in all of American history.

We’re aggressively implementing it, but we must all do our part and forcefully speak out against antisemitism.  

There is no place for hate in America.",en,Tweet,79,9295,1783,6373,2304662.0,2023-10-13 14:01:05,"<a href=""https://mobile.twitter.com"" rel=""nofollow"">Twitter Web App</a>",,,,,joebiden,0.0040331293699466,in may we released the firstever national strategy to counter antisemitism its the most ambitious comprehensive effort to combat antisemitism in all of american historywere aggressively implementing it but we must all do our part and forcefully speak out against antisemitism  there is no place for hate in america,False,-0.1177283350396819,-0.0971152985130566,-57.26784,-7.369049,2.6208622,3.1314034
1727031428120998363,"Deaths from fentanyl are an American tragedy that requires global action.

I’m committed to doing everything I can to control this crisis – from expanding prevention, harm reduction, treatment, and recovery, to working with Chinese, Mexican, and Canadian partners to tackle this.",en,Retweet,134,11615,3176,13039,2895001.0,2023-11-21 13:29:13,"<a href=""https://www.sprinklr.com"" rel=""nofollow"">The White House</a>",,,,,joebiden,0.004012088424149,deaths from fentanyl are an american tragedy that requires global actionim committed to doing everything i can to control this crisis  from expanding prevention harm reduction treatment and recovery to working with chinese mexican and canadian partners to tackle this,False,-0.0742327850947464,0.0509609083649807,-47.39451,-37.68752,4.183988,0.75108886
1715091192965165484,"Hamas’s terrorist attacks against Israel.
The need for humanitarian assistance in Gaza.
Russia’s ongoing brutal war against Ukraine.
 
We are at a global inflection point that is bigger than party or politics.

Tonight, I'll address the nation at 8:00 PM ET from the Oval Office.",en,Retweet,699,36908,7127,19722,9244581.0,2023-10-19 15:42:59,"<a href=""https://www.sprinklr.com"" rel=""nofollow"">The White House</a>",,,,,joebiden,0.003992392948907,hamass terrorist attacks against israelthe need for humanitarian assistance in gazarussias ongoing brutal war against ukraine we are at a global inflection point that is bigger than party or politicstonight ill address the nation at 800 pm et from the oval office,False,-0.236132080859029,-0.0618989431660899,-64.72245,13.835903,1.4063674,4.066853
1661760329758507011,"Heads up for travelers this Memorial Day weekend:

We launched https://t.co/Qybz3gXfK9: If your flight was canceled or delayed because of an airline, you can check the dashboard to see how you could be compensated.",en,Tweet,75,3203,815,456,802709.0,2023-05-25 11:45:11,"<a href=""https://sproutsocial.com"" rel=""nofollow"">Sprout Social</a>",,http://flightrights.gov,,,joebiden,0.0039902380563815,heads up for travelers this memorial day weekendwe launched  if your flight was canceled or delayed because of an airline you can check the dashboard to see how you could be compensated,False,-0.0741532878948052,-0.0579338041634756,23.146297,57.43582,11.183895,2.9743125
1718740220412064102,"Earlier I spoke with Prime Minister Netanyahu about the developments in Gaza — we discussed efforts to secure the release of hostages and help Americans in Gaza leave safely, and I underscored the need to immediately and significantly increase the flow of humanitarian assistance to civilians in Gaza.

I reiterated that Israel has every right to defend its citizens from terrorism and a responsibility to do so in a manner consistent with international humanitarian law which prioritizes the protection of civilians.",en,Retweet,448,27644,5163,19358,6944445.0,2023-10-29 17:22:55,"<a href=""http://twitter.com/download/iphone"" rel=""nofollow"">Twitter for iPhone</a>",,,,,joebiden,0.0039807356815411,earlier i spoke withprime minister netanyahu about the developments in gaza  we discussed efforts to secure the release of hostages and help americans in gaza leave safely and i underscored the need to immediately and significantly increase the flow of humanitarian assistance to civilians in gazai reiterated that israel has every right to defend its citizens from terrorism anda responsibilityto do so in a manner consistent with international humanitarian law which prioritizes the protection of civilians,False,-0.2731031991949172,-0.1249962970439738,-81.323,11.504851,0.850004,4.785701
1719853829863121024,"Junk fees take real money out of the pockets of Americans. They add up to hundreds of dollars, weighing down family budgets and making it harder to pay the bills.

That’s why we have taken steps to crack down on deceptive junk fees in banking, concerts, health care, and more.",en,Tweet,41,7255,1351,7144,1822547.0,2023-11-01 19:08:01,"<a href=""https://sproutsocial.com"" rel=""nofollow"">Sprout Social</a>",,,,,joebiden,0.003980692953323,junk fees take real money out of the pockets of americans they add up to hundreds of dollars weighing down family budgets and making it harder to pay the billsthats why we have taken steps to crack down on deceptive junk fees in banking concerts health care and more,False,0.1315212364374805,0.258572695145989,18.60391,72.48215,11.774353,2.5142934
1662948440400068611,Tune in as I deliver remarks on reaching a bipartisan budget agreement. https://t.co/txWaZvF5Xg,en,Retweet,53,7483,1598,1453,1886629.0,2023-05-28 18:26:18,"<a href=""https://studio.twitter.com"" rel=""nofollow"">Twitter Media Studio</a>",,https://twitter.com/i/broadcasts/1eaKbrAQpDXKX,,,joebiden,0.00396633360348,tune in as i deliver remarks on reaching a bipartisan budget agreement,False,0.0038723708848766,0.0300886150173384,-46.69045,27.0645,7.56801,0.1840201
1674099932888989698,Join me in Chicago as I deliver remarks on my plan to grow the economy from the middle out and bottom up. https://t.co/svjqJ2nB0D,en,Retweet,20,4137,1008,1359,1047662.0,2023-06-28 12:58:21,"<a href=""https://studio.twitter.com"" rel=""nofollow"">Twitter Media Studio</a>",,https://twitter.com/i/broadcasts/1mrGmkwPdqLxy,,,joebiden,0.0039487926449561,join me in chicago as i deliver remarks on my plan to grow the economy from the middle out and bottom up,False,0.1881598791274112,-0.1126651517586866,57.38928,8.699898,9.532744,4.8139668
1716550923982368976,"Tech Hubs made possible by our CHIPS and Science Act will bring together folks from industry to local governments, supercharging innovation and developing the tech of the future.

Today, I announced 31 Hubs will get to compete for up to $75 million each to scale up their work.",en,Retweet,61,7240,2021,5040,1836429.0,2023-10-23 16:23:26,"<a href=""https://www.sprinklr.com"" rel=""nofollow"">The White House</a>",,,,,joebiden,0.0039424339301982,tech hubs made possible by our chips and science act will bring together folks from industry to local governments supercharging innovation and developing the tech of the futuretoday i announced 31 hubs will get to compete for up to 75 million each to scale up their work,False,0.1182290492176117,-0.0472223071066192,46.422558,34.157925,8.819078,4.4658065
1747755922334609530,"Folks, in the 24 hours after Trump won Iowa, our team raised more than $1.6 million from grassroots donors. 

Join us. Pitch in what you can today and help continue our progress: https://t.co/AW2V9PVKfp. https://t.co/J7g0ZUJqpZ",en,Tweet,241,24819,5016,19252,6316362.0,2024-01-17 18:00:58,"<a href=""https://studio.twitter.com"" rel=""nofollow"">Twitter Media Studio</a>",,http://joe.link/ChipIn,video,https://video.twimg.com/amplify_video/1747755340542664704/vid/avc1/720x1280/17tgrgnbvE1sJbgv.mp4?tag=14,joebiden,0.0039293188072501,folks in the 24 hours after trump won iowa our team raised more than 16 million from grassroots donors join us pitch in what you can today and help continue our progress,True,0.0005766108961149,-0.0650605851795797,17.389585,-60.034748,6.5470614,3.945112
1686149853561114624,Our campaign is powered by grassroots donors—let's keep the momentum going: https://t.co/4S5GKy11bU. https://t.co/HUmyk8YKcY,en,Tweet,48,7925,1836,6051,2017612.0,2023-07-31 19:00:26,"<a href=""https://sproutsocial.com"" rel=""nofollow"">Sprout Social</a>",,http://joe.link/3Q2tWMB,video,https://video.twimg.com/amplify_video/1686149810313678848/vid/1080x1080/h4wHTT5_-QUwVjOm.mp4?tag=16,joebiden,0.0039279108173424,our caign is powered by grassroots donorslets keep the momentum going,False,-0.0773507166854408,-0.0342367537997831,18.485254,-41.73979,6.610373,4.3630714
1701633823107133807,We're going to transition to an electric vehicle future made in America—and it will protect and expand good union jobs.,en,Tweet,112,22433,3202,15043,5738735.0,2023-09-12 12:28:12,"<a href=""https://sproutsocial.com"" rel=""nofollow"">Sprout Social</a>",,,,,joebiden,0.0039090496424734,were going to transition to an electric vehicle future made in americaand it will protect and expand good union jobs,False,0.184539063123247,-0.1152025053815865,32.16538,-2.8619692,8.762377,6.508551
1702676142132752596,"I’ll ask you nicely to buy this new, color-changing campaign mug. 

But I know someone who won’t: https://t.co/iRL1DMxYAb https://t.co/gTaeXNERbS",en,Tweet,3491,73264,10440,9283,18818568.0,2023-09-15 09:30:01,"<a href=""https://studio.twitter.com"" rel=""nofollow"">Twitter Media Studio</a>",,http://joe.link/mug,video,https://video.twimg.com/amplify_video/1702443462073688064/vid/avc1/720x1280/qAF49C0nB175dWOQ.mp4?tag=14,joebiden,0.0038931761439021,ill ask you nicely to buy this new colorchanging caign mug but i know someone who wont,False,-0.1274951745201649,0.002298970594357,20.299385,-34.953842,6.4111114,4.5411243
1696492901633585429,"No senior should have to overpay for life-saving drugs to pad Big Pharma’s pockets.

My Administration is announcing the first 10 Medicare Part D drugs selected for price negotiation.

We're ending the days of deciding between buying your medicine or putting food on the table. https://t.co/oEMkaXAjWb",en,Retweet,150,16138,4627,3682,4152371.0,2023-08-29 08:00:01,"<a href=""https://www.sprinklr.com"" rel=""nofollow"">The White House</a>",,,photo,https://pbs.twimg.com/media/F4snTXSWwAAUoAp.jpg,joebiden,0.0038864542691392,no senior should have to overpay for lifesaving drugs to pad big pharmas pocketsmy administration is announcing the first 10 medicare part d drugs selected for price negotiationwere ending the days of deciding between buying your medicine or putting food on the table,False,0.1018088510382235,0.2385080143885917,-4.6951914,75.59798,10.802504,1.6694167
1674224827429707776,That’s Bidenomics. https://t.co/z0FnSk9ccY,en,Tweet,47,7057,1350,3745,1823004.0,2023-06-28 21:14:39,"<a href=""https://sproutsocial.com"" rel=""nofollow"">Sprout Social</a>",,,video,https://video.twimg.com/amplify_video/1674224741090033664/vid/1080x1920/ITGsvQPKMe3cfQTs.mp4?tag=16,joebiden,0.0038710831133667,thats bidenomics,False,0.3061464771693299,-0.0934428323434291,67.15094,-10.445015,10.680179,4.8013325
1674950158356758528,"As millions of Americans joined together to celebrate Pride month, the Supreme Court’s disappointing decision in 303 Creative LLC v. Elenis undermines the basic truth that no person should face discrimination simply because of who they are or who they love.

We will accelerate our march towards full equality for every American.",en,Tweet,56,8757,1536,3928,2264524.0,2023-06-30 21:16:51,"<a href=""https://mobile.twitter.com"" rel=""nofollow"">Twitter Web App</a>",,,,,joebiden,0.003867037841065,as millions of americans joined together to celebrate pride month the supreme courts disappointing decision in 303 creative llc v elenis undermines the basic truth that no person should face discrimination simply because of who they are or who they lovewe will accelerate our march towards full equality for every american,False,-0.121015175248487,-0.0411264757624578,-25.95154,-32.806633,3.5630317,3.0767527
1669834235673231361,"This is a win for consumers and proof that our crackdown on junk fees has real momentum.

Now, let’s keep it going.",en,Tweet,155,17379,2006,2991,4494930.0,2023-06-16 18:28:00,"<a href=""https://sproutsocial.com"" rel=""nofollow"">Sprout Social</a>",,,,,joebiden,0.0038663560945331,this is a win for consumers and proof that our crackdown on junk fees has real momentumnow lets keep it going,False,0.145777905427584,0.120427625847565,16.536514,70.155014,11.886342,2.4720364
1714626129674322204,"I'm proud to be in Israel to honor the courage, commitment, and bravery of the Israeli people.

Americans are grieving with you following last week’s terror attacks.",en,Retweet,873,69016,9101,36154,18024730.0,2023-10-18 08:55:00,"<a href=""https://www.sprinklr.com"" rel=""nofollow"">The White House</a>",,,,,joebiden,0.0038289616543493,im proud to be in israel to honor the courage commitment and bravery of the israeli peopleamericans are grieving with you following last weeks terror attacks,False,-0.3390787460727206,-0.224355030379651,-80.92667,0.012990509,1.4139719,4.727599
1668003926799446016,"Thanks to my Investing in America Agenda, we’re mobilizing historic levels of investments across the United States.

Go to https://t.co/DOLVZklLiD to see where these investments are happening near you.",en,Tweet,41,5343,1067,2459,1409676.0,2023-06-11 17:15:00,"<a href=""https://sproutsocial.com"" rel=""nofollow"">Sprout Social</a>",,http://Invest.gov,,,joebiden,0.0037902326492044,thanks to my investing in america agenda were mobilizing historic levels of investments across the united statesgo to  to see where these investments are happening near you,False,0.2808409829734301,-0.1667561648354697,45.100754,17.747791,8.9131365,5.2069917
1664000050136064001,"Annual inflation has been nearly cut in half from its peak last year.

We’re making continued progress lowering costs for families.",en,Tweet,42,7163,1224,9359,1899266.0,2023-05-31 16:05:02,"<a href=""https://sproutsocial.com"" rel=""nofollow"">Sprout Social</a>",,,,,joebiden,0.0037714569733781,annual inflation has been nearly cut in half from its peak last yearwere making continued progress lowering costs for families,False,0.3624848596735942,0.0821917640704466,86.66039,26.862425,12.173989,5.2472095
1671245788482076673,"SeatGeek and Live Nation will give customers the option of seeing all-in, upfront prices. These are just the latest private-sector leaders responding to my call for action. I’m asking their competitors to follow suit.",en,Tweet,16,4492,676,1810,1191379.0,2023-06-20 15:57:00,"<a href=""https://sproutsocial.com"" rel=""nofollow"">Sprout Social</a>",,,,,joebiden,0.0037704206637854,seatgeek and live nation will give customers the option of seeing allin upfront prices these are just the latest privatesector leaders responding to my call for action im asking their competitors to follow suit,False,0.0412804938869576,0.1206664599599797,12.933155,76.32013,11.393748,2.520344
1674820972224958468,"Unthinkable.

This fight isn’t over. I’ll have more to announce when I address the nation this afternoon.",en,Retweet,502,57219,8654,20363,15220873.0,2023-06-30 12:43:31,"<a href=""https://mobile.twitter.com"" rel=""nofollow"">Twitter Web App</a>",,,,,joebiden,0.0037592456096309,unthinkablethis fight isnt over ill have more to announce when i address the nation this afternoon,False,-0.1844648118973593,-0.0331573628498444,-54.822636,-48.218124,4.0835314,1.3174951
1727179720062554518,"I welcome the deal to secure the release of hostages taken by Hamas during its brutal assault against Israel on October 7th.

I'm gratified that these brave souls, who have endured an unspeakable ordeal, will be reunited with their families once this deal is fully implemented.",en,Retweet,209,20800,5262,8333,5562533.0,2023-11-21 23:18:29,"<a href=""http://twitter.com/download/iphone"" rel=""nofollow"">Twitter for iPhone</a>",,,,,joebiden,0.0037393036589625,i welcome the dealto secure the release of hostages taken by hamas during its brutal assault against israel on october 7thim gratified that thesebrave souls who have endured an unspeakable ordeal will be reunited with their families once this deal is fully implemented,False,-0.2397492815008368,-0.1264989123162455,-90.28398,0.37732384,1.0679228,5.2476225
1653179744970473479,"During National Small Business Week, we celebrate the unstoppable spirit in every entrepreneur nationwide. 

Small businesses are the engine of our economy and the heart and soul of our communities.",en,Tweet,12,3178,551,950,854529.0,2023-05-01 19:29:00,"<a href=""https://sproutsocial.com"" rel=""nofollow"">Sprout Social</a>",,,,,joebiden,0.0037190077808945,during national small business week we celebrate the unstoppable spirit in every entrepreneur nationwide small businesses are the engine of our economy and the heart and soul of our communities,False,0.0893770064338329,-0.187764098971121,69.7983,34.228348,10.355521,7.464366
1715156640503128462,"The terror and tyranny of Hamas and Putin represent different threats, but they both want to completely annihilate a neighboring democracy.

Let me share with you why this is vital for America’s national security: https://t.co/MoClTKCBCw",en,Retweet,620,18927,5633,13800,5194798.0,2023-10-19 20:03:03,"<a href=""https://studio.twitter.com"" rel=""nofollow"">Twitter Media Studio</a>",,https://twitter.com/i/broadcasts/1kvJpvNqQWgKE,,,joebiden,0.0036434525461817,the terror and tyranny of hamas and putin represent different threats but they both want to completely annihilate a neighboring democracylet me share with you why this is vital for americas national security,False,-0.3040874583134258,-0.0432694529090264,-63.25599,13.438693,1.6208773,3.9962034
1671533514091528193,"The Bipartisan Safer Communities Act allows the Justice Department to run enhanced background checks on people under 21, and it has already provided more than $230 million for states to expand the use of tools like red flag laws.",en,Tweet,9,2463,509,1428,676322.0,2023-06-21 11:00:20,"<a href=""https://sproutsocial.com"" rel=""nofollow"">Sprout Social</a>",,,,,joebiden,0.0036417564414583,the bipartisan safer communities act allows the justice department to run enhanced background checks on people under 21 and it has already provided more than 230 million for states to expand the use of tools like red flag laws,False,-0.0770094738885355,0.2423971530670577,-51.58433,-30.184824,3.8595266,0.5077307
1719753175102521737,"Today, thanks to American leadership, we secured safe passage for wounded Palestinians and for foreign nationals to exit Gaza.

We expect American citizens to exit today, and we expect to see more depart over the coming days.

We won't let up working to get Americans out of Gaza.",en,Retweet,236,18872,4055,16334,5188671.0,2023-11-01 12:28:03,"<a href=""https://www.sprinklr.com"" rel=""nofollow"">The White House</a>",,,,,joebiden,0.0036371548706788,today thanks to american leadership we secured safe passage for wounded palestinians and for foreign nationals to exit gazawe expect american citizens to exit today and we expect to see more depart over the coming dayswe wont let up working to get americans out of gaza,False,-0.2301788636858747,-0.1440969837197634,-88.810875,5.6503587,0.7778431,5.0532937
1719461848087462317,"In the wrong hands, AI can make it easier for hackers to exploit vulnerabilities in the software that makes our society run.

That’s why I’m directing the Department of Defense and the Department of Homeland Security to develop game-changing cyber protections that will make our computers and our critical infrastructure more secure than it is today.",en,Tweet,65,5053,1150,3579,1395465.0,2023-10-31 17:10:25,"<a href=""https://mobile.twitter.com"" rel=""nofollow"">Twitter Web App</a>",,,,,joebiden,0.0036210152171498,in the wrong hands ai can make it easier for hackers to exploit vulnerabilities in the software that makes our society runthats why im directing the department of defense and the department of homeland security to develop gamechanging cyber protections that will make our computers and our critical infrastructure more secure than it is today,False,-0.0557771616712623,-0.0164115845119223,-26.871159,-53.085114,4.518561,2.344109
1700600310052389207,America is in the manufacturing business again—thanks to Bidenomics. https://t.co/PIV1zwsYMI,en,Tweet,81,10144,1992,4402,2815843.0,2023-09-09 16:01:24,"<a href=""https://sproutsocial.com"" rel=""nofollow"">Sprout Social</a>",,,video,https://video.twimg.com/amplify_video/1700600256142979073/vid/avc1/1080x1920/tBRN0eFvpNccrX24.mp4?tag=16,joebiden,0.0036024735754088,america is in the manufacturing business againthanks to bidenomics,False,0.3681954758171569,-0.2223605096716238,56.674282,-6.7497864,10.17724,5.710585
1666889078531403776,"Millions of Americans are experiencing the effects of smoke resulting from devastating wildfires burning in Canada, another stark reminder of the impacts of climate change.
 
Here’s what our Administration is doing:",en,Retweet,79,9863,1833,10549,2762604.0,2023-06-08 15:25:00,"<a href=""https://www.sprinklr.com"" rel=""nofollow"">The White House</a>",,,,,joebiden,0.003570182335217,millions of americans are experiencing the effects of smoke resulting from devastating wildfires burning in canada another stark reminder of the impacts of climate change heres what our administration is doing,False,-0.0483531996571014,-0.0411649829205667,6.2130537,27.928743,8.190945,3.4063728
1653060459325542400,"This Asian American, Native Hawaiian, and Pacific Islander Heritage Month, we renew our work to make the American Dream possible for all – and celebrate AA and NHPI communities and immigrants across our nation.

America's diversity is and has always been our greatest strength.",en,Retweet,22,4902,939,1073,1378254.0,2023-05-01 11:35:00,"<a href=""https://www.sprinklr.com"" rel=""nofollow"">The White House</a>",,,,,joebiden,0.0035566738786899,this asian american native hawaiian and pacific islander heritage month we renew our work to make the american dream possible for all  and celebrate aa and nhpi communities and immigrants across our nationamericas diversity is and has always been our greatest strength,False,-0.0448251355660556,-0.1838619788870169,-2.4034998,5.513141,4.208653,3.1846938
1722739594339197111,"For weeks, I've been speaking with Israel’s leaders about the importance of humanitarian pauses in the fighting to get civilians to safety, support the freeing of hostages, and increase the flow of food, water, and medicine into Gaza.

Here's the latest on those conversations:",en,Retweet,479,19033,4115,22616,5379868.0,2023-11-09 17:15:00,"<a href=""https://www.sprinklr.com"" rel=""nofollow"">The White House</a>",,,,,joebiden,0.003537819143518,for weeks ive been speaking with israels leaders about the importance of humanitarian pauses in the fighting to get civilians to safety support the freeing of hostages and increase the flow of food water and medicine into gazaheres the latest on those conversations,False,-0.2534195248617008,-0.0948935091754694,-82.1401,11.37098,0.7239864,4.6693783
1674456622897168384,Tune in as I deliver remarks on the Supreme Court’s decision on affirmative action in higher education. https://t.co/Vj8ox53g6v,en,Retweet,50,3540,942,1444,1011629.0,2023-06-29 12:35:43,"<a href=""https://studio.twitter.com"" rel=""nofollow"">Twitter Media Studio</a>",,https://twitter.com/i/broadcasts/1DXxyvDggnNKM,,,joebiden,0.0034993065639676,tune in as i deliver remarks on the supreme courts decision on affirmative action in higher education,False,-0.1033542683232629,-0.0582913895997281,35.24401,49.583168,7.034562,-0.57363635
1716477113782423698,"As Americans, we must come together and reject Islamophobia and all forms of bigotry and hatred. 

I have said repeatedly that I will not be silent in the face of hate. 

We must be unequivocal: There is no place in America for hate against anyone. https://t.co/78GJ5mCExt",en,Tweet,247,22075,4270,23596,6316638.0,2023-10-23 11:30:09,"<a href=""https://sproutsocial.com"" rel=""nofollow"">Sprout Social</a>",,,photo,https://pbs.twimg.com/media/F9Im0knXwAA3Q8U.jpg,joebiden,0.0034947388151735,as americans we must come together and reject islamophobia and all forms of bigotry and hatred i have said repeatedly that i will not be silent in the face of hate we must be unequivocal there is no place in america for hate against anyone,False,-0.2776808414367941,-0.0370752764852107,-51.493797,-8.700236,2.727905,2.9862604
1676999529164308501,"Under Bidenomics, Americans who had been on the sidelines are back to work.

We’re going to build on this progress by ensuring every American has the training and education to participate in this new economy. https://t.co/ggrImiw55N",en,Tweet,18,4981,1081,2689,1443457.0,2023-07-06 13:00:19,"<a href=""https://sproutsocial.com"" rel=""nofollow"">Sprout Social</a>",,,photo,https://pbs.twimg.com/media/F0XmKtlWABA9nr_.jpg,joebiden,0.0034507435967957,under bidenomics americans who had been on the sidelines are back to workwere going to build on this progress by ensuring every american has the training and education to participate in this new economy,False,0.3254694208161331,-0.2075256815378598,54.80357,-3.5747943,10.081031,5.55663
1715159055344267514,"American leadership is what holds the world together. 

America’s alliances are what keep us safe. 

American values are what make us a partner that other nations want to work with. 

To put all of that at risk if we walk away from Ukraine and turn our backs on Israel—it’s just not worth it.",en,Tweet,104,8786,1851,4926,2551543.0,2023-10-19 20:12:39,"<a href=""https://mobile.twitter.com"" rel=""nofollow"">Twitter Web App</a>",,,,,joebiden,0.003443406597498,american leadership is what holds the world togetheramericas alliances are what keep us safeamerican values are what make us a partner that other nations want to work withto put all of that at risk if we walk away from ukraine and turn our backs on israelits just not worth it,False,-0.1401089508624572,-0.0879872670221289,-60.14477,17.434477,2.146707,4.0892854
1759602308059439280,"It’s the last big week of #earnings season. 

#AI giant $NVDA leads the reports, along with some retailers and other tech names. 

$WMT $HD $PANW https://t.co/Ic5mYokSt7",en,Tweet,0,4,0,0,1165.0,2024-02-19 10:34:16,"<a href=""https://sproutsocial.com"" rel=""nofollow"">Sprout Social</a>","#earnings,#AI",,video,https://video.twimg.com/amplify_video/1759602243630768128/vid/avc1/1080x1080/65e3BlVesSOTzJMP.mp4?tag=16,joebiden,0.0034334763948497,its the last big week of earnings season ai giant nvda leads the reports along with some retailers and other tech names wmt hd panw,False,0.0294916353768018,-0.0365924569215915,63.18404,-30.933828,7.6369853,5.6522155
1720163871795692030,"Thanks to the Inflation Reduction Act, coverage on https://t.co/2Ls3d80By6 and the state-based Marketplaces continues to be more affordable and accessible than ever, with Americans saving an average of $800 on their premiums per year.",en,Tweet,16,2264,634,2160,660190.0,2023-11-02 15:40:00,"<a href=""https://sproutsocial.com"" rel=""nofollow"">Sprout Social</a>",,http://HealthCare.gov,,,joebiden,0.0034293158030264,thanks to the inflation reduction act coverage on  and the statebased marketplaces continues to be more affordable and accessible than ever with americans saving an average of 800 on their premiums per year,False,0.2333938787719393,0.2142609618438533,-20.872593,74.135994,10.887181,1.1071081
1716233515551842581,"Today, I spoke with @IsraeliPM about developments in Israel and Gaza.

The first two convoys of humanitarian assistance arrived in Gaza yesterday, and we affirmed that there will now be a continued flow of this critical aid to Palestinians in need.",en,Retweet,183,17162,3095,14817,5013601.0,2023-10-22 19:22:10,"<a href=""https://www.sprinklr.com"" rel=""nofollow"">The White House</a>",,,,,joebiden,0.0034230885146225,today i spoke with israelipm about developments in israel and gazathe first two convoys of humanitarian assistance arrived in gaza yesterday and we affirmed that there will now be a continued flow of this critical aid to palestinians in need,False,-0.2052275340925108,-0.1824778957804246,-82.43137,12.486885,0.5971822,4.7190413
1651303133031563286,"There’s a choice ahead of us. Will we continue to build a future full of opportunities for you and families like yours? Or will we turn the clock back? 

Here’s the honest truth: I’m more optimistic than I’ve ever been. There is nothing beyond our capacity if we do it together.",en,Tweet,23,5549,1031,4028,1633514.0,2023-04-26 15:12:01,"<a href=""https://sproutsocial.com"" rel=""nofollow"">Sprout Social</a>",,,,,joebiden,0.003396971192166,theres a choice ahead of us will we continue to build a future full of opportunities for you and families like yours or will we turn the clock back heres the honest truth im more optimistic than ive ever been there is nothing beyond our capacity if we do it together,False,0.0366870793173149,-0.117532522435301,-8.008534,-37.52746,4.7626066,3.663175
1751249572586745872,"Today, on International Holocaust Remembrance Day, we mourn one of the darkest chapters in history, when six million Jews and countless others were systematically murdered.

It's our responsibility to stand up to Antisemitism and hate-fueled violence everywhere. https://t.co/7EFgIpgleZ",en,Retweet,241,28851,7445,6320,8504917.0,2024-01-27 09:23:29,"<a href=""https://www.sprinklr.com"" rel=""nofollow"">The White House</a>",,,video,https://video.twimg.com/amplify_video/1751249515292635136/vid/avc1/1080x1920/nb7VeeHoeLrklbNh.mp4?tag=16,joebiden,0.0033922729639807,today on international holocaust remembrance day we mourn one of the darkest chapters in history when six million jews and countless others were systematically murderedits our responsibility to stand up to antisemitism and hatefueled violence everywhere,False,-0.2983413007887002,-0.122505460276634,-59.27067,-7.331415,2.4480095,3.3363187
1689373511721029632,"You and a guest could win a trip to meet @BarackObama and me.   

Donate today for a chance to win: https://t.co/qNqLOhorMl https://t.co/SpS86KpnRt",en,Tweet,159,13504,1673,9525,4006332.0,2023-08-09 16:30:06,"<a href=""https://sproutsocial.com"" rel=""nofollow"">Sprout Social</a>",,http://joe.link/meetandgreet,photo,https://pbs.twimg.com/media/F3HcPS5W8AErq7o.jpg,joebiden,0.0033706642385104,you and a guest could win a trip to meet barackobama and me   donate today for a chance to win,False,-0.1853657615472999,-0.1234945927366852,12.90545,-25.41342,5.990633,4.653596
1722669585084666046,"In the first week of Open Enrollment, 1.6 million people have signed up for a plan at https://t.co/gRX1fGFEzj, including 301,000 new consumers – that’s a 50% increase from last year. 

Join them by visiting https://t.co/gRX1fGFEzj today. https://t.co/ZCd9qJ0Mt8",en,Retweet,76,6198,2016,3496,1839098.0,2023-11-09 12:36:49,"<a href=""https://www.sprinklr.com"" rel=""nofollow"">The White House</a>",,"http://HealthCare.gov,http://HealthCare.gov",photo,https://pbs.twimg.com/media/F-gm2xQWUAAFLTG.jpg,joebiden,0.0033701303573817,in the first week of open enrollment 16 million people have signed up for a plan at  including 301000 new consumers  thats a 50 increase from last year join them by visiting  today,False,0.0824121436336306,-0.0087754949880198,-27.912767,73.15884,10.691086,0.3262834
1670424020963999745,"Happy Father's Day to every dad, grandfather, and father figure who gives so much of themselves so their kids can live lives worthy of their dreams.
 
Today, we celebrate all that they impart: character, lessons borne from experience, and the sacrifices made from love.",en,Retweet,62,21013,3108,4883,6271788.0,2023-06-18 09:31:36,"<a href=""https://www.sprinklr.com"" rel=""nofollow"">The White House</a>",,,,,joebiden,0.0033504002367426,happy fathers day to every dad grandfather and father figure who gives so much of themselves so their kids can live lives worthy of their dreams today we celebrate all that they impart character lessons borne from experience and the sacrifices made from love,False,-0.1778217815310656,-0.1765004375726315,1.2471424,-10.687032,4.2246723,5.1900535
1661726311667081216,"Today, America mourns the murder of George Floyd three years later.

I'll never forget Gianna Floyd's words: “Daddy changed the world.”

He has – unifying people of every race and generation in peace and with purpose to say: Enough.
 
Hate can never have safe harbor in America. https://t.co/8lrRIkiIMI",en,Retweet,195,16630,3010,10716,5023456.0,2023-05-25 09:30:00,"<a href=""https://www.sprinklr.com"" rel=""nofollow"">The White House</a>",,,video,https://video.twimg.com/amplify_video/1661713933718175744/vid/1080x1920/yf3R78IFj0awS_sZ.mp4?tag=16,joebiden,0.0033104699234949,today america mourns the murder of george floyd three years laterill never forget gianna floyds words daddy changed the worldhe has  unifying people of every race and generation in peace and with purpose to say enough hate can never have safe harbor in america,False,-0.2554598153863754,-0.1371444526884964,-40.495884,-24.695019,3.7217627,2.4642873
1690865107885056000,American manufacturing is back—thanks to Bidenomics. https://t.co/myer8a0SSO,en,Tweet,147,13644,2602,6518,4126578.0,2023-08-13 19:17:11,"<a href=""https://sproutsocial.com"" rel=""nofollow"">Sprout Social</a>",,,video,https://video.twimg.com/amplify_video/1690865064318836736/vid/1080x1080/A5NK-thzUdur4q7c.mp4?tag=16,joebiden,0.0033063715262379,american manufacturing is backthanks to bidenomics,False,0.3421222531486654,-0.2070406477776309,56.669052,-6.7731667,9.988256,5.8843865
1748131931567358047,"This action will particularly help community college borrowers, low-income borrowers, and those struggling to repay their loans. https://t.co/trhSd7WV5i",en,Tweet,383,9745,2214,4967,2994274.0,2024-01-18 18:55:05,"<a href=""https://sproutsocial.com"" rel=""nofollow"">Sprout Social</a>",,,photo,https://pbs.twimg.com/media/GEKcte5XUAAvdGW.jpg,joebiden,0.0032545451752244,this action will particularly help community college borrowers lowincome borrowers and those struggling to repay their loans,False,0.0857944824777676,0.0962066239297675,40.45401,60.610035,7.2945027,-1.960223
1713525125478228437,"We must not lose sight of the fact that the overwhelming majority of Palestinians had nothing to do with Hamas’s appalling attacks, and are suffering as a result of them.",en,Retweet,1521,106987,17270,30894,32977432.0,2023-10-15 08:00:00,"<a href=""https://www.sprinklr.com"" rel=""nofollow"">The White House</a>",,,,,joebiden,0.0032442489760876,we must not lose sight of the fact that the overwhelming majority of palestinians had nothing to do with hamass appalling attacks and are suffering as a result of them,False,-0.307881560854269,-0.0511002656334245,-67.826546,8.994588,1.0642712,3.9020483
1715454112865583225,I refuse to let that happen. https://t.co/LLU1Pji8jX,en,Tweet,558,49692,6271,29566,15665833.0,2023-10-20 15:45:06,"<a href=""https://sproutsocial.com"" rel=""nofollow"">Sprout Social</a>",,,photo,https://pbs.twimg.com/media/F86EaE-XIAA0SLv.jpg,joebiden,0.0031719985780519,i refuse to let that happen,False,-0.191349705725193,0.0772919970835969,-62.08261,9.496341,2.2062345,3.261605
1661716038508072960,"George Floyd’s murder exposed for many what Black and Brown communities have long known and experienced – that we must make a commitment to ensure that America lives up to its founding promise of fair and impartial justice for all.

Today, three years after his murder, let us build on the progress we have made and recommit to changing hearts and minds as well as laws and policies.",en,Retweet,91,10882,2055,10900,3495803.0,2023-05-25 08:49:11,"<a href=""https://mobile.twitter.com"" rel=""nofollow"">Twitter Web App</a>",,,,,joebiden,0.0031128756397314,george floyds murder exposed for many what black and brown communities have long known and experienced  that we must make a commitment to ensure that america lives up to its founding promise of fair and impartial justice for alltoday three years after his murder let us build on the progress we have made and recommit to changing hearts and minds as well as laws and policies,False,-0.1855240232909019,-0.081982075043247,-40.60015,-25.040304,3.7535126,2.3884087
1716084761184100418,"Israel has the right to defend itself. We must make sure they have what they need to protect their people today and always.
 
At the same time, Prime Minister Netanyahu and I have discussed how Israel must operate by the laws of war. That means protecting civilians in combat as best as they can.
 
We can’t ignore the humanity of innocent Palestinians who only want to live in peace. That’s why I secured an agreement for the first shipment of humanitarian assistance for Palestinian civilians in Gaza.
 
And we cannot give up on a two-state solution.",en,Retweet,878,42406,6721,33493,13845338.0,2023-10-22 09:31:05,"<a href=""http://twitter.com/download/iphone"" rel=""nofollow"">Twitter for iPhone</a>",,,,,joebiden,0.0030628360246604,israel has the right to defend itself we must make sure they have what they need to protect their people today and alwaysat the same time prime minister netanyahu and i have discussed how israel must operate by the laws of war that means protecting civilians in combat as best as they canwe cant ignore the humanity of innocent palestinians who only want to live in peace thats why i secured an agreement for the first shipment of humanitarian assistance for palestinian civilians in gazaand we cannot give up on a twostate solution,False,-0.2395266326584706,-0.0872970504705974,-80.56922,11.404204,0.82405686,4.565552
1759756918720242081,"Police and fire departments are using drones to respond faster to 911 calls

The drones can launch from stations and arrive at emergency scenes in under 100 seconds!

@rahoolsidoo breaks down how @FlyAerodome's system works https://t.co/Xe0j3oqXT5",en,Tweet,2,26,4,2,8562.0,2024-02-19 20:48:38,"<a href=""https://studio.twitter.com"" rel=""nofollow"">Twitter Media Studio</a>",,,video,https://video.twimg.com/amplify_video/1759755356283236352/vid/avc1/1080x1920/0wY1AUPz5x8VQc9W.mp4?tag=16,joebiden,0.0030366736743751,police and fire departments are using drones to respond faster to 911 callsthe drones can launch from stations and arrive at emergency scenes in under 100 secondsrahoolsidoo breaks down how flyaerodomes system works,False,-0.0605980800678892,-0.0622854317177958,41.333603,-23.282825,3.1204853,6.203938
1716492281442718011,"This weekend, the first convoy of humanitarian assistance since Hamas’s October 7 terrorist attack on Israel crossed the border into Gaza and reached Palestinians in need.

I made it clear from the outset of this crisis that humanitarian assistance was a critical and urgent need that had to get moving.",en,Tweet,48,6206,1389,8068,2055485.0,2023-10-23 12:30:25,"<a href=""https://mobile.twitter.com"" rel=""nofollow"">Twitter Web App</a>",,,,,joebiden,0.0030192387684658,this weekend the first convoy of humanitarian assistance since hamass october 7 terrorist attack on israel crossed the border into gaza and reached palestinians in needi made it clear from the outset of this crisis that humanitarian assistance was a critical and urgent need that had to get moving,False,-0.2393375917375936,-0.1123985602916314,-82.95707,13.223464,0.57324153,4.7319245
1716568429291880708,"The United States remains committed to ensuring that civilians in Gaza will continue to have access to food, water, medical care, and other assistance, without diversion by Hamas.",en,Tweet,98,10164,2418,14310,3404693.0,2023-10-23 17:33:00,"<a href=""https://sproutsocial.com"" rel=""nofollow"">Sprout Social</a>",,,,,joebiden,0.0029852911848439,the united states remains committed to ensuring that civilians in gaza will continue to have access to food water medical care and other assistance without diversion by hamas,False,-0.2260044071473999,-0.0484215320021689,-78.361145,15.08258,0.61966085,4.51565
1714426083678851116,"I am outraged and deeply saddened by the explosion at the Al Ahli Arab hospital in Gaza, and the terrible loss of life that resulted. Immediately upon hearing this news, I spoke with King Abdullah II of Jordan, and Prime Minister Netanyahu of Israel and have directed my national security team to continue gathering information about what exactly happened.

The United States stands unequivocally for the protection of civilian life during conflict and we mourn the patients, medical staff and other innocents killed or wounded in this tragedy.",en,Retweet,1513,70668,13638,40997,23901892.0,2023-10-17 19:40:05,"<a href=""https://mobile.twitter.com"" rel=""nofollow"">Twitter Web App</a>",,,,,joebiden,0.0029565860309301,i am outraged and deeply saddened by the explosion at the al ahli arab hospital in gaza and the terrible loss of life that resulted immediately upon hearing this news i spoke with king abdullah ii of jordan and prime minister netanyahu of israel and have directed my national security team to continue gathering information about what exactly happenedthe united states stands unequivocally for the protection of civilian life during conflict and we mourn the patients medical staff and other innocents killed or wounded in this tragedy,False,-0.3209241451286577,-0.0757086516805417,-85.03864,8.492181,0.9551927,4.8488336
1680615812762091521,"In my book, every day is National Ice Cream Day. https://t.co/mwSHgv370p",en,Tweet,272,46107,3930,8393,15623287.0,2023-07-16 12:30:08,"<a href=""https://sproutsocial.com"" rel=""nofollow"">Sprout Social</a>",,,photo,https://pbs.twimg.com/media/F1K_KInXoAAgDky.jpg,joebiden,0.0029511715428385,in my book every day is national ice cream day,False,-0.1294592055394119,-0.1114996761523316,12.848884,-33.437786,5.137174,5.341202
1653031395990618115,"We’ve come a long way, and I’ve never been more optimistic about the future of our country. https://t.co/eLSGmP33Ts",en,Tweet,82,8703,1771,5637,2954774.0,2023-05-01 09:39:31,"<a href=""https://studio.twitter.com"" rel=""nofollow"">Twitter Media Studio</a>",,,video,https://video.twimg.com/amplify_video/1653023379232899074/vid/1080x1080/_PMovPFDaiDXdDt7.mp4?tag=16,joebiden,0.0029454029309855,weve come a long way and ive never been more optimistic about the future of our country,False,0.0390030883761448,-0.2573298325728775,-10.003028,-36.58588,4.622838,3.9743228
1714791221854417298,"October 7, a sacred Jewish holiday, became the deadliest day for the Jewish people since the Holocaust. 

It has brought to the surface painful memories and scars left by a millennia of antisemitism and genocide of the Jewish people.

Terrorists will not win. Freedom will win.",en,Tweet,236,20159,3179,12883,7011665.0,2023-10-18 19:51:01,"<a href=""https://sproutsocial.com"" rel=""nofollow"">Sprout Social</a>",,,,,joebiden,0.0028750660506456,october 7 a sacred jewish holiday became the deadliest day for the jewish people since the holocaust it has brought to the surface painful memories and scars left by a millennia of antisemitism and genocide of the jewish peopleterrorists will not win freedom will win,False,-0.3235228875952323,-0.0671716696453762,-60.291622,-6.1948633,1.8616856,3.9502344
1715737209494520269,"I sent Congress an urgent budget request to fund America’s national security needs to support our critical partners, including Israel and Ukraine.

It’s a smart investment that’s going to pay dividends for American security for generations.",en,Tweet,200,15582,2530,14199,5422045.0,2023-10-21 10:30:02,"<a href=""https://sproutsocial.com"" rel=""nofollow"">Sprout Social</a>",,,,,joebiden,0.0028738234374668,i sent congress an urgent budget request to fund americas national security needs to support our critical partners including israel and ukraineits a smart investment thats going to pay dividends for american security for generations,False,-0.0363812333406202,0.0305291559407383,-52.063763,35.637653,1.8571537,3.9743338
1714650039828820333,"Let me make myself clear:

The vast majority of Palestinians are not Hamas.

And Hamas does not represent the Palestinian people.",en,Retweet,984,95724,13069,40436,33960416.0,2023-10-18 10:30:00,"<a href=""https://www.sprinklr.com"" rel=""nofollow"">The White House</a>",,,,,joebiden,0.0028186933870303,let me make myself clearthe vast majority of palestinians are not hamasand hamas does not represent the palestinian people,False,-0.2589995625193148,-0.0546794636125143,-69.0722,9.181335,1.0915399,3.8587525
1656305621753384961,"I know how frustrating flight delays, cancellations, and rebookings are for travelers.

That’s why we launched https://t.co/Qybz3gXfK9: If your flight was canceled or delayed because of an airline, you can check the dashboard to see how you should be compensated.",en,Tweet,122,3823,739,1098,1359503.0,2023-05-10 10:30:07,"<a href=""https://sproutsocial.com"" rel=""nofollow"">Sprout Social</a>",,http://flightrights.gov,,,joebiden,0.0028120570532025,i know how frustrating flight delays cancellations and rebookings are for travelersthats why we launched  if your flight was canceled or delayed because of an airline you can check the dashboard to see how you should be compensated,False,-0.0482155694632016,-0.0186445288400496,23.059185,57.56007,11.1834545,3.0321662
1756102105943740556,"It is more clear than ever before: President Biden must be defeated.

Following victories in Iowa, New Hampshire, the US Virgin Islands, and Nevada, it is time for Republicans to unite behind President Trump so we can focus on ending the disastrous Biden presidency and growing our majority in Congress.

https://t.co/r13QNpqhHq",en,Tweet,16,317,61,430,114299.0,2024-02-09 18:45:43,"<a href=""https://mobile.twitter.com"" rel=""nofollow"">Twitter Web App</a>",,,video,https://video.twimg.com/ext_tw_video/1756101704750137344/pu/vid/avc1/1280x720/BW1rkHxVSSC_FpqE.mp4?tag=12,joebiden,0.0027734275890427,it is more clear than ever before president biden must be defeatedfollowing victories in iowa new hshire the us virgin islands and nevada it is time for republicans to unite behind president trump so we can focus on ending the disastrous biden presidency and growing our majority in congress,True,-0.080579889239613,0.0216314804633407,15.810939,-61.170357,6.2590327,2.990104
1723468898668822864,"If you don’t respect our troops, you can’t lead them. https://t.co/vmE2i0TLla",en,Tweet,3385,70257,21723,15584,26155727.0,2023-11-11 17:33:00,"<a href=""https://sproutsocial.com"" rel=""nofollow"">Sprout Social</a>",,,video,https://video.twimg.com/amplify_video/1723397915261992960/vid/avc1/720x1280/qZMiFFgp2pXcLEAB.mp4?tag=14,joebiden,0.0026861038884524,if you dont respect our troops you cant lead them,False,-0.2436582623259803,-0.0593564767597608,-28.325216,5.1479006,6.5200076,2.1794777
1670246955103010816,It’s about time the super-wealthy start paying their fair share.,en,Tweet,286,33528,3816,15929,12677062.0,2023-06-17 21:48:00,"<a href=""https://sproutsocial.com"" rel=""nofollow"">Sprout Social</a>",,,,,joebiden,0.0026447768418266,its about time the superwealthy start paying their fair share,False,0.0518340790529484,0.1265679822169259,-7.6503925,48.295372,9.545351,1.8524749
1726639586225332495,Bidenomics is working. https://t.co/mz0eRDilOj,en,Tweet,451,20807,5713,21154,7910861.0,2023-11-20 11:32:11,"<a href=""https://sproutsocial.com"" rel=""nofollow"">Sprout Social</a>",,,video,https://video.twimg.com/amplify_video/1726639543137247234/vid/avc1/1080x1920/sAMPVWmPYIvoeg0V.mp4?tag=16,joebiden,0.0026301814682371,bidenomics is working,False,0.420052203975667,-0.1724334768784222,66.59589,-5.886566,10.712804,5.2343554
1736118270078365863,"Republicans in Congress don’t have a plan to lower costs for families.

Their only plan is more giveaways for the wealthiest Americans and biggest corporations. https://t.co/ILOVOXmrSC",en,Tweet,58,8792,2351,8816,3534459.0,2023-12-16 15:17:05,"<a href=""https://sproutsocial.com"" rel=""nofollow"">Sprout Social</a>",,,photo,https://pbs.twimg.com/media/GBfuWV7XsAAfVdr.jpg,joebiden,0.0024875094038437,republicans in congress dont have a plan to lower costs for familiestheir only plan is more giveaways for the wealthiest americans and biggest corporations,False,0.0775663767614158,0.3885747000040405,-13.219133,55.786472,9.33476,1.6967727
1715457670935728145,"Today, we have secured the release of two Americans taken hostage by Hamas during the horrific terrorist assault against Israel.

Our fellow citizens have endured a terrible ordeal these past 14 days, and I am overjoyed that they will soon be reunited with their family.",en,Retweet,193,28416,4101,9065,11484758.0,2023-10-20 15:59:15,"<a href=""https://www.sprinklr.com"" rel=""nofollow"">The White House</a>",,,,,joebiden,0.0024742358524228,today we have secured the release of two americans taken hostage by hamas during the horrific terrorist assault against israelour fellow citizens have endured a terrible ordeal these past 14 days and i am overjoyed that they will soon be reunited with their family,False,-0.2141756531613362,-0.1893387509737286,-89.566605,0.5417483,1.1137348,5.292945
1758275355285352888,"Why do early-stage VCs often see the best returns? 💸

It's about high ownership and hungry partners

---There is massive upside when you pick winners early
---But you have to pick the right funds

@asedelson breaks it down: https://t.co/VpaYsFqwls",en,Tweet,3,13,3,2,5278.0,2024-02-15 18:41:26,"<a href=""https://studio.twitter.com"" rel=""nofollow"">Twitter Media Studio</a>",,,video,https://video.twimg.com/amplify_video/1758271536484806656/vid/avc1/1080x1920/wJEaX8ddGrCICuZq.mp4?tag=16,joebiden,0.0024630541871921,why do earlystage vcs often see the best returns its about high ownership and hungry partnersthere is massive upside when you pick winners earlybut you have to pick the right fundsasedelson breaks it down,False,0.0353518614568939,-0.0378034702079852,41.599392,-26.035597,7.4492006,5.9886045
1756888470599967000,Just like we drew it up. https://t.co/9NBvc5nVZE,en,Tweet,44486,555999,100679,73981,226601836.0,2024-02-11 22:50:27,"<a href=""https://mobile.twitter.com"" rel=""nofollow"">Twitter Web App</a>",,,photo,https://pbs.twimg.com/media/GGG4YlpWoAAgZ08.jpg,joebiden,0.0024536385486302,just like we drew it up,False,-0.0594705409855184,-0.1711998561304535,54.894764,-45.531094,6.5346084,5.8529296
1716810524833313147,"The United States remains committed to the Palestinian people’s right to dignity and to self-determination.

The actions of Hamas terrorists don’t take that right away.",en,Retweet,494,24924,4158,22084,10352228.0,2023-10-24 09:35:00,"<a href=""https://www.sprinklr.com"" rel=""nofollow"">The White House</a>",,,,,joebiden,0.0024075976688303,the united states remains committed to the palestinian peoples right to dignity and to selfdeterminationthe actions of hamas terrorists dont take that right away,False,-0.2780664491653314,-0.1436971046627172,-77.75684,15.01505,1.0703719,4.0740824
1759568690691854502,"Rejuvenate yourself during your journey at @HIAQatar with a visit to Orchard 🍃 

#QatarAirways 
#GoingPlacesTogether https://t.co/ezhGS2Dp3u",en,Tweet,13,609,32,16,254868.0,2024-02-19 08:20:41,"<a href=""http://twitter.com/download/iphone"" rel=""nofollow"">Twitter for iPhone</a>","#QatarAirways,#GoingPlacesTogether",,photo,https://pbs.twimg.com/media/GGs-ZLRWcAAMnV5.jpg,joebiden,0.0023894721973727,rejuvenate yourself during your journey at hiaqatar with a visit to orchard  qatarairways goingplacestogether,False,-0.1274433461870897,-0.1478849558582733,14.212897,14.713782,6.956255,4.8834147
1651013723014803456,"I’m running for reelection to do more than turn back the tide of MAGA extremism. 

I want to make our economy work for families like yours: the hard-working folks who are the backbone of this country. 

If you’re in, pitch in $5 to support our campaign. https://t.co/OFQQt1xu7L",en,Tweet,39,10491,1639,7247,4402700.0,2023-04-25 20:02:00,"<a href=""https://sproutsocial.com"" rel=""nofollow"">Sprout Social</a>",,https://secure.actblue.com/donate/social-bfp_launch-apr-2023?refcode=social_20230425_jb_tw_3,,,joebiden,0.0023828559747427,im running for reelection to do more than turn back the tide of maga extremism i want to make our economy work for families like yours the hardworking folks who are the backbone of this country if youre in pitch in 5 to support our caign,False,0.08215216787862,0.0573587591374212,16.918278,-47.939976,6.4775233,3.6428902
1648340608262500355,"Our Inflation Reduction Act introduced a series of tax credits and rebates aimed at saving hardworking families on energy costs and building a cleaner future.
 
If you're eligible, take advantage of them:",en,Retweet,141,5345,1165,1443,2320920.0,2023-04-18 11:00:00,"<a href=""https://www.sprinklr.com"" rel=""nofollow"">The White House</a>",,,,,joebiden,0.002302966065181,our inflation reduction act introduced a series of tax credits and rebates aimed at saving hardworking families on energy costs and building a cleaner future if youre eligible take advantage of them,False,0.2368466178954126,0.1900526032823384,5.4870653,53.997444,9.994711,2.802773
1732491860751634904,"Who is Jesus Christ?

Corporate churches and their pastors/priests rarely get into the meat of The Word. They present Christ as simply the Son of God when there is alot more to The Messiah that's either not focused upon or not known. This leaves the people without a deeper understanding. So let's dig and see what Christ says about Himself - Who He is, Where He has been, and When He has been.

First, let's establish another of Christ's Name that's rarely referenced.

Rev 19:13  And he was clothed with a vesture dipped in blood: and his name is called The Word of God.

Christ has named Himself ""The Word of God"". So when you say ""Let's study The Word"" you're actually saying ""Let's study Jesus Christ."" Having established His name is The Word, let's check out who Jesus Christ said He was and is.
Joh 14:8  Philip saith unto him, Lord, shew us the Father, and it sufficeth us. 
Joh 14:9  Jesus saith unto him, Have I been so long time with you, and yet hast thou not known me, Philip? he that hath seen me hath seen the Father; and how sayest thou then, Shew us the Father? 

Christ clarifies to Philip that He is God The Father of the Old Testament. If you have seen The Father you have seen The son. In Hebrews it is reiterated.

Heb 1:3  Who being the brightness of his glory, and the express image of his person, and upholding all things by the word of his power, when he had by himself purged our sins, sat down on the right hand of the Majesty on high; 

Christ is the exact image of God The Father. Why? Because they are the same God.

Having established who Christ is, let's let The Word (Jesus Christ) tell us where and when Christ has been. In John we have the following verses. Remember, The Word of God = Jesus Christ.

Joh 1:1  In the beginning was the Word, and the Word was with God, and the Word was God. 
Joh 1:2  The same was in the beginning with God. 
Joh 1:3  All things were made by him; and without him was not any thing made that was made. 

So we see that it was Jesus Christ that was there since the beginnning of the creation. Let's play a little Word game, pun intended, to drive the point home. 

Joh 1:1  In the beginning was Jesus Christ, and Jesus Christ was with God, and Jesus Christ was God. 
Joh 1:2  Jesus Christ was in the beginning with God. 
Joh 1:3  All things were made by Jesus Christ; and without Jesus Christ was not any thing made that was made. 

Clarity. The Word clarifies Himself if one digs a little. Hebrews says the same thing.

Heb 11:3  Through faith we understand that the worlds were framed by the word of God (Jesus Christ), so that things which are seen were not made of things which do appear. 

Now let's go the very beginning of The Bible, the book of Genesis with the new understanding of what The Word was telling us about Jesus Christ.

Gen 1:1  In the beginning God created the heaven and the earth.

Let's apply the same Word game as above.

Gen 1:1  In the beginning Jesus Christ created the heaven and the earth.

Christ clarified who He was and is to us. 

We established the Who: The Word = Christ = God The Father.

The Where: With God The Father.

The When: In the beginning.

That's why Jesus Christ is referred to in the book of Revelation as The Alpha and The Omega, the beginning and the end. For He has always been, and will always be. He is the Circle that connects the beginning and the end. He is Eternity. He is The One True God.

In Christ's Name
Carlos",en,Tweet,55,244,29,65,107020.0,2023-12-06 15:07:02,"<a href=""https://mobile.twitter.com"" rel=""nofollow"">Twitter Web App</a>",,,photo,https://pbs.twimg.com/media/GAsL5gPbcAA-w8I.jpg,joebiden,0.002279947673332,who is jesus christcorporate churches and their pastorspriests rarely get into the meat of the word they present christ as simply the son of god when there is alot more to the messiah thats either not focused upon or not known this leaves the people without a deeper understanding so lets dig and see what christ says about himself  who he is where he has been and when he has beenfirst lets establish another of christs name thats rarely referencedrev 1913 and he was clothed with a vesture dipped in blood and his name is called the word of godchrist has named himself the word of god so when you say lets study the word youre actually saying lets study jesus christ having established his name is the word lets check out who jesus christ said he was and isjoh 148 philip saith unto him lord shew us the father and it sufficeth usjoh 149 jesus saith unto him have i been so long time with you and yet hast thou not known me philip he that hath seen me hath seen the father and how sayest thou then shew us the fatherchrist clarifies to philip that he is god the father of the old testament if you have seen the father you have seen the son in hebrews it is reiteratedheb 13 who being the brightness of his glory and the express image of his person and upholding all things by the word of his power when he had by himself purged our sins sat down on the right hand of the majesty on highchrist is the exact image of god the father why because they are the same godhaving established who christ is lets let the word jesus christ tell us where and when christ has been in john we have the following verses remember the word of god  jesus christjoh 11 in the beginning was the word and the word was with god and the word was godjoh 12 the same was in the beginning with godjoh 13 all things were made by him and without him was not any thing made that was madeso we see that it was jesus christ that was there since the beginnning of the creation lets play a little word game pun intended to drive the point home joh 11 in the beginning was jesus christ and jesus christ was with god and jesus christ was godjoh 12 jesus christ was in the beginning with godjoh 13 all things were made by jesus christ and without jesus christ was not any thing made that was madeclarity the word clarifies himself if one digs a little hebrews says the same thingheb 113 through faith we understand that the worlds were framed by the word of god jesus christ so that things which are seen were not made of things which do appearnow lets go the very beginning of the bible the book of genesis with the new understanding of what the word was telling us about jesus christgen 11 in the beginning god created the heaven and the earthlets apply the same word game as abovegen 11 in the beginning jesus christ created the heaven and the earthchrist clarified who he was and is to us we established the who the word  christ  god the fatherthe where with god the fatherthe when in the beginningthats why jesus christ is referred to in the book of revelation as the alpha and the omega the beginning and the end for he has always been and will always be he is the circle that connects the beginning and the end he is eternity he is the one true godin christs namecarlos,False,-0.0883156813948217,-0.0790207096044448,3.1432397,-46.756687,4.5764112,3.3460023
1733619850541425030,"Eight years ago, candidate for president Donald Trump proposed his Muslim travel ban. Like millions of Americans, I was appalled.

Shamefully, he’s now calling to “restore and expand” his ban. https://t.co/6a7x2ke8Bu",en,Tweet,1051,14911,4941,18615,6654125.0,2023-12-09 17:49:16,"<a href=""https://sproutsocial.com"" rel=""nofollow"">Sprout Social</a>",,,video,https://video.twimg.com/amplify_video/1733619786423119873/vid/avc1/1080x1350/lt3H573z4XiZvox9.mp4?tag=16,joebiden,0.0022408656284635,eight years ago candidate for president donald trump proposed his muslim travel ban like millions of americans i was appalledshamefully hes now calling to restore and expand his ban,True,-0.1810112361415009,0.0876305847015173,-53.023994,-9.781204,6.019582,1.1051046
1748382813529739293,"I announced we're investing another $82M to connect 16,000 additional homes and businesses to high-speed internet across North Carolina.

This is just one piece of a much bigger story. Under my leadership, over 40,000 infrastructure projects have been announced across our nation.",en,Tweet,153,12522,2531,5101,5764250.0,2024-01-19 11:32:00,"<a href=""https://sproutsocial.com"" rel=""nofollow"">Sprout Social</a>",,,,,joebiden,0.0021723554668864,i announced were investing another 82m to connect 16000 additional homes and businesses to highspeed internet across north carolinathis is just one piece of a much bigger story under my leadership over 40000 infrastructure projects have been announced across our nation,False,0.1999289054970177,-0.0633422669449588,28.675377,26.44676,8.407962,5.0156097
1680966931585683456,This is what investing in America looks like. https://t.co/kSAW15EE7y,en,Tweet,199,11553,1882,8935,5480746.0,2023-07-17 11:45:22,"<a href=""https://sproutsocial.com"" rel=""nofollow"">Sprout Social</a>",,,video,https://video.twimg.com/amplify_video/1680966887713255426/vid/1080x1920/hCgTEUwusrC5k3UB.mp4?tag=16,joebiden,0.002107924724116,this is what investing in america looks like,False,0.2075776438505703,-0.1686705126286403,48.511105,10.63333,9.155122,5.5855436
1650801827728986112,"Every generation has a moment where they have had to stand up for democracy. To stand up for their fundamental freedoms. I believe this is ours.

That’s why I’m running for reelection as President of the United States. Join us. Let’s finish the job. https://t.co/V9Mzpw8Sqy https://t.co/Y4NXR6B8ly",en,Tweet,1861,96856,25880,43392,45949568.0,2023-04-25 06:00:00,"<a href=""https://studio.twitter.com"" rel=""nofollow"">Twitter Media Studio</a>",,http://JoeBiden.com,video,https://video.twimg.com/amplify_video/1650798152335650816/vid/1080x1920/0me4dv6v068-j9v5.mp4?tag=16,joebiden,0.002107876182862,every generation has a moment where they have had to stand up for democracy to stand up for their fundamental freedoms i believe this is oursthats why im running for reelection as president of the united states join us lets finish the job,False,-0.1340974491755986,-0.0977319639863514,12.801241,-49.208015,5.658621,3.2309706
1674211076483710979,"Thanks guys – I think we can make it happen. 

Pitch in here before the end-of-quarter deadline: https://t.co/ZBDw4fKAA9",en,Tweet,8,2444,492,738,1173252.0,2023-06-28 20:20:00,"<a href=""https://sproutsocial.com"" rel=""nofollow"">Sprout Social</a>",,http://joe.link/3ppA5aH,,,joebiden,0.0020830989420857,thanks guys  i think we can make it happen pitch in here before the endofquarter deadline,False,-0.0552866304252645,-0.0592530432614293,20.273249,-43.125942,6.8615146,4.4331436
1656081112815345665,"Inflation is now down 40% since last summer, and it's come down the last nine months in a row. We have more work to do, but we're trending in the right direction, and we're making real progress.",en,Tweet,153,19456,3792,20501,9508031.0,2023-05-09 19:38:00,"<a href=""https://sproutsocial.com"" rel=""nofollow"">Sprout Social</a>",,,,,joebiden,0.002046270147836,inflation is now down 40 since last summer and its come down the last nine months in a row we have more work to do but were trending in the right direction and were making real progress,False,0.3496715109234945,-0.0484438212679994,86.1582,27.909857,12.254425,5.4021096
1651342890495516673,¡Terminemos lo que empezamos! Let's finish the job! https://t.co/qlVY6nAwAC,es,Retweet,7,1190,234,259,594877.0,2023-04-26 17:50:00,"<a href=""https://studio.twitter.com"" rel=""nofollow"">Twitter Media Studio</a>",,,video,https://video.twimg.com/amplify_video/1651338406939570177/vid/1080x1920/aT0bJCDdi_RAMava.mp4?tag=16,joebiden,0.0020004135308643,terminemos lo que empezamos lets finish the job,False,-0.0849080254551711,-0.1050825936216016,26.858238,-47.156494,6.21273,4.6378093
1735021800029925385,This is the Trump effect.,en,Tweet,14,2076,696,896,1057924.0,2023-12-13 14:40:06,"<a href=""https://mobile.twitter.com"" rel=""nofollow"">Twitter Web App</a>",,,,,joebiden,0.0019623337782298,this is the trump effect,True,-0.0274664386609749,0.0140766727198131,66.68947,-17.666016,10.807167,4.522932
1730247565537390998,"Let me be clear to any corporation that hasn’t brought their prices back down even as inflation has come down: It’s time to stop the price gouging.

Give American consumers a break.",en,Tweet,1139,26398,5264,19618,14270669.0,2023-11-30 10:29:00,"<a href=""https://sproutsocial.com"" rel=""nofollow"">Sprout Social</a>",,,,,joebiden,0.0018498081624624,let me be clear to any corporation that hasnt brought their prices back down even as inflation has come down its time to stop the price gouginggive american consumers a break,False,0.1578669581915216,0.1487076704417833,-3.4599056,55.91231,10.653848,2.5790565
1688221394411073536,".@USWNT, you’ve made your country proud.

Congratulations on an incredible run. This team is something special and I’m looking forward to seeing how you continue to inspire Americans with your grit and determination – on and off the field.",en,Retweet,122,31913,3351,8315,17478045.0,2023-08-06 12:12:00,"<a href=""https://www.sprinklr.com"" rel=""nofollow"">The White House</a>",,,,,joebiden,0.0018258907103168,uswnt youve made your country proudcongratulations on an incredible run this team is something special and im looking forward to seeing how you continue to inspire americans with your grit and determination  on and off the field,False,-0.1279942892075309,-0.1948249668903286,-20.167198,-43.12867,4.014344,4.1207943
1714321694901346527,"I’m traveling to Israel tomorrow to stand in solidarity in the face of Hamas’s brutal terrorist attack and to consult on next steps.

I'll then travel to Jordan to meet with leaders and address dire humanitarian needs—and make clear that Hamas does not stand for Palestinians' right to self-determination.",en,Tweet,444,30201,4695,28262,16580859.0,2023-10-17 12:45:17,"<a href=""https://mobile.twitter.com"" rel=""nofollow"">Twitter Web App</a>",,,photo,https://pbs.twimg.com/media/F8p93KxW8AAti_c.jpg,joebiden,0.0018214375986189,im traveling to israel tomorrow to stand in solidarity in the face of hamass brutal terrorist attack and to consult on next stepsill then travel to jordan to meet with leaders and address dire humanitarian needsand make clear that hamas does not stand for palestinians right to selfdetermination,False,-0.326381059088862,-0.1293916007607775,-73.04504,13.235491,0.95342135,4.354304
1759721165072035992,Swing State LIVE - The Newest Updates About The RNC - 2/19 https://t.co/Xln4a1iEZW,en,Tweet,3,141,20,4,78309.0,2024-02-19 18:26:34,"<a href=""https://studio.twitter.com"" rel=""nofollow"">Twitter Media Studio</a>",,https://twitter.com/i/broadcasts/1ypJdkPXmbaGW,,,joebiden,0.0018005593226832,swing state live  the newest updates about the rnc  219,False,-0.0948001638559767,-0.0091947684689853,33.878468,-49.414486,6.0610456,3.9633148
1759293526884688202,". @asedelson turns the tables and asks @Jason:

--- What's the ideal LP for you?
---What questions would you ask your LPs if you could?

Get the insights on LP relations here: https://t.co/dx7fEddhaR https://t.co/dmvEleNV6b",en,Tweet,2,11,1,1,6120.0,2024-02-18 14:07:17,"<a href=""https://studio.twitter.com"" rel=""nofollow"">Twitter Media Studio</a>",,https://www.youtube.com/watch?v=boNJ5mSx5u0,video,https://video.twimg.com/amplify_video/1758282623112384512/vid/avc1/720x1280/KdFTa-W49ARpYlG8.mp4?tag=14,joebiden,0.001797385620915,asedelson turns the tables and asks jason whats the ideal lp for youwhat questions would you ask your lps if you couldget the insights on lp relations here,False,-0.1123876565073221,-0.0629030282499479,41.58276,-27.371592,7.3210206,5.9516306
1653550186457645063,"America is not a deadbeat nation.

We have never, ever failed to pay our debt. But MAGA Republicans are engaged in reckless hostage-taking by threatening to force America into default. It’s dangerous and wrong.",en,Tweet,263,17913,3632,17943,10125729.0,2023-05-02 20:01:00,"<a href=""https://sproutsocial.com"" rel=""nofollow"">Sprout Social</a>",,,,,joebiden,0.0017690578130226,america is not a deadbeat nationwe have never ever failed to pay our debt but maga republicans are engaged in reckless hostagetaking by threatening to force america into default its dangerous and wrong,False,0.013997553877791,0.1692771660370156,-20.454601,40.69342,8.191144,1.2105578
1720082858180853946,"We can’t stand by while hate against Muslims, and those wrongfully perceived to be Muslim, including Arabs and Sikhs, is given oxygen.

That’s why we're developing a National Strategy to Counter Islamophobia and Related Forms of Hate. 

Silence is complicity. We won't be silent.",en,Retweet,607,23229,5188,24336,13260709.0,2023-11-02 10:18:05,"<a href=""https://mobile.twitter.com"" rel=""nofollow"">Twitter Web App</a>",,,,,joebiden,0.0017517162920926,we cant stand by while hate against muslims and those wrongfully perceived to be muslim including arabs and sikhs is given oxygenthats why were developing a national strategy to counter islamophobia and related forms of hate silence is complicity we wont be silent,False,-0.2163567587976433,-0.0175017897920985,-55.72905,-7.63496,2.5913491,3.0181363
1745108307742797876,"Folks, I have two big announcements.
 
A record-breaking 20 million Americans have enrolled in health care coverage through the ACA.
 
And you have until January 16 join them and get covered this season at https://t.co/gRX1fGFEzj. https://t.co/rAjmDDh0pC",en,Retweet,173,17040,4494,4992,9935744.0,2024-01-10 10:40:17,"<a href=""https://www.sprinklr.com"" rel=""nofollow"">The White House</a>",,http://HealthCare.gov,video,https://video.twimg.com/amplify_video/1745108238993854464/vid/avc1/1080x1920/nZBMjfvZc-UBDSh4.mp4?tag=16,joebiden,0.0017150200327222,folks i have two big announcements a recordbreaking 20 million americans have enrolled in health care coverage through the aca and you have until january 16 join them and get covered this season at,False,0.0373663044314351,0.0161246659973852,-27.057663,72.34611,10.569777,0.40575147
1679855140092739584,"NEW: Team @JoeBiden has raised over $72M.

Grassroots donors are powering our campaign, helping us build a strong foundation to win in 2024. That’s why the most impactful thing you can do right now is sign up to give a $20 recurring gift: https://t.co/pFh7VCynrb https://t.co/i5n9ZjXklC",en,Retweet,33,2816,994,815,1659350.0,2023-07-14 10:07:30,"<a href=""http://twitter.com/download/iphone"" rel=""nofollow"">Twitter for iPhone</a>",,https://secure.actblue.com/donate/social-bfp-july-2023?recurring=true&amount=20&utm_source=social_20230714_jcr_tw_1,video,https://video.twimg.com/ext_tw_video/1679854167576260608/pu/vid/720x720/ah5j8so5ET_DBxOE.mp4?tag=12,joebiden,0.0016970500497182,new team joebiden has raised over 72mgrassroots donors are powering our caign helping us build a strong foundation to win in 2024 thats why the most impactful thing you can do right now is sign up to give a 20 recurring gift,False,0.0474308433543425,-0.0433793703181299,19.40032,-58.509636,6.6293144,4.220399
1757135736309227794,It’s great to spend time with Christian and Carter and discuss their involvement in their community and schools. https://t.co/Vd3q70UriM,en,Tweet,1263,13304,2000,4728,8161290.0,2024-02-12 15:13:00,"<a href=""https://studio.twitter.com"" rel=""nofollow"">Twitter Media Studio</a>",,,video,https://video.twimg.com/amplify_video/1755603802403766273/vid/avc1/720x1280/6_JM-pudr8Pet6b1.mp4?tag=14,joebiden,0.0016301344517839,its great to spend time with christian and carter and discuss their involvement in their community and schools,False,-0.1621305353313763,-0.1520366596573539,11.466719,-13.719549,4.754237,5.1496577
1713924134885904577,We’re the most powerful nation in the history of the world. We can take care of Israel and Ukraine and still maintain our overall international defense. https://t.co/j3ajSs5sG8,en,Tweet,642,23501,4769,13263,14613684.0,2023-10-16 10:25:31,"<a href=""https://sproutsocial.com"" rel=""nofollow"">Sprout Social</a>",,,video,https://video.twimg.com/amplify_video/1713924007290892288/vid/avc1/1080x1920/Aaefslljrz5PgCzA.mp4?tag=16,joebiden,0.0016081502788756,were the most powerful nation in the history of the world we can take care of israel and ukraine and still maintain our overall international defense,False,-0.0832875438621652,-0.1601330751369919,-61.53174,17.505533,1.8484331,4.2007513
1755627934407127346,There is a bad deal in Oregon for Tribes. A thread ⬇️,en,Tweet,1,70,10,6,44029.0,2024-02-08 11:21:32,"<a href=""http://twitter.com/download/iphone"" rel=""nofollow"">Twitter for iPhone</a>",,,,,joebiden,0.0015898612278271,there is a bad deal in oregon for tribes a thread,False,-0.1070302188871096,0.0893327624343119,-1.0068685,8.035849,4.7587337,3.0485353
1729621217089323431,"Hamas unleashed a terrorist attack because they fear nothing more than Israelis and Palestinians living side by side in peace.
 
To continue down the path of terror, violence, killing, and war is to give Hamas what they seek.

We can’t do that.",en,Tweet,1112,24787,3817,22961,15682230.0,2023-11-28 17:00:07,"<a href=""https://sproutsocial.com"" rel=""nofollow"">Sprout Social</a>",,,,,joebiden,0.0015805787824818,hamas unleashed a terrorist attack because they fear nothing more than israelis and palestinians living side by side in peace to continue down the path of terror violence killing and war is to give hamas what they seekwe cant do that,False,-0.3109023456495081,-0.0187715691591795,-66.55161,8.967727,1.3415132,3.856974
1649118738120048654,I make no apologies for being the most pro-union president in American history.,en,Tweet,1544,46603,7086,23678,30635555.0,2023-04-20 14:32:00,"<a href=""https://sproutsocial.com"" rel=""nofollow"">Sprout Social</a>",,,,,joebiden,0.0015212063238286,i make no apologies for being the most prounion president in american history,False,0.0729222195874294,-0.0832824138613043,22.783083,-13.501383,7.574887,7.293888
1759585029603160345,"THIS FRIDAY, my remix to Drake feat. Future - “N 2 Deep” is dropping, 02/23/24. Stay tuned‼️🔥🔥🔥 #LyricVideo #CertifiedLoverBoy #NowPlaying #Music #NewMusic #ComingSoon #Artwork #Artist #HipHop #Rock #Rap #Music #Producer #SongWriter #OTW https://t.co/b2zdd36vOI",en,Tweet,6,29,0,1,20176.0,2024-02-19 09:25:37,"<a href=""http://twitter.com/download/iphone"" rel=""nofollow"">Twitter for iPhone</a>","#LyricVideo,#CertifiedLoverBoy,#NowPlaying,#Music,#NewMusic,#ComingSoon,#Artwork,#Artist,#HipHop,#Rock,#Rap,#Music,#Producer,#SongWriter,#OTW",,video,https://video.twimg.com/amplify_video/1759584938205093888/vid/avc1/1280x720/Z-kY5Rf42FhWD0Ty.mp4?tag=14,joebiden,0.0014373513084853,this friday my remix to drake feat future  n 2 deep is dropping 022324 stay tuned lyricvideo certifiedloverboy nowplaying music newmusic comingsoon artwork artist hiphop rock rap music producer songwriter otw,False,-0.1011375153292146,-0.0731404610685188,35.65366,-49.172535,6.398112,5.1608624
1658933179405705216,"We had a productive meeting with congressional leaders yesterday. 

I'm confident that we'll get to an agreement on the budget, and America will not default. Every leader in the room understands the consequences if we fail to pay our bills. https://t.co/hw7RW7Aeu8",en,Tweet,21,3862,597,1090,2696893.0,2023-05-17 16:31:06,"<a href=""https://sproutsocial.com"" rel=""nofollow"">Sprout Social</a>",,,photo,https://pbs.twimg.com/media/FwW26wWXwAEz3Ua.jpg,joebiden,0.0014320182521145,we had a productive meeting with congressional leaders yesterday im confident that well get to an agreement on the budget and america will not default every leader in the room understands the consequences if we fail to pay our bills,False,0.0259784640504423,0.0245613764632919,-39.964397,30.634138,7.6996355,0.2775273
1758992288389513622,"Conviction takes time to build in venture

@jason and @asedelson discuss how to tell when you've backed a winner

Check out the full episode here: https://t.co/dx7fEddhaR https://t.co/NlRgQG8cUn",en,Tweet,2,7,2,2,5889.0,2024-02-17 18:10:16,"<a href=""https://studio.twitter.com"" rel=""nofollow"">Twitter Media Studio</a>",,https://www.youtube.com/watch?v=boNJ5mSx5u0,video,https://video.twimg.com/amplify_video/1758279132365180928/vid/avc1/1080x1920/X4DuVMkx7UlrS0rP.mp4?tag=16,joebiden,0.0011886568177958,conviction takes time to build in venturejason and asedelson discuss how to tell when youve backed a winnercheck out the full episode here,False,-0.1024978235194316,-0.1376373993685237,41.08907,-26.657383,7.355635,5.9667
1724556567415046278,"As of today, we’ve helped 22 children undergoing cancer treatment in Gaza travel to continue treatment, and we’ll continue facilitating care for more children outside of Gaza.

This wouldn't have been possible without coordination between the U.S., regional partners, and @StJude.",en,Retweet,402,17652,3533,16954,15142504.0,2023-11-14 17:35:01,"<a href=""https://www.sprinklr.com"" rel=""nofollow"">The White House</a>",,,,,joebiden,0.0011657252988013,as of today weve helped 22 children undergoing cancer treatment in gaza travel to continue treatment and well continue facilitating care for more children outside of gazathis wouldnt have been possible without coordination between the us regional partners and stjude,False,-0.2015347894827781,-0.1011891838196579,-88.40104,7.1107197,0.6532199,4.987044
1719478878035497245,"Yesterday saw the largest delivery of life-saving humanitarian assistance into Gaza so far, and more trucks are being cleared to enter today.

But many more are needed.

I'm not done pushing for more aid and will continue to support safe passage for Gaza civilians seeking safety.",en,Retweet,402,18300,3601,22992,15941562.0,2023-10-31 18:18:05,"<a href=""https://www.sprinklr.com"" rel=""nofollow"">The White House</a>",,,,,joebiden,0.001147942717282,yesterday saw the largest delivery of lifesaving humanitarian assistance into gaza so far and more trucks are being cleared to enter todaybut many more are neededim not done pushing for more aid and will continue to support safe passage for gaza civilians seeking safety,False,-0.2100088476745545,-0.0621368161132258,-83.653366,13.188645,0.49514455,4.6956434
1706756785380450421,"Record corporate profits should mean record contracts.

It's time American autoworkers got a fair deal. https://t.co/DN2IMbcuuh",en,Retweet,130,23653,4594,3298,23594704.0,2023-09-26 15:45:02,"<a href=""https://www.sprinklr.com"" rel=""nofollow"">The White House</a>",,,photo,https://pbs.twimg.com/media/F6-eP32W8AAJS7H.jpg,joebiden,0.0010024707239387,record corporate profits should mean record contractsits time american autoworkers got a fair deal,False,0.1759114274798315,0.021042031359162,34.237804,-9.043041,8.116566,7.4677606
1757064405131448635,"Today, Tribal leaders from across   the country are gathering in DC at the @NCAI1944’s Executive Council Winter  Session.

We call on @AsstSecNewland, the @Interior and @USIndianAffairs to protect Tribal integrity  and keep our homelands safe.

#NCAIECWS24 @NCAI1944 https://t.co/r8yDTi5hwQ",en,Tweet,3,100,22,2,116228.0,2024-02-12 10:29:33,"<a href=""https://mobile.twitter.com"" rel=""nofollow"">Twitter Web App</a>",#NCAIECWS24,,photo,https://pbs.twimg.com/media/GGJYwD-WUAAjx_Z.jpg,joebiden,0.000860377877964,today tribal leaders from across   the country are gathering in dc at the ncai1944s executive council winter  sessionwe call on asstsecnewland the interior and usindianaffairs to protect tribal integrity  and keep our homelands safencaiecws24 ncai1944,False,-0.1788914059407429,0.0084879747271012,-2.2279837,7.215071,4.66086,3.038273
1755243087444705449,https://t.co/ymGEyg99bB,zxx,Tweet,44,147,16,4,200728.0,2024-02-07 09:52:17,"<a href=""https://mobile.twitter.com"" rel=""nofollow"">Twitter Web App</a>",,,video,https://video.twimg.com/ext_tw_video/1755242970851463168/pu/vid/avc1/1280x720/Ncv8LADeiLc1kRGF.mp4?tag=12,joebiden,0.0007323343031365,,False,-0.1198788872030404,-0.1179336501620362,47.40273,-47.232758,6.3770638,5.7222123
1760033835373170895,"The #StockMarket had only its second decline in the last 16 weeks. #Earnings season is winding down and #inflation is rearing its head again. 

Does the #AI boom need to take a breather? 

$SMCI $NVDA #FederalReserve

https://t.co/vEnVs69CVa",en,Tweet,0,3,0,0,5065.0,2024-02-20 15:09:00,"<a href=""https://sproutsocial.com"" rel=""nofollow"">Sprout Social</a>","#StockMarket,#Earnings,#inflation,#AI,#FederalReserve",https://bit.ly/3UN8g9z,,,joebiden,0.0005923000987166,the stockmarket had only its second decline in the last 16 weeks earnings season is winding down and inflation is rearing its head again does the ai boom need to take a breather smci nvda federalreserve,False,0.1623918335539375,-0.0156115747218015,63.190876,-30.931044,11.97263,5.3996954
1755298558448726250,"GI-JOHNS Premium Restrooms Rental, Elevate events with hands-free flushing, interior handwashing, and LED lighting. Redefine portable sanitation for comfort and convenience in every unit! https://t.co/iyKtiV80TX",en,Tweet,16,151,28,7,284250.0,2024-02-07 13:32:42,"<a href=""https://help.twitter.com/en/using-twitter/how-to-tweet#source-labels"" rel=""nofollow"">simpleads-ui</a>",,,photo,https://pbs.twimg.com/media/GFwSHH4XsAAXdY9.jpg,joebiden,0.0005312225153913,gijohns premium restrooms rental elevate events with handsfree flushing interior handwashing and led lighting redefine portable sanitation for comfort and convenience in every unit,False,-0.0580191979611372,-0.0713434144824615,22.400015,20.742895,7.467027,5.140832
1759976384275849485,"WATCH

He’s driven forward 10x production growth through the 2000’s.

And engineered at the time the largest merger in gold industry history…

As the mastermind behind Gold Royalty Corp (GROY: NYSE)

 @DG_Garofalo is on the cusp of something special https://t.co/9F0G6M4Z66",en,Tweet,16,48,6,4,119103.0,2024-02-20 11:20:43,"<a href=""https://mobile.twitter.com"" rel=""nofollow"">Twitter Web App</a>",,,video,https://video.twimg.com/amplify_video/1759971373605126144/vid/avc1/1280x720/W2Trm4_rbGnajUKu.mp4?tag=14,joebiden,0.0004030125185763,watchhes driven forward 10x production growth through the 2000sand engineered at the time the largest merger in gold industry historyas the mastermind behindgold royalty corp groy nyse dggarofalo is on the cusp of something special,False,0.005988922450244,-0.099906567446337,43.32887,-28.467434,7.34181,5.662095
1760029398449951200,". @Jason asks @rahoolsidoo about fundraising for @flyaerodome

The early days were a slog, but now Tier 1 VCs are knocking down the door to invest 

Shout out to @a16z, @AlexIskold, and others for seeing the potential! https://t.co/hV5cehcV2O",en,Tweet,0,3,2,5,8062.0,2024-02-20 14:51:23,"<a href=""https://studio.twitter.com"" rel=""nofollow"">Twitter Media Studio</a>",,,video,https://video.twimg.com/amplify_video/1760027503853502464/vid/avc1/1080x1920/bmelAUaZm9KoYYog.mp4?tag=16,joebiden,0.0003721161002232,jason asks rahoolsidoo about fundraising for flyaerodomethe early days were a slog but now tier 1 vcs are knocking down the door to invest shout out to a16z alexiskold and others for seeing the potential,False,-0.0150974896870473,-0.1199957168374616,41.621708,-24.574678,7.2325745,6.012059
1759603820915826953,"🗨️ ""We're allowing digital things to come into our world and explore..."" - @Broodsugar on The AR Show.

🎙️Check out the clip below 👇 and hit the link in the next tweet for the full show! 🎧 https://t.co/Tjdnbfj5xr",en,Tweet,2,7,2,1,20017.0,2024-02-19 10:40:17,"<a href=""https://mobile.twitter.com"" rel=""nofollow"">Twitter Web App</a>",,,video,https://video.twimg.com/ext_tw_video/1759603022567792640/pu/vid/avc1/1280x720/eyXB8lAZXzQ_ZNSf.mp4?tag=12,joebiden,0.0003497027526602,were allowing digital things to come into our world and explore  broodsugar on the ar showcheck out the clip below  and hit the link in the next tweet for the full show,False,-0.0935535149015214,-0.1423240790140182,39.50971,-33.510567,6.3388333,5.475699
1758234847238124028,"Next time a Kiwi asks if you want a “bear”, you’ll know what we mean. Cheers 🍻

#AtoNZ #IfYouSeekNZ
@HallertauBeer
📍 Auckland https://t.co/owSLkEUJID",en,Tweet,27,355,38,62,1105421.0,2024-02-15 16:00:28,"<a href=""https://sproutsocial.com"" rel=""nofollow"">Sprout Social</a>","#AtoNZ,#IfYouSeekNZ",,video,https://video.twimg.com/amplify_video/1758234761565220864/vid/avc1/1080x1920/pimP7niztAdDZb5J.mp4?tag=16,joebiden,0.0003211446136811,next time a kiwi asks if you want a bear youll know what we mean cheers atonz ifyouseeknzhallertaubeer auckland,False,-0.1532924643419192,-0.1671704549182592,13.985606,14.0690565,6.308412,5.0227056
1758977362107207872,"VC legend @msuster unveils his strategy on DPI 

@Samirkaji delves into the scarcity of secondary liquidity - a missed opportunity for cashing in

📉 2022's market downturns challenge even elite investors

Check out the full episode here: https://t.co/KO7Qr4UbUw https://t.co/oIU92UJHcJ",en,Tweet,12,38,3,1,137003.0,2024-02-17 17:10:58,"<a href=""https://studio.twitter.com"" rel=""nofollow"">Twitter Media Studio</a>",,https://www.youtube.com/watch?v=8OVTwA0vl2c,video,https://video.twimg.com/amplify_video/1758907267603431424/vid/avc1/1080x1920/apqIYwrV5utfuK_a.mp4?tag=16,joebiden,0.0002773661890615,vc legend msuster unveils his strategy on dpi samirkaji delves into the scarcity of secondary liquidity  a missed opportunity for cashing in 2022s market downturns challenge even elite investorscheck out the full episode here,False,-0.0025740547666841,-0.0228780292890341,42.898422,-27.335968,7.4504313,5.831517
1754709193880219970,"Why eat vegetables when you can eat festivals?

Tastes “just like a peach”...

A metaphor for something sweet...

We have the power to assign any meaning to anything...

Any word, any taste, any sense, any principle!

This shapes our reality.  Think peach! https://t.co/biqpX5xPnF",en,Reply,54,316,15,73,1551912.0,2024-02-05 22:30:47,"<a href=""https://mobile.twitter.com"" rel=""nofollow"">Twitter Web App</a>",,,video,https://video.twimg.com/ext_tw_video/1754709028922347520/pu/vid/avc1/720x720/5M7qe2PTmrUVDazb.mp4?tag=12,joebiden,0.0002036197928748,why eat vegetables when you can eat festivalstastes just like a peacha metaphor for something sweetwe have the power to assign any meaning to anythingany word any taste any sense any principlethis shapes our reality  think peach,False,-0.1006229776731005,-0.0995184292889823,-28.296314,-15.399053,4.250941,3.8697257
1758548117849260342,"We recently collaborated with Jacob Felländer to deliver an art exhibition for the Ctrl+Rights event in Stockholm, organized by The Prince Couple's Foundation, with a mission to advance children's rights in a digital future. 

The theme of the event was anti-online bullying and the digital safety of children. Together with Jacob Felländer, we created a digital #AR layer to accompany his art exhibition. 

#CtrlRights #ARart #sharedAR",en,Tweet,1,14,0,0,71891.0,2024-02-16 12:45:18,"<a href=""https://mobile.twitter.com"" rel=""nofollow"">Twitter Web App</a>",,,video,https://video.twimg.com/ext_tw_video/1758545479846055936/pu/vid/avc1/1280x720/_4Z4PEhucHhOGRnr.mp4?tag=12,joebiden,0.0001947392580434,we recently collaborated with jacob fellnder to deliver an art exhibition for the ctrlrights event in stockholm organized by the prince couples foundation with a mission to advance childrens rights in a digital future the theme of the event was antionline bullying and the digital safety of children together with jacob fellnder we created a digital ar layer to accompany his art exhibition ctrlrights arart sharedar,False,-0.1703391072782446,-0.0649783147943225,39.47069,-33.553635,5.342403,4.831077
1754364098735657185,"Hate always comes from below… 

Never from above.

Any hate comments here from Titans?

Any hate comments from losers?

See “steroids” below.

Reframe & retrain your default mode:

Whatever happens…

Good, bad, indifferent — it's all GOOD!

P.S. It was 11K/month for steroids!",en,Reply,304,824,59,229,4274443.0,2024-02-04 23:39:30,"<a href=""https://mobile.twitter.com"" rel=""nofollow"">Twitter Web App</a>",,,video,https://video.twimg.com/ext_tw_video/1754363844829356032/pu/vid/avc1/600x600/Nk8UDO1ClZrQPFhz.mp4?tag=12,joebiden,0.0001927736549534,hate always comes from below never from aboveany hate comments here from titansany hate comments from loserssee steroids belowreframe  retrain your default modewhatever happensgood bad indifferent  its all goodps it was 11kmonth for steroids,False,-0.0699978216511334,0.0225465553282623,-45.416027,-7.610946,2.853415,2.8648512
1758227358203396393,"Understanding Macroeconomics is key, especially as we watch the current leaders make way for the next generation. They're gonna be all about changes, like embracing #bitcoin. 

Don't be the last to catch on. Get ahead now, or you'll be playing catch-up with the new generation.

#BitcoinETF #FinanceDaily  #Finance",en,Tweet,40,260,8,28,1613322.0,2024-02-15 15:30:43,"<a href=""https://mobile.twitter.com"" rel=""nofollow"">Twitter Web App</a>",#bitcoin,,photo,https://pbs.twimg.com/media/GGZ6G79WIAAn_wY.jpg,joebiden,0.0001611581568961,understanding macroeconomics is key especially as we watch the current leaders make way for the next generation theyre gonna be all about changes like embracing bitcoin dont be the last to catch on get ahead now or youll be playing catchup with the new generationbitcoinetf financedaily  finance,False,0.0659976284046487,-0.0507970820085507,45.670864,-27.015528,7.7176666,5.5682073
1759346671815930148,"Despite the downturn, 43-year veteran VC firm IVP shows confidence by targeting $1.3B-$1.5B for their 18th fund, though it's smaller than their last $1.8B fund

@msuster, @Samirkaji, @jason, and @dweisburd share their thoughts on fundraising now - early stage vs later stage https://t.co/j8scyqp2YZ",en,Tweet,9,33,3,2,250213.0,2024-02-18 17:38:28,"<a href=""https://studio.twitter.com"" rel=""nofollow"">Twitter Media Studio</a>",,,video,https://video.twimg.com/amplify_video/1758670439600230401/vid/avc1/1080x1920/QzQk4IXbW2dG3jyB.mp4?tag=16,joebiden,0.0001318876317377,despite the downturn 43year veteran vc firm ivp shows confidence by targeting 13b15b for their 18th fund though its smaller than their last 18b fundmsuster samirkaji jason and dweisburd share their thoughts on fundraising now  early stage vs later stage,False,-0.0104168485430929,-0.0331357143418703,42.189053,-25.646996,7.3791256,5.901985
1758409912248336653,"Meet our incredible lineup of leaders across #finance, policy, innovation, government, and #business who will address humanity's core priorities and confront global challenges at the 2nd edition of #FIIPRIORITY #Miami. Be a part of the movement: https://t.co/aSKJZkgDFC https://t.co/b6GzFLgZd1",en,Tweet,1,56,4,3,681866.0,2024-02-16 03:36:07,"<a href=""https://mobile.twitter.com"" rel=""nofollow"">Twitter Web App</a>","#finance,#business,#FIIPRIORITY,#Miami",https://bit.ly/FIIP2_Miami,photo,https://pbs.twimg.com/media/GGcdZGTWIAA9GBx.jpg,joebiden,8.21275734528485e-05,meet our incredible lineup of leaders across finance policy innovation government and business who will address humanitys core priorities and confront global challenges at the 2nd edition of fiipriority miami be a part of the movement,False,-0.0392493284663211,-0.1000956862819123,13.914231,3.4965878,5.2342663,4.2848973
